2026-04-09 22:46:32,756 - __main__ - INFO - ==================================================
2026-04-09 22:46:32,757 - __main__ - INFO - Animal Collision Avoidance System Initializing
2026-04-09 22:46:32,757 - __main__ - INFO - ==================================================
2026-04-09 22:46:32,757 - __main__ - INFO - Loading model: C:\Users\sures\OneDrive - ELCOT\Desktop\New folder\models\yolov8n.pt
2026-04-09 22:46:32,757 - models.detector - INFO - Using device: cpu
2026-04-09 22:46:54,863 - models.detector - INFO - Model loaded from C:\Users\sures\OneDrive - ELCOT\Desktop\New folder\models\yolov8n.pt
2026-04-09 22:46:54,864 - utils.speed_monitor - INFO - Speed monitor initialized: source=simulation, default=30.0 km/h
2026-04-09 22:46:54,880 - utils.data_logger - INFO - Data logger initialized: session=20260409_224654
2026-04-09 22:46:54,940 - __main__ - INFO - Video output: C:\Users\sures\OneDrive - ELCOT\Desktop\New folder\data\output_videos\output_20260409_224654.mp4
2026-04-09 22:46:54,941 - __main__ - INFO - System initialization complete
2026-04-09 22:46:54,953 - __main__ - INFO - System started with source: C:\Users\sures\OneDrive - ELCOT\Desktop\WhatsApp Video 2026-04-09 at 10.30.10 PM.mp4
2026-04-09 22:46:54,953 - __main__ - INFO - Resolution: 640x480
2026-04-09 22:46:54,953 - __main__ - INFO - Press 'q' to quit, 'p' to pause, '+/-' to adjust speed
2026-04-09 22:46:58,130 - utils.alert_system - INFO - Alert cleared
2026-04-09 22:46:58,132 - __main__ - ERROR - Error in main loop: float division by zero
Traceback (most recent call last):
  File "C:\Users\sures\OneDrive - ELCOT\Desktop\New folder\main.py", line 169, in start
    self._main_loop()
  File "C:\Users\sures\OneDrive - ELCOT\Desktop\New folder\main.py", line 185, in _main_loop
    processed_frame = self.process_frame(frame)
                      ^^^^^^^^^^^^^^^^^^^^^^^^^
  File "C:\Users\sures\OneDrive - ELCOT\Desktop\New folder\main.py", line 291, in process_frame
    self.data_logger.update_statistics(self.frame_count, current_speed)
  File "C:\Users\sures\OneDrive - ELCOT\Desktop\New folder\utils\data_logger.py", line 140, in update_statistics
    self.statistics['average_speed'] = old_avg + (speed - old_avg) / n
                                                 ~~~~~~~~~~~~~~~~^~~~~
ZeroDivisionError: float division by zero
2026-04-09 22:46:58,132 - __main__ - INFO - Cleaning up...
2026-04-09 22:46:58,132 - utils.alert_system - INFO - Alert cleared
2026-04-09 22:46:58,132 - utils.alert_system - INFO - Alert system cleaned up
2026-04-09 22:46:58,132 - utils.speed_monitor - INFO - Stopped speed monitoring
2026-04-09 22:46:58,132 - __main__ - INFO - Session Summary:
2026-04-09 22:46:58,132 - __main__ - INFO -   session_id: 20260409_224654
2026-04-09 22:46:58,132 - __main__ - INFO -   duration: 3.251577377319336
2026-04-09 22:46:58,132 - __main__ - INFO -   total_frames: 0
2026-04-09 22:46:58,132 - __main__ - INFO -   total_detections: 0
2026-04-09 22:46:58,132 - __main__ - INFO -   alerts_triggered: 0
2026-04-09 22:46:58,132 - __main__ - INFO -   average_speed: 0
2026-04-09 22:46:58,140 - __main__ - INFO -   top_detected: []
2026-04-09 22:46:58,141 - utils.data_logger - INFO - Session saved: 20260409_224654
2026-04-09 22:46:58,141 - utils.data_logger - INFO -   Frames: 0
2026-04-09 22:46:58,143 - utils.data_logger - INFO -   Detections: 0
2026-04-09 22:46:58,143 - utils.data_logger - INFO -   Alerts: 0
2026-04-09 22:46:58,145 - __main__ - INFO - Cleanup complete
2026-04-09 23:00:09,107 - __main__ - INFO - ==================================================
2026-04-09 23:00:09,107 - __main__ - INFO - Animal Collision Avoidance System Initializing
2026-04-09 23:00:09,107 - __main__ - INFO - ==================================================
2026-04-09 23:00:09,107 - __main__ - INFO - Loading model: C:\Users\sures\OneDrive - ELCOT\Desktop\New folder\models\yolov8n.pt
2026-04-09 23:00:09,108 - models.detector - INFO - Using device: cpu
2026-04-09 23:00:09,216 - models.detector - INFO - Model loaded from C:\Users\sures\OneDrive - ELCOT\Desktop\New folder\models\yolov8n.pt
2026-04-09 23:00:09,217 - utils.speed_monitor - INFO - Speed monitor initialized: source=simulation, default=30.0 km/h
2026-04-09 23:00:09,218 - utils.data_logger - INFO - Data logger initialized: session=20260409_230009
2026-04-09 23:00:09,236 - __main__ - INFO - Video output: C:\Users\sures\OneDrive - ELCOT\Desktop\New folder\data\output_videos\output_20260409_230009.mp4
2026-04-09 23:00:09,237 - __main__ - INFO - System initialization complete
2026-04-09 23:00:09,249 - __main__ - INFO - System started with source: C:\Users\sures\OneDrive - ELCOT\Desktop\WhatsApp Video 2026-04-09 at 10.30.10 PM.mp4
2026-04-09 23:00:09,250 - __main__ - INFO - Resolution: 624x352
2026-04-09 23:00:09,250 - __main__ - INFO - Video FPS: 30.00
2026-04-09 23:00:09,250 - __main__ - INFO - Press 'q' to quit, 'p' to pause, '+/-' to adjust speed
2026-04-09 23:00:09,250 - __main__ - INFO - Press 's' to save screenshot, 'r' to reset stats
2026-04-09 23:00:11,089 - utils.alert_system - INFO - Alert cleared
2026-04-09 23:00:11,248 - utils.alert_system - INFO - Alert cleared
2026-04-09 23:00:11,318 - utils.alert_system - INFO - Alert cleared
2026-04-09 23:00:11,382 - utils.alert_system - INFO - Alert cleared
2026-04-09 23:00:11,445 - utils.alert_system - INFO - Alert cleared
2026-04-09 23:00:11,508 - utils.alert_system - INFO - Alert cleared
2026-04-09 23:00:11,574 - utils.alert_system - INFO - Alert cleared
2026-04-09 23:00:11,646 - utils.alert_system - INFO - Alert cleared
2026-04-09 23:00:11,695 - utils.alert_system - INFO - Alert cleared
2026-04-09 23:00:11,765 - utils.alert_system - INFO - Alert cleared
2026-04-09 23:00:11,813 - utils.alert_system - INFO - Alert cleared
2026-04-09 23:00:11,878 - utils.alert_system - INFO - Alert cleared
2026-04-09 23:00:11,941 - utils.alert_system - INFO - Alert cleared
2026-04-09 23:00:12,009 - utils.alert_system - INFO - Alert cleared
2026-04-09 23:00:12,075 - utils.alert_system - INFO - Alert cleared
2026-04-09 23:00:12,148 - utils.alert_system - INFO - Alert cleared
2026-04-09 23:00:12,242 - utils.alert_system - INFO - Alert cleared
2026-04-09 23:00:12,303 - utils.alert_system - INFO - Alert cleared
2026-04-09 23:00:12,364 - utils.alert_system - INFO - Alert cleared
2026-04-09 23:00:12,435 - utils.alert_system - INFO - Alert cleared
2026-04-09 23:00:12,475 - utils.alert_system - INFO - Alert cleared
2026-04-09 23:00:12,542 - utils.alert_system - INFO - Alert cleared
2026-04-09 23:00:12,595 - utils.alert_system - INFO - Alert cleared
2026-04-09 23:00:12,677 - utils.alert_system - INFO - Alert cleared
2026-04-09 23:00:12,733 - utils.alert_system - INFO - Alert cleared
2026-04-09 23:00:12,795 - utils.alert_system - INFO - Alert cleared
2026-04-09 23:00:12,859 - utils.alert_system - INFO - Alert cleared
2026-04-09 23:00:12,916 - utils.alert_system - INFO - Alert cleared
2026-04-09 23:00:12,981 - utils.alert_system - INFO - Alert cleared
2026-04-09 23:00:13,064 - utils.alert_system - INFO - Alert cleared
2026-04-09 23:00:13,123 - utils.alert_system - INFO - Alert cleared
2026-04-09 23:00:13,205 - utils.alert_system - INFO - Alert cleared
2026-04-09 23:00:13,267 - utils.alert_system - INFO - Alert cleared
2026-04-09 23:00:13,340 - utils.alert_system - INFO - Alert cleared
2026-04-09 23:00:13,392 - utils.alert_system - INFO - Alert cleared
2026-04-09 23:00:13,463 - utils.alert_system - INFO - Alert cleared
2026-04-09 23:00:13,525 - utils.alert_system - INFO - Alert cleared
2026-04-09 23:00:13,591 - utils.alert_system - INFO - Alert cleared
2026-04-09 23:00:13,664 - utils.alert_system - INFO - Alert cleared
2026-04-09 23:00:13,730 - utils.alert_system - INFO - Alert cleared
2026-04-09 23:00:13,779 - utils.alert_system - INFO - Alert cleared
2026-04-09 23:00:13,841 - utils.alert_system - INFO - Alert cleared
2026-04-09 23:00:13,911 - utils.alert_system - INFO - Alert cleared
2026-04-09 23:00:13,978 - utils.alert_system - INFO - Alert cleared
2026-04-09 23:00:14,026 - utils.alert_system - INFO - Alert cleared
2026-04-09 23:00:14,108 - utils.alert_system - INFO - Alert cleared
2026-04-09 23:00:14,172 - utils.alert_system - INFO - Alert cleared
2026-04-09 23:00:14,223 - utils.alert_system - INFO - Alert cleared
2026-04-09 23:00:14,295 - utils.alert_system - INFO - Alert cleared
2026-04-09 23:00:14,362 - utils.alert_system - INFO - Alert cleared
2026-04-09 23:00:14,425 - utils.alert_system - INFO - Alert cleared
2026-04-09 23:00:14,481 - utils.alert_system - INFO - Alert cleared
2026-04-09 23:00:14,549 - utils.alert_system - INFO - Alert cleared
2026-04-09 23:00:14,606 - utils.alert_system - INFO - Alert cleared
2026-04-09 23:00:14,672 - utils.alert_system - INFO - Alert cleared
2026-04-09 23:00:14,736 - utils.alert_system - INFO - Alert cleared
2026-04-09 23:00:14,802 - utils.alert_system - INFO - Alert cleared
2026-04-09 23:00:14,865 - utils.alert_system - INFO - Alert cleared
2026-04-09 23:00:14,924 - utils.alert_system - INFO - Alert cleared
2026-04-09 23:00:14,982 - utils.alert_system - INFO - Alert cleared
2026-04-09 23:00:15,051 - utils.alert_system - INFO - Alert cleared
2026-04-09 23:00:15,110 - utils.alert_system - INFO - Alert cleared
2026-04-09 23:00:15,176 - utils.alert_system - INFO - Alert cleared
2026-04-09 23:00:15,231 - utils.alert_system - INFO - Alert cleared
2026-04-09 23:00:15,301 - utils.alert_system - INFO - Alert cleared
2026-04-09 23:00:15,362 - utils.alert_system - INFO - Alert cleared
2026-04-09 23:00:15,424 - utils.alert_system - INFO - Alert cleared
2026-04-09 23:00:15,489 - utils.alert_system - INFO - Alert cleared
2026-04-09 23:00:15,556 - utils.alert_system - INFO - Alert cleared
2026-04-09 23:00:15,618 - utils.alert_system - INFO - Alert cleared
2026-04-09 23:00:15,683 - utils.alert_system - INFO - Alert cleared
2026-04-09 23:00:15,744 - utils.alert_system - INFO - Alert cleared
2026-04-09 23:00:15,809 - utils.alert_system - INFO - Alert cleared
2026-04-09 23:00:15,872 - utils.alert_system - INFO - Alert cleared
2026-04-09 23:00:15,933 - utils.alert_system - INFO - Alert cleared
2026-04-09 23:00:15,999 - utils.alert_system - INFO - Alert cleared
2026-04-09 23:00:16,063 - utils.alert_system - INFO - Alert cleared
2026-04-09 23:00:16,126 - utils.alert_system - INFO - Alert cleared
2026-04-09 23:00:16,190 - utils.alert_system - INFO - Alert cleared
2026-04-09 23:00:16,251 - utils.alert_system - INFO - Alert cleared
2026-04-09 23:00:16,317 - utils.alert_system - INFO - Alert cleared
2026-04-09 23:00:16,376 - utils.alert_system - INFO - Alert cleared
2026-04-09 23:00:16,440 - utils.alert_system - INFO - Alert cleared
2026-04-09 23:00:16,504 - utils.alert_system - INFO - Alert cleared
2026-04-09 23:00:16,566 - utils.alert_system - INFO - Alert cleared
2026-04-09 23:00:16,632 - utils.alert_system - INFO - Alert cleared
2026-04-09 23:00:16,695 - utils.alert_system - INFO - Alert cleared
2026-04-09 23:00:16,759 - utils.alert_system - INFO - Alert cleared
2026-04-09 23:00:16,821 - utils.alert_system - INFO - Alert cleared
2026-04-09 23:00:16,883 - utils.alert_system - INFO - Alert cleared
2026-04-09 23:00:16,948 - utils.alert_system - INFO - Alert cleared
2026-04-09 23:00:17,010 - utils.alert_system - INFO - Alert cleared
2026-04-09 23:00:17,075 - utils.alert_system - INFO - Alert cleared
2026-04-09 23:00:17,138 - utils.alert_system - INFO - Alert cleared
2026-04-09 23:00:17,203 - utils.alert_system - INFO - Alert cleared
2026-04-09 23:00:17,268 - utils.alert_system - INFO - Alert cleared
2026-04-09 23:00:17,328 - utils.alert_system - INFO - Alert cleared
2026-04-09 23:00:17,389 - utils.alert_system - INFO - Alert cleared
2026-04-09 23:00:17,458 - utils.alert_system - INFO - Alert cleared
2026-04-09 23:00:17,516 - utils.alert_system - INFO - Alert cleared
2026-04-09 23:00:17,580 - utils.alert_system - INFO - Alert cleared
2026-04-09 23:00:17,649 - utils.alert_system - INFO - Alert cleared
2026-04-09 23:00:17,727 - utils.alert_system - INFO - Alert cleared
2026-04-09 23:00:17,787 - utils.alert_system - INFO - Alert cleared
2026-04-09 23:00:17,853 - utils.alert_system - INFO - Alert cleared
2026-04-09 23:00:17,912 - utils.alert_system - INFO - Alert cleared
2026-04-09 23:00:17,979 - utils.alert_system - INFO - Alert cleared
2026-04-09 23:00:18,041 - utils.alert_system - INFO - Alert cleared
2026-04-09 23:00:18,107 - utils.alert_system - INFO - Alert cleared
2026-04-09 23:00:18,166 - utils.alert_system - INFO - Alert cleared
2026-04-09 23:00:18,231 - utils.alert_system - INFO - Alert cleared
2026-04-09 23:00:18,298 - utils.alert_system - INFO - Alert cleared
2026-04-09 23:00:18,359 - utils.alert_system - INFO - Alert cleared
2026-04-09 23:00:18,420 - utils.alert_system - INFO - Alert cleared
2026-04-09 23:00:18,486 - utils.alert_system - INFO - Alert cleared
2026-04-09 23:00:18,550 - utils.alert_system - INFO - Alert cleared
2026-04-09 23:00:18,613 - utils.alert_system - INFO - Alert cleared
2026-04-09 23:00:18,679 - utils.alert_system - INFO - Alert cleared
2026-04-09 23:00:18,739 - utils.alert_system - INFO - Alert cleared
2026-04-09 23:00:18,804 - utils.alert_system - INFO - Alert cleared
2026-04-09 23:00:18,867 - utils.alert_system - INFO - Alert cleared
2026-04-09 23:00:18,929 - utils.alert_system - INFO - Alert cleared
2026-04-09 23:00:18,992 - utils.alert_system - INFO - Alert cleared
2026-04-09 23:00:19,059 - utils.alert_system - INFO - Alert cleared
2026-04-09 23:00:19,120 - utils.alert_system - INFO - Alert cleared
2026-04-09 23:00:19,185 - utils.alert_system - INFO - Alert cleared
2026-04-09 23:00:19,247 - utils.alert_system - INFO - Alert cleared
2026-04-09 23:00:19,310 - utils.alert_system - INFO - Alert cleared
2026-04-09 23:00:19,372 - utils.alert_system - INFO - Alert cleared
2026-04-09 23:00:19,433 - utils.alert_system - INFO - Alert cleared
2026-04-09 23:00:19,497 - utils.alert_system - INFO - Alert cleared
2026-04-09 23:00:19,562 - utils.alert_system - INFO - Alert cleared
2026-04-09 23:00:19,629 - utils.alert_system - INFO - Alert cleared
2026-04-09 23:00:19,694 - utils.alert_system - INFO - Alert cleared
2026-04-09 23:00:19,757 - utils.alert_system - INFO - Alert cleared
2026-04-09 23:00:19,815 - utils.alert_system - INFO - Alert cleared
2026-04-09 23:00:19,881 - utils.alert_system - INFO - Alert cleared
2026-04-09 23:00:19,945 - utils.alert_system - INFO - Alert cleared
2026-04-09 23:00:20,008 - utils.alert_system - INFO - Alert cleared
2026-04-09 23:00:20,072 - utils.alert_system - INFO - Alert cleared
2026-04-09 23:00:20,132 - utils.alert_system - INFO - Alert cleared
2026-04-09 23:00:20,194 - utils.alert_system - INFO - Alert cleared
2026-04-09 23:00:20,259 - utils.alert_system - INFO - Alert cleared
2026-04-09 23:00:20,334 - utils.alert_system - INFO - Alert cleared
2026-04-09 23:00:20,383 - utils.alert_system - INFO - Alert cleared
2026-04-09 23:00:20,456 - utils.alert_system - INFO - Alert cleared
2026-04-09 23:00:20,520 - utils.alert_system - INFO - Alert cleared
2026-04-09 23:00:20,573 - utils.alert_system - INFO - Alert cleared
2026-04-09 23:00:20,640 - utils.alert_system - INFO - Alert cleared
2026-04-09 23:00:20,700 - utils.alert_system - INFO - Alert cleared
2026-04-09 23:00:20,784 - utils.alert_system - INFO - Alert cleared
2026-04-09 23:00:20,835 - utils.alert_system - INFO - Alert cleared
2026-04-09 23:00:20,897 - utils.alert_system - INFO - Alert cleared
2026-04-09 23:00:20,959 - utils.alert_system - INFO - Alert cleared
2026-04-09 23:00:21,017 - utils.alert_system - INFO - Alert cleared
2026-04-09 23:00:21,088 - utils.alert_system - INFO - Alert cleared
2026-04-09 23:00:21,140 - utils.alert_system - INFO - Alert cleared
2026-04-09 23:00:21,204 - utils.alert_system - INFO - Alert cleared
2026-04-09 23:00:21,276 - utils.alert_system - INFO - Alert cleared
2026-04-09 23:00:21,336 - utils.alert_system - INFO - Alert cleared
2026-04-09 23:00:21,407 - utils.alert_system - INFO - Alert cleared
2026-04-09 23:00:21,470 - utils.alert_system - INFO - Alert cleared
2026-04-09 23:00:21,530 - utils.alert_system - INFO - Alert cleared
2026-04-09 23:00:21,603 - utils.alert_system - INFO - Alert cleared
2026-04-09 23:00:21,672 - utils.alert_system - INFO - Alert cleared
2026-04-09 23:00:21,739 - utils.alert_system - INFO - Alert cleared
2026-04-09 23:00:21,813 - utils.alert_system - INFO - Alert cleared
2026-04-09 23:00:21,879 - utils.alert_system - INFO - Alert cleared
2026-04-09 23:00:21,928 - utils.alert_system - INFO - Alert cleared
2026-04-09 23:00:21,999 - utils.alert_system - INFO - Alert cleared
2026-04-09 23:00:22,058 - utils.alert_system - INFO - Alert cleared
2026-04-09 23:00:22,155 - utils.alert_system - INFO - Alert cleared
2026-04-09 23:00:22,209 - utils.alert_system - INFO - Alert cleared
2026-04-09 23:00:22,272 - utils.alert_system - INFO - Alert cleared
2026-04-09 23:00:22,337 - utils.alert_system - INFO - Alert cleared
2026-04-09 23:00:22,406 - utils.alert_system - INFO - Alert cleared
2026-04-09 23:00:22,467 - utils.alert_system - INFO - Alert cleared
2026-04-09 23:00:22,532 - utils.alert_system - INFO - Alert cleared
2026-04-09 23:00:22,596 - utils.alert_system - INFO - Alert cleared
2026-04-09 23:00:22,660 - utils.alert_system - INFO - Alert cleared
2026-04-09 23:00:22,725 - utils.alert_system - INFO - Alert cleared
2026-04-09 23:00:22,786 - utils.alert_system - INFO - Alert cleared
2026-04-09 23:00:22,850 - utils.alert_system - INFO - Alert cleared
2026-04-09 23:00:22,913 - utils.alert_system - INFO - Alert cleared
2026-04-09 23:00:22,975 - utils.alert_system - INFO - Alert cleared
2026-04-09 23:00:23,040 - utils.alert_system - INFO - Alert cleared
2026-04-09 23:00:23,106 - utils.alert_system - INFO - Alert cleared
2026-04-09 23:00:23,165 - utils.alert_system - INFO - Alert cleared
2026-04-09 23:00:23,227 - utils.alert_system - INFO - Alert cleared
2026-04-09 23:00:23,288 - utils.alert_system - INFO - Alert cleared
2026-04-09 23:00:23,357 - utils.alert_system - INFO - Alert cleared
2026-04-09 23:00:23,419 - utils.alert_system - INFO - Alert cleared
2026-04-09 23:00:23,481 - utils.alert_system - INFO - Alert cleared
2026-04-09 23:00:23,545 - utils.alert_system - INFO - Alert cleared
2026-04-09 23:00:23,605 - utils.alert_system - INFO - Alert cleared
2026-04-09 23:00:23,668 - utils.alert_system - INFO - Alert cleared
2026-04-09 23:00:23,736 - utils.alert_system - INFO - Alert cleared
2026-04-09 23:00:23,797 - utils.alert_system - INFO - Alert cleared
2026-04-09 23:00:23,859 - utils.alert_system - INFO - Alert cleared
2026-04-09 23:00:23,924 - utils.alert_system - INFO - Alert cleared
2026-04-09 23:00:23,986 - utils.alert_system - INFO - Alert cleared
2026-04-09 23:00:24,051 - utils.alert_system - INFO - Alert cleared
2026-04-09 23:00:24,113 - utils.alert_system - INFO - Alert cleared
2026-04-09 23:00:24,177 - utils.alert_system - INFO - Alert cleared
2026-04-09 23:00:24,236 - utils.alert_system - INFO - Alert cleared
2026-04-09 23:00:24,293 - utils.alert_system - INFO - Alert cleared
2026-04-09 23:00:24,348 - utils.alert_system - INFO - Alert cleared
2026-04-09 23:00:24,413 - utils.alert_system - INFO - Alert cleared
2026-04-09 23:00:24,477 - utils.alert_system - INFO - Alert cleared
2026-04-09 23:00:24,533 - utils.alert_system - INFO - Alert cleared
2026-04-09 23:00:24,614 - utils.alert_system - INFO - Alert cleared
2026-04-09 23:00:24,670 - utils.alert_system - INFO - Alert cleared
2026-04-09 23:00:24,730 - utils.alert_system - INFO - Alert cleared
2026-04-09 23:00:24,795 - utils.alert_system - INFO - Alert cleared
2026-04-09 23:00:24,863 - utils.alert_system - INFO - Alert cleared
2026-04-09 23:00:24,919 - utils.alert_system - INFO - Alert cleared
2026-04-09 23:00:24,983 - utils.alert_system - INFO - Alert cleared
2026-04-09 23:00:25,055 - utils.alert_system - INFO - Alert cleared
2026-04-09 23:00:25,128 - utils.alert_system - INFO - Alert cleared
2026-04-09 23:00:25,199 - utils.alert_system - INFO - Alert cleared
2026-04-09 23:00:25,259 - utils.alert_system - INFO - Alert cleared
2026-04-09 23:00:25,325 - utils.alert_system - INFO - Alert cleared
2026-04-09 23:00:25,389 - utils.alert_system - INFO - Alert cleared
2026-04-09 23:00:25,452 - utils.alert_system - INFO - Alert cleared
2026-04-09 23:00:25,518 - utils.alert_system - INFO - Alert cleared
2026-04-09 23:00:25,587 - utils.alert_system - INFO - Alert cleared
2026-04-09 23:00:25,650 - utils.alert_system - INFO - Alert cleared
2026-04-09 23:00:25,716 - utils.alert_system - INFO - Alert cleared
2026-04-09 23:00:25,785 - utils.alert_system - INFO - Alert cleared
2026-04-09 23:00:25,862 - utils.alert_system - INFO - Alert cleared
2026-04-09 23:00:25,911 - utils.alert_system - INFO - Alert cleared
2026-04-09 23:00:25,973 - utils.alert_system - INFO - Alert cleared
2026-04-09 23:00:26,037 - utils.alert_system - INFO - Alert cleared
2026-04-09 23:00:26,109 - utils.alert_system - INFO - Alert cleared
2026-04-09 23:00:26,162 - utils.alert_system - INFO - Alert cleared
2026-04-09 23:00:26,226 - utils.alert_system - INFO - Alert cleared
2026-04-09 23:00:26,298 - utils.alert_system - INFO - Alert cleared
2026-04-09 23:00:26,357 - utils.alert_system - INFO - Alert cleared
2026-04-09 23:00:26,422 - utils.alert_system - INFO - Alert cleared
2026-04-09 23:00:26,485 - utils.alert_system - INFO - Alert cleared
2026-04-09 23:00:26,549 - utils.alert_system - INFO - Alert cleared
2026-04-09 23:00:26,615 - utils.alert_system - INFO - Alert cleared
2026-04-09 23:00:26,680 - utils.alert_system - INFO - Alert cleared
2026-04-09 23:00:26,739 - utils.alert_system - INFO - Alert cleared
2026-04-09 23:00:26,804 - utils.alert_system - INFO - Alert cleared
2026-04-09 23:00:26,865 - utils.alert_system - INFO - Alert cleared
2026-04-09 23:00:26,928 - utils.alert_system - INFO - Alert cleared
2026-04-09 23:00:26,994 - utils.alert_system - INFO - Alert cleared
2026-04-09 23:00:27,056 - utils.alert_system - INFO - Alert cleared
2026-04-09 23:00:27,121 - utils.alert_system - INFO - Alert cleared
2026-04-09 23:00:27,180 - utils.alert_system - INFO - Alert cleared
2026-04-09 23:00:27,264 - utils.alert_system - INFO - Alert cleared
2026-04-09 23:00:27,331 - utils.alert_system - INFO - Alert cleared
2026-04-09 23:00:27,404 - utils.alert_system - INFO - Alert cleared
2026-04-09 23:00:27,470 - utils.alert_system - INFO - Alert cleared
2026-04-09 23:00:27,530 - utils.alert_system - INFO - Alert cleared
2026-04-09 23:00:27,594 - utils.alert_system - INFO - Alert cleared
2026-04-09 23:00:27,656 - utils.alert_system - INFO - Alert cleared
2026-04-09 23:00:27,717 - utils.alert_system - INFO - Alert cleared
2026-04-09 23:00:27,783 - utils.alert_system - INFO - Alert cleared
2026-04-09 23:00:27,845 - utils.alert_system - INFO - Alert cleared
2026-04-09 23:00:27,907 - utils.alert_system - INFO - Alert cleared
2026-04-09 23:00:27,971 - utils.alert_system - INFO - Alert cleared
2026-04-09 23:00:28,033 - utils.alert_system - INFO - Alert cleared
2026-04-09 23:00:28,097 - utils.alert_system - INFO - Alert cleared
2026-04-09 23:00:28,162 - utils.alert_system - INFO - Alert cleared
2026-04-09 23:00:28,223 - utils.alert_system - INFO - Alert cleared
2026-04-09 23:00:28,278 - utils.alert_system - INFO - Alert cleared
2026-04-09 23:00:28,350 - utils.alert_system - INFO - Alert cleared
2026-04-09 23:00:28,422 - utils.alert_system - INFO - Alert cleared
2026-04-09 23:00:28,476 - utils.alert_system - INFO - Alert cleared
2026-04-09 23:00:28,550 - utils.alert_system - INFO - Alert cleared
2026-04-09 23:00:28,620 - utils.alert_system - INFO - Alert cleared
2026-04-09 23:00:28,676 - utils.alert_system - INFO - Alert cleared
2026-04-09 23:00:28,763 - utils.alert_system - INFO - Alert cleared
2026-04-09 23:00:28,823 - utils.alert_system - INFO - Alert cleared
2026-04-09 23:00:28,883 - utils.alert_system - INFO - Alert cleared
2026-04-09 23:00:28,949 - utils.alert_system - INFO - Alert cleared
2026-04-09 23:00:29,013 - utils.alert_system - INFO - Alert cleared
2026-04-09 23:00:29,078 - utils.alert_system - INFO - Alert cleared
2026-04-09 23:00:29,152 - utils.alert_system - INFO - Alert cleared
2026-04-09 23:00:29,202 - utils.alert_system - INFO - Alert cleared
2026-04-09 23:00:29,273 - utils.alert_system - INFO - Alert cleared
2026-04-09 23:00:29,336 - utils.alert_system - INFO - Alert cleared
2026-04-09 23:00:29,401 - utils.alert_system - INFO - Alert cleared
2026-04-09 23:00:29,476 - utils.alert_system - INFO - Alert cleared
2026-04-09 23:00:29,545 - utils.alert_system - INFO - Alert cleared
2026-04-09 23:00:29,601 - utils.alert_system - INFO - Alert cleared
2026-04-09 23:00:29,663 - utils.alert_system - INFO - Alert cleared
2026-04-09 23:00:29,749 - utils.alert_system - INFO - Alert cleared
2026-04-09 23:00:29,804 - utils.alert_system - INFO - Alert cleared
2026-04-09 23:00:29,878 - utils.alert_system - INFO - Alert cleared
2026-04-09 23:00:29,941 - utils.alert_system - INFO - Alert cleared
2026-04-09 23:00:30,017 - utils.alert_system - INFO - Alert cleared
2026-04-09 23:00:30,098 - utils.alert_system - INFO - Alert cleared
2026-04-09 23:00:30,179 - utils.alert_system - INFO - Alert cleared
2026-04-09 23:00:30,230 - utils.alert_system - INFO - Alert cleared
2026-04-09 23:00:30,318 - utils.alert_system - INFO - Alert cleared
2026-04-09 23:00:30,369 - utils.alert_system - INFO - Alert cleared
2026-04-09 23:00:30,433 - utils.alert_system - INFO - Alert cleared
2026-04-09 23:00:30,503 - utils.alert_system - INFO - Alert cleared
2026-04-09 23:00:30,571 - utils.alert_system - INFO - Alert cleared
2026-04-09 23:00:30,634 - utils.alert_system - INFO - Alert cleared
2026-04-09 23:00:30,705 - utils.alert_system - INFO - Alert cleared
2026-04-09 23:00:30,758 - utils.alert_system - INFO - Alert cleared
2026-04-09 23:00:30,822 - utils.alert_system - INFO - Alert cleared
2026-04-09 23:00:30,895 - utils.alert_system - INFO - Alert cleared
2026-04-09 23:00:30,959 - utils.alert_system - INFO - Alert cleared
2026-04-09 23:00:31,024 - utils.alert_system - INFO - Alert cleared
2026-04-09 23:00:31,094 - utils.alert_system - INFO - Alert cleared
2026-04-09 23:00:31,155 - utils.alert_system - INFO - Alert cleared
2026-04-09 23:00:31,211 - utils.alert_system - INFO - Alert cleared
2026-04-09 23:00:31,286 - utils.alert_system - INFO - Alert cleared
2026-04-09 23:00:31,352 - utils.alert_system - INFO - Alert cleared
2026-04-09 23:00:31,428 - utils.alert_system - INFO - Alert cleared
2026-04-09 23:00:31,506 - utils.alert_system - INFO - Alert cleared
2026-04-09 23:00:31,566 - utils.alert_system - INFO - Alert cleared
2026-04-09 23:00:31,636 - utils.alert_system - INFO - Alert cleared
2026-04-09 23:00:31,692 - utils.alert_system - INFO - Alert cleared
2026-04-09 23:00:31,761 - utils.alert_system - INFO - Alert cleared
2026-04-09 23:00:31,827 - utils.alert_system - INFO - Alert cleared
2026-04-09 23:00:31,888 - utils.alert_system - INFO - Alert cleared
2026-04-09 23:00:31,961 - utils.alert_system - INFO - Alert cleared
2026-04-09 23:00:32,026 - utils.alert_system - INFO - Alert cleared
2026-04-09 23:00:32,130 - utils.alert_system - INFO - Alert cleared
2026-04-09 23:00:32,193 - utils.alert_system - INFO - Alert cleared
2026-04-09 23:00:32,244 - utils.alert_system - INFO - Alert cleared
2026-04-09 23:00:32,333 - utils.alert_system - INFO - Alert cleared
2026-04-09 23:00:32,384 - utils.alert_system - INFO - Alert cleared
2026-04-09 23:00:32,450 - utils.alert_system - INFO - Alert cleared
2026-04-09 23:00:32,520 - utils.alert_system - INFO - Alert cleared
2026-04-09 23:00:32,570 - utils.alert_system - INFO - Alert cleared
2026-04-09 23:00:32,643 - utils.alert_system - INFO - Alert cleared
2026-04-09 23:00:32,699 - utils.alert_system - INFO - Alert cleared
2026-04-09 23:00:32,760 - utils.alert_system - INFO - Alert cleared
2026-04-09 23:00:32,824 - utils.alert_system - INFO - Alert cleared
2026-04-09 23:00:32,885 - utils.alert_system - INFO - Alert cleared
2026-04-09 23:00:32,956 - utils.alert_system - INFO - Alert cleared
2026-04-09 23:00:33,016 - utils.alert_system - INFO - Alert cleared
2026-04-09 23:00:33,096 - utils.alert_system - INFO - Alert cleared
2026-04-09 23:00:33,163 - utils.alert_system - INFO - Alert cleared
2026-04-09 23:00:33,236 - utils.alert_system - INFO - Alert cleared
2026-04-09 23:00:33,291 - utils.alert_system - INFO - Alert cleared
2026-04-09 23:00:33,363 - utils.alert_system - INFO - Alert cleared
2026-04-09 23:00:33,420 - utils.alert_system - INFO - Alert cleared
2026-04-09 23:00:33,484 - utils.alert_system - INFO - Alert cleared
2026-04-09 23:00:33,556 - utils.alert_system - INFO - Alert cleared
2026-04-09 23:00:33,606 - utils.alert_system - INFO - Alert cleared
2026-04-09 23:00:33,668 - utils.alert_system - INFO - Alert cleared
2026-04-09 23:00:33,730 - utils.alert_system - INFO - Alert cleared
2026-04-09 23:00:33,802 - utils.alert_system - INFO - Alert cleared
2026-04-09 23:00:33,867 - utils.alert_system - INFO - Alert cleared
2026-04-09 23:00:33,929 - utils.alert_system - INFO - Alert cleared
2026-04-09 23:00:33,980 - utils.alert_system - INFO - Alert cleared
2026-04-09 23:00:34,054 - utils.alert_system - INFO - Alert cleared
2026-04-09 23:00:34,106 - utils.alert_system - INFO - Alert cleared
2026-04-09 23:00:34,168 - utils.alert_system - INFO - Alert cleared
2026-04-09 23:00:34,224 - utils.alert_system - INFO - Alert cleared
2026-04-09 23:00:34,311 - utils.alert_system - INFO - Alert cleared
2026-04-09 23:00:34,372 - utils.alert_system - INFO - Alert cleared
2026-04-09 23:00:34,438 - utils.alert_system - INFO - Alert cleared
2026-04-09 23:00:34,499 - utils.alert_system - INFO - Alert cleared
2026-04-09 23:00:34,560 - utils.alert_system - INFO - Alert cleared
2026-04-09 23:00:34,629 - utils.alert_system - INFO - Alert cleared
2026-04-09 23:00:34,690 - utils.alert_system - INFO - Alert cleared
2026-04-09 23:00:34,753 - utils.alert_system - INFO - Alert cleared
2026-04-09 23:00:34,817 - utils.alert_system - INFO - Alert cleared
2026-04-09 23:00:34,880 - utils.alert_system - INFO - Alert cleared
2026-04-09 23:00:34,944 - utils.alert_system - INFO - Alert cleared
2026-04-09 23:00:35,010 - utils.alert_system - INFO - Alert cleared
2026-04-09 23:00:35,072 - utils.alert_system - INFO - Alert cleared
2026-04-09 23:00:35,136 - utils.alert_system - INFO - Alert cleared
2026-04-09 23:00:35,198 - utils.alert_system - INFO - Alert cleared
2026-04-09 23:00:35,263 - utils.alert_system - INFO - Alert cleared
2026-04-09 23:00:35,326 - utils.alert_system - INFO - Alert cleared
2026-04-09 23:00:35,394 - utils.alert_system - INFO - Alert cleared
2026-04-09 23:00:35,468 - utils.alert_system - INFO - Alert cleared
2026-04-09 23:00:35,531 - utils.alert_system - INFO - Alert cleared
2026-04-09 23:00:35,598 - utils.alert_system - INFO - Alert cleared
2026-04-09 23:00:35,663 - utils.alert_system - INFO - Alert cleared
2026-04-09 23:00:35,724 - utils.alert_system - INFO - Alert cleared
2026-04-09 23:00:35,789 - utils.alert_system - INFO - Alert cleared
2026-04-09 23:00:35,855 - utils.alert_system - INFO - Alert cleared
2026-04-09 23:00:35,928 - utils.alert_system - INFO - Alert cleared
2026-04-09 23:00:35,992 - utils.alert_system - INFO - Alert cleared
2026-04-09 23:00:36,058 - utils.alert_system - INFO - Alert cleared
2026-04-09 23:00:36,117 - utils.alert_system - INFO - Alert cleared
2026-04-09 23:00:36,179 - utils.alert_system - INFO - Alert cleared
2026-04-09 23:00:36,245 - utils.alert_system - INFO - Alert cleared
2026-04-09 23:00:36,307 - utils.alert_system - INFO - Alert cleared
2026-04-09 23:00:36,369 - utils.alert_system - INFO - Alert cleared
2026-04-09 23:00:36,430 - utils.alert_system - INFO - Alert cleared
2026-04-09 23:00:36,498 - utils.alert_system - INFO - Alert cleared
2026-04-09 23:00:36,556 - utils.alert_system - INFO - Alert cleared
2026-04-09 23:00:36,627 - utils.alert_system - INFO - Alert cleared
2026-04-09 23:00:36,689 - utils.alert_system - INFO - Alert cleared
2026-04-09 23:00:36,757 - utils.alert_system - INFO - Alert cleared
2026-04-09 23:00:36,829 - utils.alert_system - INFO - Alert cleared
2026-04-09 23:00:36,892 - utils.alert_system - INFO - Alert cleared
2026-04-09 23:00:36,955 - utils.alert_system - INFO - Alert cleared
2026-04-09 23:00:37,020 - utils.alert_system - INFO - Alert cleared
2026-04-09 23:00:37,086 - utils.alert_system - INFO - Alert cleared
2026-04-09 23:00:37,150 - utils.alert_system - INFO - Alert cleared
2026-04-09 23:00:37,211 - utils.alert_system - INFO - Alert cleared
2026-04-09 23:00:37,276 - utils.alert_system - INFO - Alert cleared
2026-04-09 23:00:37,338 - utils.alert_system - INFO - Alert cleared
2026-04-09 23:00:37,399 - utils.alert_system - INFO - Alert cleared
2026-04-09 23:00:37,466 - utils.alert_system - INFO - Alert cleared
2026-04-09 23:00:37,529 - utils.alert_system - INFO - Alert cleared
2026-04-09 23:00:37,594 - utils.alert_system - INFO - Alert cleared
2026-04-09 23:00:37,657 - utils.alert_system - INFO - Alert cleared
2026-04-09 23:00:37,720 - utils.alert_system - INFO - Alert cleared
2026-04-09 23:00:37,783 - utils.alert_system - INFO - Alert cleared
2026-04-09 23:00:37,847 - utils.alert_system - INFO - Alert cleared
2026-04-09 23:00:37,907 - utils.alert_system - INFO - Alert cleared
2026-04-09 23:00:37,972 - utils.alert_system - INFO - Alert cleared
2026-04-09 23:00:38,036 - utils.alert_system - INFO - Alert cleared
2026-04-09 23:00:38,099 - utils.alert_system - INFO - Alert cleared
2026-04-09 23:00:38,164 - utils.alert_system - INFO - Alert cleared
2026-04-09 23:00:38,229 - utils.alert_system - INFO - Alert cleared
2026-04-09 23:00:38,291 - utils.alert_system - INFO - Alert cleared
2026-04-09 23:00:38,366 - utils.alert_system - INFO - Alert cleared
2026-04-09 23:00:38,433 - utils.alert_system - INFO - Alert cleared
2026-04-09 23:00:38,491 - utils.alert_system - INFO - Alert cleared
2026-04-09 23:00:38,556 - utils.alert_system - INFO - Alert cleared
2026-04-09 23:00:38,620 - utils.alert_system - INFO - Alert cleared
2026-04-09 23:00:38,686 - utils.alert_system - INFO - Alert cleared
2026-04-09 23:00:38,746 - utils.alert_system - INFO - Alert cleared
2026-04-09 23:00:38,811 - utils.alert_system - INFO - Alert cleared
2026-04-09 23:00:38,873 - utils.alert_system - INFO - Alert cleared
2026-04-09 23:00:38,938 - utils.alert_system - INFO - Alert cleared
2026-04-09 23:00:39,001 - utils.alert_system - INFO - Alert cleared
2026-04-09 23:00:39,065 - utils.alert_system - INFO - Alert cleared
2026-04-09 23:00:39,131 - utils.alert_system - INFO - Alert cleared
2026-04-09 23:00:39,193 - utils.alert_system - INFO - Alert cleared
2026-04-09 23:00:39,255 - utils.alert_system - INFO - Alert cleared
2026-04-09 23:00:39,319 - utils.alert_system - INFO - Alert cleared
2026-04-09 23:00:39,384 - utils.alert_system - INFO - Alert cleared
2026-04-09 23:00:39,449 - utils.alert_system - INFO - Alert cleared
2026-04-09 23:00:39,525 - utils.alert_system - INFO - Alert cleared
2026-04-09 23:00:39,592 - utils.alert_system - INFO - Alert cleared
2026-04-09 23:00:39,650 - utils.alert_system - INFO - Alert cleared
2026-04-09 23:00:39,713 - utils.alert_system - INFO - Alert cleared
2026-04-09 23:00:39,780 - utils.alert_system - INFO - Alert cleared
2026-04-09 23:00:39,848 - utils.alert_system - INFO - Alert cleared
2026-04-09 23:00:39,922 - utils.alert_system - INFO - Alert cleared
2026-04-09 23:00:39,983 - utils.alert_system - INFO - Alert cleared
2026-04-09 23:00:40,051 - utils.alert_system - INFO - Alert cleared
2026-04-09 23:00:40,115 - utils.alert_system - INFO - Alert cleared
2026-04-09 23:00:40,178 - utils.alert_system - INFO - Alert cleared
2026-04-09 23:00:40,241 - utils.alert_system - INFO - Alert cleared
2026-04-09 23:00:40,304 - utils.alert_system - INFO - Alert cleared
2026-04-09 23:00:40,367 - utils.alert_system - INFO - Alert cleared
2026-04-09 23:00:40,427 - utils.alert_system - INFO - Alert cleared
2026-04-09 23:00:40,490 - utils.alert_system - INFO - Alert cleared
2026-04-09 23:00:40,557 - utils.alert_system - INFO - Alert cleared
2026-04-09 23:00:40,616 - utils.alert_system - INFO - Alert cleared
2026-04-09 23:00:40,681 - utils.alert_system - INFO - Alert cleared
2026-04-09 23:00:40,745 - utils.alert_system - INFO - Alert cleared
2026-04-09 23:00:40,813 - utils.alert_system - INFO - Alert cleared
2026-04-09 23:00:40,890 - utils.alert_system - INFO - Alert cleared
2026-04-09 23:00:40,952 - utils.alert_system - INFO - Alert cleared
2026-04-09 23:00:41,018 - utils.alert_system - INFO - Alert cleared
2026-04-09 23:00:41,078 - utils.alert_system - INFO - Alert cleared
2026-04-09 23:00:41,144 - utils.alert_system - INFO - Alert cleared
2026-04-09 23:00:41,207 - utils.alert_system - INFO - Alert cleared
2026-04-09 23:00:41,267 - utils.alert_system - INFO - Alert cleared
2026-04-09 23:00:41,333 - utils.alert_system - INFO - Alert cleared
2026-04-09 23:00:41,393 - utils.alert_system - INFO - Alert cleared
2026-04-09 23:00:41,457 - utils.alert_system - INFO - Alert cleared
2026-04-09 23:00:41,519 - utils.alert_system - INFO - Alert cleared
2026-04-09 23:00:41,590 - utils.alert_system - INFO - Alert cleared
2026-04-09 23:00:41,662 - utils.alert_system - INFO - Alert cleared
2026-04-09 23:00:41,726 - utils.alert_system - INFO - Alert cleared
2026-04-09 23:00:41,795 - utils.alert_system - INFO - Alert cleared
2026-04-09 23:00:41,856 - utils.alert_system - INFO - Alert cleared
2026-04-09 23:00:41,918 - utils.alert_system - INFO - Alert cleared
2026-04-09 23:00:41,985 - utils.alert_system - INFO - Alert cleared
2026-04-09 23:00:42,048 - utils.alert_system - INFO - Alert cleared
2026-04-09 23:00:42,110 - utils.alert_system - INFO - Alert cleared
2026-04-09 23:00:42,169 - utils.alert_system - INFO - Alert cleared
2026-04-09 23:00:42,298 - utils.alert_system - INFO - Alert cleared
2026-04-09 23:00:42,358 - utils.alert_system - INFO - Alert cleared
2026-04-09 23:00:42,419 - utils.alert_system - INFO - Alert cleared
2026-04-09 23:00:42,490 - utils.alert_system - INFO - Alert cleared
2026-04-09 23:00:42,554 - utils.alert_system - INFO - Alert cleared
2026-04-09 23:00:42,612 - utils.alert_system - INFO - Alert cleared
2026-04-09 23:00:42,695 - utils.alert_system - INFO - Alert cleared
2026-04-09 23:00:42,755 - utils.alert_system - INFO - Alert cleared
2026-04-09 23:00:42,808 - utils.alert_system - INFO - Alert cleared
2026-04-09 23:00:42,895 - utils.alert_system - INFO - Alert cleared
2026-04-09 23:00:42,946 - utils.alert_system - INFO - Alert cleared
2026-04-09 23:00:43,016 - utils.alert_system - INFO - Alert cleared
2026-04-09 23:00:43,070 - utils.alert_system - INFO - Alert cleared
2026-04-09 23:00:43,155 - utils.alert_system - INFO - Alert cleared
2026-04-09 23:00:43,222 - utils.alert_system - INFO - Alert cleared
2026-04-09 23:00:43,272 - utils.alert_system - INFO - Alert cleared
2026-04-09 23:00:43,344 - utils.alert_system - INFO - Alert cleared
2026-04-09 23:00:43,399 - utils.alert_system - INFO - Alert cleared
2026-04-09 23:00:43,474 - utils.alert_system - INFO - Alert cleared
2026-04-09 23:00:43,522 - utils.alert_system - INFO - Alert cleared
2026-04-09 23:00:43,608 - utils.alert_system - INFO - Alert cleared
2026-04-09 23:00:43,662 - utils.alert_system - INFO - Alert cleared
2026-04-09 23:00:43,736 - utils.alert_system - INFO - Alert cleared
2026-04-09 23:00:43,787 - utils.alert_system - INFO - Alert cleared
2026-04-09 23:00:43,872 - utils.alert_system - INFO - Alert cleared
2026-04-09 23:00:43,920 - utils.alert_system - INFO - Alert cleared
2026-04-09 23:00:43,980 - utils.alert_system - INFO - Alert cleared
2026-04-09 23:00:44,043 - utils.alert_system - INFO - Alert cleared
2026-04-09 23:00:44,124 - utils.alert_system - INFO - Alert cleared
2026-04-09 23:00:44,195 - utils.alert_system - INFO - Alert cleared
2026-04-09 23:00:44,253 - utils.alert_system - INFO - Alert cleared
2026-04-09 23:00:44,317 - utils.alert_system - INFO - Alert cleared
2026-04-09 23:00:44,377 - utils.alert_system - INFO - Alert cleared
2026-04-09 23:00:44,451 - utils.alert_system - INFO - Alert cleared
2026-04-09 23:00:44,524 - utils.alert_system - INFO - Alert cleared
2026-04-09 23:00:44,601 - utils.alert_system - INFO - Alert cleared
2026-04-09 23:00:44,667 - utils.alert_system - INFO - Alert cleared
2026-04-09 23:00:44,730 - utils.alert_system - INFO - Alert cleared
2026-04-09 23:00:44,792 - utils.alert_system - INFO - Alert cleared
2026-04-09 23:00:44,858 - utils.alert_system - INFO - Alert cleared
2026-04-09 23:00:44,924 - utils.alert_system - INFO - Alert cleared
2026-04-09 23:00:44,983 - utils.alert_system - INFO - Alert cleared
2026-04-09 23:00:45,047 - utils.alert_system - INFO - Alert cleared
2026-04-09 23:00:45,114 - utils.alert_system - INFO - Alert cleared
2026-04-09 23:00:45,177 - utils.alert_system - INFO - Alert cleared
2026-04-09 23:00:45,239 - utils.alert_system - INFO - Alert cleared
2026-04-09 23:00:45,302 - utils.alert_system - INFO - Alert cleared
2026-04-09 23:00:45,364 - utils.alert_system - INFO - Alert cleared
2026-04-09 23:00:45,430 - utils.alert_system - INFO - Alert cleared
2026-04-09 23:00:45,495 - utils.alert_system - INFO - Alert cleared
2026-04-09 23:00:45,560 - utils.alert_system - INFO - Alert cleared
2026-04-09 23:00:45,620 - utils.alert_system - INFO - Alert cleared
2026-04-09 23:00:45,681 - utils.alert_system - INFO - Alert cleared
2026-04-09 23:00:45,748 - utils.alert_system - INFO - Alert cleared
2026-04-09 23:00:45,809 - utils.alert_system - INFO - Alert cleared
2026-04-09 23:00:45,875 - utils.alert_system - INFO - Alert cleared
2026-04-09 23:00:45,941 - utils.alert_system - INFO - Alert cleared
2026-04-09 23:00:46,013 - utils.alert_system - INFO - Alert cleared
2026-04-09 23:00:46,077 - utils.alert_system - INFO - Alert cleared
2026-04-09 23:00:46,143 - utils.alert_system - INFO - Alert cleared
2026-04-09 23:00:46,205 - utils.alert_system - INFO - Alert cleared
2026-04-09 23:00:46,268 - utils.alert_system - INFO - Alert cleared
2026-04-09 23:00:46,344 - utils.alert_system - INFO - Alert cleared
2026-04-09 23:00:46,412 - utils.alert_system - INFO - Alert cleared
2026-04-09 23:00:46,472 - utils.alert_system - INFO - Alert cleared
2026-04-09 23:00:46,539 - utils.alert_system - INFO - Alert cleared
2026-04-09 23:00:46,600 - utils.alert_system - INFO - Alert cleared
2026-04-09 23:00:46,666 - utils.alert_system - INFO - Alert cleared
2026-04-09 23:00:46,733 - utils.alert_system - INFO - Alert cleared
2026-04-09 23:00:46,797 - utils.alert_system - INFO - Alert cleared
2026-04-09 23:00:46,861 - utils.alert_system - INFO - Alert cleared
2026-04-09 23:00:46,920 - utils.alert_system - INFO - Alert cleared
2026-04-09 23:00:46,984 - utils.alert_system - INFO - Alert cleared
2026-04-09 23:00:47,053 - utils.alert_system - INFO - Alert cleared
2026-04-09 23:00:47,127 - utils.alert_system - INFO - Alert cleared
2026-04-09 23:00:47,191 - utils.alert_system - INFO - Alert cleared
2026-04-09 23:00:47,254 - utils.alert_system - INFO - Alert cleared
2026-04-09 23:00:47,315 - utils.alert_system - INFO - Alert cleared
2026-04-09 23:00:47,385 - utils.alert_system - INFO - Alert cleared
2026-04-09 23:00:47,447 - utils.alert_system - INFO - Alert cleared
2026-04-09 23:00:47,508 - utils.alert_system - INFO - Alert cleared
2026-04-09 23:00:47,571 - utils.alert_system - INFO - Alert cleared
2026-04-09 23:00:47,633 - utils.alert_system - INFO - Alert cleared
2026-04-09 23:00:47,699 - utils.alert_system - INFO - Alert cleared
2026-04-09 23:00:47,763 - utils.alert_system - INFO - Alert cleared
2026-04-09 23:00:47,827 - utils.alert_system - INFO - Alert cleared
2026-04-09 23:00:47,891 - utils.alert_system - INFO - Alert cleared
2026-04-09 23:00:47,955 - utils.alert_system - INFO - Alert cleared
2026-04-09 23:00:48,018 - utils.alert_system - INFO - Alert cleared
2026-04-09 23:00:48,086 - utils.alert_system - INFO - Alert cleared
2026-04-09 23:00:48,156 - utils.alert_system - INFO - Alert cleared
2026-04-09 23:00:48,219 - utils.alert_system - INFO - Alert cleared
2026-04-09 23:00:48,281 - utils.alert_system - INFO - Alert cleared
2026-04-09 23:00:48,348 - utils.alert_system - INFO - Alert cleared
2026-04-09 23:00:48,410 - utils.alert_system - INFO - Alert cleared
2026-04-09 23:00:48,478 - utils.alert_system - INFO - Alert cleared
2026-04-09 23:00:48,538 - utils.alert_system - INFO - Alert cleared
2026-04-09 23:00:48,600 - utils.alert_system - INFO - Alert cleared
2026-04-09 23:00:48,665 - utils.alert_system - INFO - Alert cleared
2026-04-09 23:00:48,728 - utils.alert_system - INFO - Alert cleared
2026-04-09 23:00:48,791 - utils.alert_system - INFO - Alert cleared
2026-04-09 23:00:48,853 - utils.alert_system - INFO - Alert cleared
2026-04-09 23:00:48,921 - utils.alert_system - INFO - Alert cleared
2026-04-09 23:00:48,982 - utils.alert_system - INFO - Alert cleared
2026-04-09 23:00:49,045 - utils.alert_system - INFO - Alert cleared
2026-04-09 23:00:49,114 - utils.alert_system - INFO - Alert cleared
2026-04-09 23:00:49,175 - utils.alert_system - INFO - Alert cleared
2026-04-09 23:00:49,236 - utils.alert_system - INFO - Alert cleared
2026-04-09 23:00:49,301 - utils.alert_system - INFO - Alert cleared
2026-04-09 23:00:49,366 - utils.alert_system - INFO - Alert cleared
2026-04-09 23:00:49,424 - utils.alert_system - INFO - Alert cleared
2026-04-09 23:00:49,487 - utils.alert_system - INFO - Alert cleared
2026-04-09 23:00:49,550 - utils.alert_system - INFO - Alert cleared
2026-04-09 23:00:49,619 - utils.alert_system - INFO - Alert cleared
2026-04-09 23:00:49,682 - utils.alert_system - INFO - Alert cleared
2026-04-09 23:00:49,741 - utils.alert_system - INFO - Alert cleared
2026-04-09 23:00:49,808 - utils.alert_system - INFO - Alert cleared
2026-04-09 23:00:49,868 - utils.alert_system - INFO - Alert cleared
2026-04-09 23:00:49,930 - utils.alert_system - INFO - Alert cleared
2026-04-09 23:00:49,995 - utils.alert_system - INFO - Alert cleared
2026-04-09 23:00:50,058 - utils.alert_system - INFO - Alert cleared
2026-04-09 23:00:50,124 - utils.alert_system - INFO - Alert cleared
2026-04-09 23:00:50,187 - utils.alert_system - INFO - Alert cleared
2026-04-09 23:00:50,247 - utils.alert_system - INFO - Alert cleared
2026-04-09 23:00:50,313 - utils.alert_system - INFO - Alert cleared
2026-04-09 23:00:50,382 - utils.alert_system - INFO - Alert cleared
2026-04-09 23:00:50,451 - utils.alert_system - INFO - Alert cleared
2026-04-09 23:00:50,520 - utils.alert_system - INFO - Alert cleared
2026-04-09 23:00:50,582 - utils.alert_system - INFO - Alert cleared
2026-04-09 23:00:50,646 - utils.alert_system - INFO - Alert cleared
2026-04-09 23:00:50,705 - utils.alert_system - INFO - Alert cleared
2026-04-09 23:00:50,769 - utils.alert_system - INFO - Alert cleared
2026-04-09 23:00:50,832 - utils.alert_system - INFO - Alert cleared
2026-04-09 23:00:50,896 - utils.alert_system - INFO - Alert cleared
2026-04-09 23:00:50,957 - utils.alert_system - INFO - Alert cleared
2026-04-09 23:00:51,018 - utils.alert_system - INFO - Alert cleared
2026-04-09 23:00:51,083 - utils.alert_system - INFO - Alert cleared
2026-04-09 23:00:51,147 - utils.alert_system - INFO - Alert cleared
2026-04-09 23:00:51,212 - utils.alert_system - INFO - Alert cleared
2026-04-09 23:00:51,272 - utils.alert_system - INFO - Alert cleared
2026-04-09 23:00:51,337 - utils.alert_system - INFO - Alert cleared
2026-04-09 23:00:51,400 - utils.alert_system - INFO - Alert cleared
2026-04-09 23:00:51,471 - utils.alert_system - INFO - Alert cleared
2026-04-09 23:00:51,545 - utils.alert_system - INFO - Alert cleared
2026-04-09 23:00:51,610 - utils.alert_system - INFO - Alert cleared
2026-04-09 23:00:51,671 - utils.alert_system - INFO - Alert cleared
2026-04-09 23:00:51,739 - utils.alert_system - INFO - Alert cleared
2026-04-09 23:00:51,800 - utils.alert_system - INFO - Alert cleared
2026-04-09 23:00:51,864 - utils.alert_system - INFO - Alert cleared
2026-04-09 23:00:51,933 - utils.alert_system - INFO - Alert cleared
2026-04-09 23:00:52,008 - utils.alert_system - INFO - Alert cleared
2026-04-09 23:00:52,070 - utils.alert_system - INFO - Alert cleared
2026-04-09 23:00:52,133 - utils.alert_system - INFO - Alert cleared
2026-04-09 23:00:52,227 - utils.alert_system - INFO - Alert cleared
2026-04-09 23:00:52,288 - utils.alert_system - INFO - Alert cleared
2026-04-09 23:00:52,350 - utils.alert_system - INFO - Alert cleared
2026-04-09 23:00:52,414 - utils.alert_system - INFO - Alert cleared
2026-04-09 23:00:52,480 - utils.alert_system - INFO - Alert cleared
2026-04-09 23:00:52,536 - utils.alert_system - INFO - Alert cleared
2026-04-09 23:00:52,622 - utils.alert_system - INFO - Alert cleared
2026-04-09 23:00:52,675 - utils.alert_system - INFO - Alert cleared
2026-04-09 23:00:52,765 - utils.alert_system - INFO - Alert cleared
2026-04-09 23:00:52,813 - utils.alert_system - INFO - Alert cleared
2026-04-09 23:00:52,879 - utils.alert_system - INFO - Alert cleared
2026-04-09 23:00:52,948 - utils.alert_system - INFO - Alert cleared
2026-04-09 23:00:53,010 - utils.alert_system - INFO - Alert cleared
2026-04-09 23:00:53,071 - utils.alert_system - INFO - Alert cleared
2026-04-09 23:00:53,133 - utils.alert_system - INFO - Alert cleared
2026-04-09 23:00:53,223 - utils.alert_system - INFO - Alert cleared
2026-04-09 23:00:53,282 - utils.alert_system - INFO - Alert cleared
2026-04-09 23:00:53,339 - utils.alert_system - INFO - Alert cleared
2026-04-09 23:00:53,406 - utils.alert_system - INFO - Alert cleared
2026-04-09 23:00:53,476 - utils.alert_system - INFO - Alert cleared
2026-04-09 23:00:53,543 - utils.alert_system - INFO - Alert cleared
2026-04-09 23:00:53,607 - utils.alert_system - INFO - Alert cleared
2026-04-09 23:00:53,671 - utils.alert_system - INFO - Alert cleared
2026-04-09 23:00:53,760 - utils.alert_system - INFO - Alert cleared
2026-04-09 23:00:53,822 - utils.alert_system - INFO - Alert cleared
2026-04-09 23:00:53,885 - utils.alert_system - INFO - Alert cleared
2026-04-09 23:00:53,948 - utils.alert_system - INFO - Alert cleared
2026-04-09 23:00:54,010 - utils.alert_system - INFO - Alert cleared
2026-04-09 23:00:54,082 - utils.alert_system - INFO - Alert cleared
2026-04-09 23:00:54,133 - utils.alert_system - INFO - Alert cleared
2026-04-09 23:00:54,221 - utils.alert_system - INFO - Alert cleared
2026-04-09 23:00:54,287 - utils.alert_system - INFO - Alert cleared
2026-04-09 23:00:54,361 - utils.alert_system - INFO - Alert cleared
2026-04-09 23:00:54,422 - utils.alert_system - INFO - Alert cleared
2026-04-09 23:00:54,490 - utils.alert_system - INFO - Alert cleared
2026-04-09 23:00:54,555 - utils.alert_system - INFO - Alert cleared
2026-04-09 23:00:54,616 - utils.alert_system - INFO - Alert cleared
2026-04-09 23:00:54,678 - utils.alert_system - INFO - Alert cleared
2026-04-09 23:00:54,743 - utils.alert_system - INFO - Alert cleared
2026-04-09 23:00:54,805 - utils.alert_system - INFO - Alert cleared
2026-04-09 23:00:54,868 - utils.alert_system - INFO - Alert cleared
2026-04-09 23:00:54,934 - utils.alert_system - INFO - Alert cleared
2026-04-09 23:00:54,996 - utils.alert_system - INFO - Alert cleared
2026-04-09 23:00:55,060 - utils.alert_system - INFO - Alert cleared
2026-04-09 23:00:55,123 - utils.alert_system - INFO - Alert cleared
2026-04-09 23:00:55,187 - utils.alert_system - INFO - Alert cleared
2026-04-09 23:00:55,249 - utils.alert_system - INFO - Alert cleared
2026-04-09 23:00:55,314 - utils.alert_system - INFO - Alert cleared
2026-04-09 23:00:55,380 - utils.alert_system - INFO - Alert cleared
2026-04-09 23:00:55,439 - utils.alert_system - INFO - Alert cleared
2026-04-09 23:00:55,505 - utils.alert_system - INFO - Alert cleared
2026-04-09 23:00:55,566 - utils.alert_system - INFO - Alert cleared
2026-04-09 23:00:55,632 - utils.alert_system - INFO - Alert cleared
2026-04-09 23:00:55,695 - utils.alert_system - INFO - Alert cleared
2026-04-09 23:00:55,762 - utils.alert_system - INFO - Alert cleared
2026-04-09 23:00:55,838 - utils.alert_system - INFO - Alert cleared
2026-04-09 23:00:55,900 - utils.alert_system - INFO - Alert cleared
2026-04-09 23:00:55,976 - utils.alert_system - WARNING - Alert: WARNING | Distance: 16.6m | TTC: 2.0s
2026-04-09 23:00:55,978 - __main__ - ERROR - Error in main loop: name 'cv2' is not defined
Traceback (most recent call last):
  File "C:\Users\sures\OneDrive - ELCOT\Desktop\New folder\main.py", line 183, in start
    self._main_loop()
  File "C:\Users\sures\OneDrive - ELCOT\Desktop\New folder\main.py", line 202, in _main_loop
    processed_frame = self.process_frame(frame)
                      ^^^^^^^^^^^^^^^^^^^^^^^^^
  File "C:\Users\sures\OneDrive - ELCOT\Desktop\New folder\main.py", line 317, in process_frame
    annotated_frame = self.alert_system.get_visual_overlay(annotated_frame)
                      ^^^^^^^^^^^^^^^^^^^^^^^^^^^^^^^^^^^^^^^^^^^^^^^^^^^^^
  File "C:\Users\sures\OneDrive - ELCOT\Desktop\New folder\utils\alert_system.py", line 269, in get_visual_overlay
    cv2.rectangle(frame, (0, 0), (w-1, h-1), color, thickness)
    ^^^
NameError: name 'cv2' is not defined
2026-04-09 23:00:55,980 - __main__ - INFO - Cleaning up...
2026-04-09 23:00:56,477 - utils.alert_system - INFO - Alert cleared
2026-04-09 23:00:56,478 - utils.alert_system - INFO - Alert system cleaned up
2026-04-09 23:00:56,478 - utils.speed_monitor - INFO - Stopped speed monitoring
2026-04-09 23:00:56,478 - __main__ - INFO - ==================================================
2026-04-09 23:00:56,478 - __main__ - INFO - Session Summary:
2026-04-09 23:00:56,478 - __main__ - INFO - ==================================================
2026-04-09 23:00:56,478 - __main__ - INFO -   session_id: 20260409_230009
2026-04-09 23:00:56,478 - __main__ - INFO -   duration: 47.26025176048279
2026-04-09 23:00:56,479 - __main__ - INFO -   total_frames: 691
2026-04-09 23:00:56,479 - __main__ - INFO -   total_detections: 6
2026-04-09 23:00:56,479 - __main__ - INFO -   alerts_triggered: 0
2026-04-09 23:00:56,479 - __main__ - INFO -   average_speed: 30.0
2026-04-09 23:00:56,479 - __main__ - INFO -   top_detected: [('cow', 6)]
2026-04-09 23:00:56,480 - utils.data_logger - INFO - Session saved: 20260409_230009
2026-04-09 23:00:56,482 - utils.data_logger - INFO -   Frames: 691
2026-04-09 23:00:56,483 - utils.data_logger - INFO -   Detections: 6
2026-04-09 23:00:56,483 - utils.data_logger - INFO -   Alerts: 0
2026-04-09 23:00:56,531 - __main__ - INFO - Cleanup complete
2026-04-09 23:01:43,400 - __main__ - INFO - ==================================================
2026-04-09 23:01:43,400 - __main__ - INFO - Animal Collision Avoidance System Initializing
2026-04-09 23:01:43,400 - __main__ - INFO - ==================================================
2026-04-09 23:01:43,400 - __main__ - INFO - Loading model: C:\Users\sures\OneDrive - ELCOT\Desktop\New folder\models\yolov8n.pt
2026-04-09 23:01:43,400 - models.detector - INFO - Using device: cpu
2026-04-09 23:01:43,516 - models.detector - INFO - Model loaded from C:\Users\sures\OneDrive - ELCOT\Desktop\New folder\models\yolov8n.pt
2026-04-09 23:01:43,518 - utils.speed_monitor - INFO - Speed monitor initialized: source=simulation, default=30.0 km/h
2026-04-09 23:01:43,518 - utils.data_logger - INFO - Data logger initialized: session=20260409_230143
2026-04-09 23:01:43,524 - __main__ - INFO - Video output: C:\Users\sures\OneDrive - ELCOT\Desktop\New folder\data\output_videos\output_20260409_230143.mp4
2026-04-09 23:01:43,524 - __main__ - INFO - System initialization complete
2026-04-09 23:01:43,538 - __main__ - INFO - System started with source: C:\Users\sures\OneDrive - ELCOT\Desktop\WhatsApp Video 2026-04-09 at 10.30.10 PM.mp4
2026-04-09 23:01:43,538 - __main__ - INFO - Resolution: 624x352
2026-04-09 23:01:43,538 - __main__ - INFO - Video FPS: 30.00
2026-04-09 23:01:43,541 - __main__ - INFO - Press 'q' to quit, 'p' to pause, '+/-' to adjust speed
2026-04-09 23:01:43,541 - __main__ - INFO - Press 's' to save screenshot, 'r' to reset stats
2026-04-09 23:01:45,395 - utils.alert_system - INFO - Alert cleared
2026-04-09 23:01:45,503 - utils.alert_system - INFO - Alert cleared
2026-04-09 23:01:45,576 - utils.alert_system - INFO - Alert cleared
2026-04-09 23:01:45,636 - utils.alert_system - INFO - Alert cleared
2026-04-09 23:01:45,704 - utils.alert_system - INFO - Alert cleared
2026-04-09 23:01:45,779 - utils.alert_system - INFO - Alert cleared
2026-04-09 23:01:45,844 - utils.alert_system - INFO - Alert cleared
2026-04-09 23:01:45,909 - utils.alert_system - INFO - Alert cleared
2026-04-09 23:01:45,973 - utils.alert_system - INFO - Alert cleared
2026-04-09 23:01:46,052 - utils.alert_system - INFO - Alert cleared
2026-04-09 23:01:46,113 - utils.alert_system - INFO - Alert cleared
2026-04-09 23:01:46,180 - utils.alert_system - INFO - Alert cleared
2026-04-09 23:01:46,246 - utils.alert_system - INFO - Alert cleared
2026-04-09 23:01:46,319 - utils.alert_system - INFO - Alert cleared
2026-04-09 23:01:46,380 - utils.alert_system - INFO - Alert cleared
2026-04-09 23:01:46,444 - utils.alert_system - INFO - Alert cleared
2026-04-09 23:01:46,507 - utils.alert_system - INFO - Alert cleared
2026-04-09 23:01:46,570 - utils.alert_system - INFO - Alert cleared
2026-04-09 23:01:46,633 - utils.alert_system - INFO - Alert cleared
2026-04-09 23:01:46,697 - utils.alert_system - INFO - Alert cleared
2026-04-09 23:01:46,759 - utils.alert_system - INFO - Alert cleared
2026-04-09 23:01:46,822 - utils.alert_system - INFO - Alert cleared
2026-04-09 23:01:46,887 - utils.alert_system - INFO - Alert cleared
2026-04-09 23:01:46,947 - utils.alert_system - INFO - Alert cleared
2026-04-09 23:01:47,010 - utils.alert_system - INFO - Alert cleared
2026-04-09 23:01:47,073 - utils.alert_system - INFO - Alert cleared
2026-04-09 23:01:47,139 - utils.alert_system - INFO - Alert cleared
2026-04-09 23:01:47,203 - utils.alert_system - INFO - Alert cleared
2026-04-09 23:01:47,263 - utils.alert_system - INFO - Alert cleared
2026-04-09 23:01:47,325 - utils.alert_system - INFO - Alert cleared
2026-04-09 23:01:47,393 - utils.alert_system - INFO - Alert cleared
2026-04-09 23:01:47,449 - utils.alert_system - INFO - Alert cleared
2026-04-09 23:01:47,513 - utils.alert_system - INFO - Alert cleared
2026-04-09 23:01:47,577 - utils.alert_system - INFO - Alert cleared
2026-04-09 23:01:47,643 - utils.alert_system - INFO - Alert cleared
2026-04-09 23:01:47,708 - utils.alert_system - INFO - Alert cleared
2026-04-09 23:01:47,772 - utils.alert_system - INFO - Alert cleared
2026-04-09 23:01:47,833 - utils.alert_system - INFO - Alert cleared
2026-04-09 23:01:47,900 - utils.alert_system - INFO - Alert cleared
2026-04-09 23:01:47,960 - utils.alert_system - INFO - Alert cleared
2026-04-09 23:01:48,024 - utils.alert_system - INFO - Alert cleared
2026-04-09 23:01:48,090 - utils.alert_system - INFO - Alert cleared
2026-04-09 23:01:48,157 - utils.alert_system - INFO - Alert cleared
2026-04-09 23:01:48,228 - utils.alert_system - INFO - Alert cleared
2026-04-09 23:01:48,288 - utils.alert_system - INFO - Alert cleared
2026-04-09 23:01:48,353 - utils.alert_system - INFO - Alert cleared
2026-04-09 23:01:48,422 - utils.alert_system - INFO - Alert cleared
2026-04-09 23:01:48,482 - utils.alert_system - INFO - Alert cleared
2026-04-09 23:01:48,543 - utils.alert_system - INFO - Alert cleared
2026-04-09 23:01:48,609 - utils.alert_system - INFO - Alert cleared
2026-04-09 23:01:48,670 - utils.alert_system - INFO - Alert cleared
2026-04-09 23:01:48,733 - utils.alert_system - INFO - Alert cleared
2026-04-09 23:01:48,797 - utils.alert_system - INFO - Alert cleared
2026-04-09 23:01:48,862 - utils.alert_system - INFO - Alert cleared
2026-04-09 23:01:48,924 - utils.alert_system - INFO - Alert cleared
2026-04-09 23:01:48,992 - utils.alert_system - INFO - Alert cleared
2026-04-09 23:01:49,050 - utils.alert_system - INFO - Alert cleared
2026-04-09 23:01:49,117 - utils.alert_system - INFO - Alert cleared
2026-04-09 23:01:49,179 - utils.alert_system - INFO - Alert cleared
2026-04-09 23:01:49,243 - utils.alert_system - INFO - Alert cleared
2026-04-09 23:01:49,304 - utils.alert_system - INFO - Alert cleared
2026-04-09 23:01:49,367 - utils.alert_system - INFO - Alert cleared
2026-04-09 23:01:49,430 - utils.alert_system - INFO - Alert cleared
2026-04-09 23:01:49,495 - utils.alert_system - INFO - Alert cleared
2026-04-09 23:01:49,566 - utils.alert_system - INFO - Alert cleared
2026-04-09 23:01:49,639 - utils.alert_system - INFO - Alert cleared
2026-04-09 23:01:49,702 - utils.alert_system - INFO - Alert cleared
2026-04-09 23:01:49,762 - utils.alert_system - INFO - Alert cleared
2026-04-09 23:01:49,834 - utils.alert_system - INFO - Alert cleared
2026-04-09 23:01:49,944 - utils.alert_system - INFO - Alert cleared
2026-04-09 23:01:50,009 - utils.alert_system - INFO - Alert cleared
2026-04-09 23:01:50,084 - utils.alert_system - INFO - Alert cleared
2026-04-09 23:01:50,143 - utils.alert_system - INFO - Alert cleared
2026-04-09 23:01:50,206 - utils.alert_system - INFO - Alert cleared
2026-04-09 23:01:50,274 - utils.alert_system - INFO - Alert cleared
2026-04-09 23:01:50,339 - utils.alert_system - INFO - Alert cleared
2026-04-09 23:01:50,411 - utils.alert_system - INFO - Alert cleared
2026-04-09 23:01:50,475 - utils.alert_system - INFO - Alert cleared
2026-04-09 23:01:50,540 - utils.alert_system - INFO - Alert cleared
2026-04-09 23:01:50,609 - utils.alert_system - INFO - Alert cleared
2026-04-09 23:01:50,672 - utils.alert_system - INFO - Alert cleared
2026-04-09 23:01:50,729 - utils.alert_system - INFO - Alert cleared
2026-04-09 23:01:50,796 - utils.alert_system - INFO - Alert cleared
2026-04-09 23:01:50,860 - utils.alert_system - INFO - Alert cleared
2026-04-09 23:01:50,922 - utils.alert_system - INFO - Alert cleared
2026-04-09 23:01:50,985 - utils.alert_system - INFO - Alert cleared
2026-04-09 23:01:51,048 - utils.alert_system - INFO - Alert cleared
2026-04-09 23:01:51,110 - utils.alert_system - INFO - Alert cleared
2026-04-09 23:01:51,172 - utils.alert_system - INFO - Alert cleared
2026-04-09 23:01:51,236 - utils.alert_system - INFO - Alert cleared
2026-04-09 23:01:51,302 - utils.alert_system - INFO - Alert cleared
2026-04-09 23:01:51,363 - utils.alert_system - INFO - Alert cleared
2026-04-09 23:01:51,432 - utils.alert_system - INFO - Alert cleared
2026-04-09 23:01:51,490 - utils.alert_system - INFO - Alert cleared
2026-04-09 23:01:51,553 - utils.alert_system - INFO - Alert cleared
2026-04-09 23:01:51,617 - utils.alert_system - INFO - Alert cleared
2026-04-09 23:01:51,682 - utils.alert_system - INFO - Alert cleared
2026-04-09 23:01:51,745 - utils.alert_system - INFO - Alert cleared
2026-04-09 23:01:51,807 - utils.alert_system - INFO - Alert cleared
2026-04-09 23:01:51,873 - utils.alert_system - INFO - Alert cleared
2026-04-09 23:01:51,940 - utils.alert_system - INFO - Alert cleared
2026-04-09 23:01:52,000 - utils.alert_system - INFO - Alert cleared
2026-04-09 23:01:52,062 - utils.alert_system - INFO - Alert cleared
2026-04-09 23:01:52,127 - utils.alert_system - INFO - Alert cleared
2026-04-09 23:01:52,190 - utils.alert_system - INFO - Alert cleared
2026-04-09 23:01:52,254 - utils.alert_system - INFO - Alert cleared
2026-04-09 23:01:52,320 - utils.alert_system - INFO - Alert cleared
2026-04-09 23:01:52,378 - utils.alert_system - INFO - Alert cleared
2026-04-09 23:01:52,443 - utils.alert_system - INFO - Alert cleared
2026-04-09 23:01:52,507 - utils.alert_system - INFO - Alert cleared
2026-04-09 23:01:52,565 - utils.alert_system - INFO - Alert cleared
2026-04-09 23:01:52,630 - utils.alert_system - INFO - Alert cleared
2026-04-09 23:01:52,701 - utils.alert_system - INFO - Alert cleared
2026-04-09 23:01:52,770 - utils.alert_system - INFO - Alert cleared
2026-04-09 23:01:52,821 - utils.alert_system - INFO - Alert cleared
2026-04-09 23:01:52,884 - utils.alert_system - INFO - Alert cleared
2026-04-09 23:01:52,954 - utils.alert_system - INFO - Alert cleared
2026-04-09 23:01:53,015 - utils.alert_system - INFO - Alert cleared
2026-04-09 23:01:53,074 - utils.alert_system - INFO - Alert cleared
2026-04-09 23:01:53,139 - utils.alert_system - INFO - Alert cleared
2026-04-09 23:01:53,196 - utils.alert_system - INFO - Alert cleared
2026-04-09 23:01:53,261 - utils.alert_system - INFO - Alert cleared
2026-04-09 23:01:53,325 - utils.alert_system - INFO - Alert cleared
2026-04-09 23:01:53,389 - utils.alert_system - INFO - Alert cleared
2026-04-09 23:01:53,452 - utils.alert_system - INFO - Alert cleared
2026-04-09 23:01:53,510 - utils.alert_system - INFO - Alert cleared
2026-04-09 23:01:53,583 - utils.alert_system - INFO - Alert cleared
2026-04-09 23:01:53,633 - utils.alert_system - INFO - Alert cleared
2026-04-09 23:01:53,696 - utils.alert_system - INFO - Alert cleared
2026-04-09 23:01:53,753 - utils.alert_system - INFO - Alert cleared
2026-04-09 23:01:53,814 - utils.alert_system - INFO - Alert cleared
2026-04-09 23:01:53,876 - utils.alert_system - INFO - Alert cleared
2026-04-09 23:01:53,947 - utils.alert_system - INFO - Alert cleared
2026-04-09 23:01:54,017 - utils.alert_system - INFO - Alert cleared
2026-04-09 23:01:54,088 - utils.alert_system - INFO - Alert cleared
2026-04-09 23:01:54,142 - utils.alert_system - INFO - Alert cleared
2026-04-09 23:01:54,226 - utils.alert_system - INFO - Alert cleared
2026-04-09 23:01:54,287 - utils.alert_system - INFO - Alert cleared
2026-04-09 23:01:54,351 - utils.alert_system - INFO - Alert cleared
2026-04-09 23:01:54,420 - utils.alert_system - INFO - Alert cleared
2026-04-09 23:01:54,494 - utils.alert_system - INFO - Alert cleared
2026-04-09 23:01:54,559 - utils.alert_system - INFO - Alert cleared
2026-04-09 23:01:54,622 - utils.alert_system - INFO - Alert cleared
2026-04-09 23:01:54,688 - utils.alert_system - INFO - Alert cleared
2026-04-09 23:01:54,751 - utils.alert_system - INFO - Alert cleared
2026-04-09 23:01:54,816 - utils.alert_system - INFO - Alert cleared
2026-04-09 23:01:54,878 - utils.alert_system - INFO - Alert cleared
2026-04-09 23:01:54,941 - utils.alert_system - INFO - Alert cleared
2026-04-09 23:01:55,005 - utils.alert_system - INFO - Alert cleared
2026-04-09 23:01:55,069 - utils.alert_system - INFO - Alert cleared
2026-04-09 23:01:55,130 - utils.alert_system - INFO - Alert cleared
2026-04-09 23:01:55,193 - utils.alert_system - INFO - Alert cleared
2026-04-09 23:01:55,255 - utils.alert_system - INFO - Alert cleared
2026-04-09 23:01:55,322 - utils.alert_system - INFO - Alert cleared
2026-04-09 23:01:55,385 - utils.alert_system - INFO - Alert cleared
2026-04-09 23:01:55,449 - utils.alert_system - INFO - Alert cleared
2026-04-09 23:01:55,510 - utils.alert_system - INFO - Alert cleared
2026-04-09 23:01:55,576 - utils.alert_system - INFO - Alert cleared
2026-04-09 23:01:55,639 - utils.alert_system - INFO - Alert cleared
2026-04-09 23:01:55,703 - utils.alert_system - INFO - Alert cleared
2026-04-09 23:01:55,765 - utils.alert_system - INFO - Alert cleared
2026-04-09 23:01:55,827 - utils.alert_system - INFO - Alert cleared
2026-04-09 23:01:55,893 - utils.alert_system - INFO - Alert cleared
2026-04-09 23:01:55,955 - utils.alert_system - INFO - Alert cleared
2026-04-09 23:01:56,016 - utils.alert_system - INFO - Alert cleared
2026-04-09 23:01:56,081 - utils.alert_system - INFO - Alert cleared
2026-04-09 23:01:56,148 - utils.alert_system - INFO - Alert cleared
2026-04-09 23:01:56,211 - utils.alert_system - INFO - Alert cleared
2026-04-09 23:01:56,271 - utils.alert_system - INFO - Alert cleared
2026-04-09 23:01:56,335 - utils.alert_system - INFO - Alert cleared
2026-04-09 23:01:56,408 - utils.alert_system - INFO - Alert cleared
2026-04-09 23:01:56,460 - utils.alert_system - INFO - Alert cleared
2026-04-09 23:01:56,522 - utils.alert_system - INFO - Alert cleared
2026-04-09 23:01:56,587 - utils.alert_system - INFO - Alert cleared
2026-04-09 23:01:56,649 - utils.alert_system - INFO - Alert cleared
2026-04-09 23:01:56,719 - utils.alert_system - INFO - Alert cleared
2026-04-09 23:01:56,774 - utils.alert_system - INFO - Alert cleared
2026-04-09 23:01:56,846 - utils.alert_system - INFO - Alert cleared
2026-04-09 23:01:56,909 - utils.alert_system - INFO - Alert cleared
2026-04-09 23:01:56,969 - utils.alert_system - INFO - Alert cleared
2026-04-09 23:01:57,024 - utils.alert_system - INFO - Alert cleared
2026-04-09 23:01:57,094 - utils.alert_system - INFO - Alert cleared
2026-04-09 23:01:57,157 - utils.alert_system - INFO - Alert cleared
2026-04-09 23:01:57,245 - utils.alert_system - INFO - Alert cleared
2026-04-09 23:01:57,305 - utils.alert_system - INFO - Alert cleared
2026-04-09 23:01:57,355 - utils.alert_system - INFO - Alert cleared
2026-04-09 23:01:57,421 - utils.alert_system - INFO - Alert cleared
2026-04-09 23:01:57,493 - utils.alert_system - INFO - Alert cleared
2026-04-09 23:01:57,543 - utils.alert_system - INFO - Alert cleared
2026-04-09 23:01:57,605 - utils.alert_system - INFO - Alert cleared
2026-04-09 23:01:57,669 - utils.alert_system - INFO - Alert cleared
2026-04-09 23:01:57,738 - utils.alert_system - INFO - Alert cleared
2026-04-09 23:01:57,812 - utils.alert_system - INFO - Alert cleared
2026-04-09 23:01:57,880 - utils.alert_system - INFO - Alert cleared
2026-04-09 23:01:57,948 - utils.alert_system - INFO - Alert cleared
2026-04-09 23:01:58,019 - utils.alert_system - INFO - Alert cleared
2026-04-09 23:01:58,083 - utils.alert_system - INFO - Alert cleared
2026-04-09 23:01:58,146 - utils.alert_system - INFO - Alert cleared
2026-04-09 23:01:58,210 - utils.alert_system - INFO - Alert cleared
2026-04-09 23:01:58,280 - utils.alert_system - INFO - Alert cleared
2026-04-09 23:01:58,355 - utils.alert_system - INFO - Alert cleared
2026-04-09 23:01:58,418 - utils.alert_system - INFO - Alert cleared
2026-04-09 23:01:58,481 - utils.alert_system - INFO - Alert cleared
2026-04-09 23:01:58,551 - utils.alert_system - INFO - Alert cleared
2026-04-09 23:01:58,622 - utils.alert_system - INFO - Alert cleared
2026-04-09 23:01:58,689 - utils.alert_system - INFO - Alert cleared
2026-04-09 23:01:58,758 - utils.alert_system - INFO - Alert cleared
2026-04-09 23:01:58,834 - utils.alert_system - INFO - Alert cleared
2026-04-09 23:01:58,893 - utils.alert_system - INFO - Alert cleared
2026-04-09 23:01:58,955 - utils.alert_system - INFO - Alert cleared
2026-04-09 23:01:59,034 - utils.alert_system - INFO - Alert cleared
2026-04-09 23:01:59,102 - utils.alert_system - INFO - Alert cleared
2026-04-09 23:01:59,160 - utils.alert_system - INFO - Alert cleared
2026-04-09 23:01:59,225 - utils.alert_system - INFO - Alert cleared
2026-04-09 23:01:59,293 - utils.alert_system - INFO - Alert cleared
2026-04-09 23:01:59,352 - utils.alert_system - INFO - Alert cleared
2026-04-09 23:01:59,419 - utils.alert_system - INFO - Alert cleared
2026-04-09 23:01:59,481 - utils.alert_system - INFO - Alert cleared
2026-04-09 23:01:59,542 - utils.alert_system - INFO - Alert cleared
2026-04-09 23:01:59,606 - utils.alert_system - INFO - Alert cleared
2026-04-09 23:01:59,671 - utils.alert_system - INFO - Alert cleared
2026-04-09 23:01:59,735 - utils.alert_system - INFO - Alert cleared
2026-04-09 23:01:59,799 - utils.alert_system - INFO - Alert cleared
2026-04-09 23:01:59,864 - utils.alert_system - INFO - Alert cleared
2026-04-09 23:01:59,923 - utils.alert_system - INFO - Alert cleared
2026-04-09 23:01:59,986 - utils.alert_system - INFO - Alert cleared
2026-04-09 23:02:00,055 - utils.alert_system - INFO - Alert cleared
2026-04-09 23:02:00,114 - utils.alert_system - INFO - Alert cleared
2026-04-09 23:02:00,172 - utils.alert_system - INFO - Alert cleared
2026-04-09 23:02:00,239 - utils.alert_system - INFO - Alert cleared
2026-04-09 23:02:00,327 - utils.alert_system - INFO - Alert cleared
2026-04-09 23:02:00,404 - utils.alert_system - INFO - Alert cleared
2026-04-09 23:02:00,464 - utils.alert_system - INFO - Alert cleared
2026-04-09 23:02:00,530 - utils.alert_system - INFO - Alert cleared
2026-04-09 23:02:00,592 - utils.alert_system - INFO - Alert cleared
2026-04-09 23:02:00,652 - utils.alert_system - INFO - Alert cleared
2026-04-09 23:02:00,717 - utils.alert_system - INFO - Alert cleared
2026-04-09 23:02:00,783 - utils.alert_system - INFO - Alert cleared
2026-04-09 23:02:00,846 - utils.alert_system - INFO - Alert cleared
2026-04-09 23:02:00,907 - utils.alert_system - INFO - Alert cleared
2026-04-09 23:02:00,971 - utils.alert_system - INFO - Alert cleared
2026-04-09 23:02:01,036 - utils.alert_system - INFO - Alert cleared
2026-04-09 23:02:01,100 - utils.alert_system - INFO - Alert cleared
2026-04-09 23:02:01,160 - utils.alert_system - INFO - Alert cleared
2026-04-09 23:02:01,226 - utils.alert_system - INFO - Alert cleared
2026-04-09 23:02:01,290 - utils.alert_system - INFO - Alert cleared
2026-04-09 23:02:01,349 - utils.alert_system - INFO - Alert cleared
2026-04-09 23:02:01,416 - utils.alert_system - INFO - Alert cleared
2026-04-09 23:02:01,482 - utils.alert_system - INFO - Alert cleared
2026-04-09 23:02:01,544 - utils.alert_system - INFO - Alert cleared
2026-04-09 23:02:01,605 - utils.alert_system - INFO - Alert cleared
2026-04-09 23:02:01,667 - utils.alert_system - INFO - Alert cleared
2026-04-09 23:02:01,730 - utils.alert_system - INFO - Alert cleared
2026-04-09 23:02:01,796 - utils.alert_system - INFO - Alert cleared
2026-04-09 23:02:01,859 - utils.alert_system - INFO - Alert cleared
2026-04-09 23:02:01,924 - utils.alert_system - INFO - Alert cleared
2026-04-09 23:02:01,994 - utils.alert_system - INFO - Alert cleared
2026-04-09 23:02:02,065 - utils.alert_system - INFO - Alert cleared
2026-04-09 23:02:02,128 - utils.alert_system - INFO - Alert cleared
2026-04-09 23:02:02,193 - utils.alert_system - INFO - Alert cleared
2026-04-09 23:02:02,257 - utils.alert_system - INFO - Alert cleared
2026-04-09 23:02:02,335 - utils.alert_system - INFO - Alert cleared
2026-04-09 23:02:02,410 - utils.alert_system - INFO - Alert cleared
2026-04-09 23:02:02,483 - utils.alert_system - INFO - Alert cleared
2026-04-09 23:02:02,546 - utils.alert_system - INFO - Alert cleared
2026-04-09 23:02:02,613 - utils.alert_system - INFO - Alert cleared
2026-04-09 23:02:02,682 - utils.alert_system - INFO - Alert cleared
2026-04-09 23:02:02,729 - utils.alert_system - INFO - Alert cleared
2026-04-09 23:02:02,807 - utils.alert_system - INFO - Alert cleared
2026-04-09 23:02:02,873 - utils.alert_system - INFO - Alert cleared
2026-04-09 23:02:02,941 - utils.alert_system - INFO - Alert cleared
2026-04-09 23:02:03,005 - utils.alert_system - INFO - Alert cleared
2026-04-09 23:02:03,075 - utils.alert_system - INFO - Alert cleared
2026-04-09 23:02:03,138 - utils.alert_system - INFO - Alert cleared
2026-04-09 23:02:03,191 - utils.alert_system - INFO - Alert cleared
2026-04-09 23:02:03,255 - utils.alert_system - INFO - Alert cleared
2026-04-09 23:02:03,340 - utils.alert_system - INFO - Alert cleared
2026-04-09 23:02:03,392 - utils.alert_system - INFO - Alert cleared
2026-04-09 23:02:03,456 - utils.alert_system - INFO - Alert cleared
2026-04-09 23:02:03,527 - utils.alert_system - INFO - Alert cleared
2026-04-09 23:02:03,590 - utils.alert_system - INFO - Alert cleared
2026-04-09 23:02:03,664 - utils.alert_system - INFO - Alert cleared
2026-04-09 23:02:03,728 - utils.alert_system - INFO - Alert cleared
2026-04-09 23:02:03,785 - utils.alert_system - INFO - Alert cleared
2026-04-09 23:02:03,851 - utils.alert_system - INFO - Alert cleared
2026-04-09 23:02:03,904 - utils.alert_system - INFO - Alert cleared
2026-04-09 23:02:03,979 - utils.alert_system - INFO - Alert cleared
2026-04-09 23:02:04,032 - utils.alert_system - INFO - Alert cleared
2026-04-09 23:02:04,101 - utils.alert_system - INFO - Alert cleared
2026-04-09 23:02:04,163 - utils.alert_system - INFO - Alert cleared
2026-04-09 23:02:04,227 - utils.alert_system - INFO - Alert cleared
2026-04-09 23:02:04,297 - utils.alert_system - INFO - Alert cleared
2026-04-09 23:02:04,357 - utils.alert_system - INFO - Alert cleared
2026-04-09 23:02:04,420 - utils.alert_system - INFO - Alert cleared
2026-04-09 23:02:04,487 - utils.alert_system - INFO - Alert cleared
2026-04-09 23:02:04,550 - utils.alert_system - INFO - Alert cleared
2026-04-09 23:02:04,614 - utils.alert_system - INFO - Alert cleared
2026-04-09 23:02:04,676 - utils.alert_system - INFO - Alert cleared
2026-04-09 23:02:04,740 - utils.alert_system - INFO - Alert cleared
2026-04-09 23:02:04,804 - utils.alert_system - INFO - Alert cleared
2026-04-09 23:02:04,869 - utils.alert_system - INFO - Alert cleared
2026-04-09 23:02:04,931 - utils.alert_system - INFO - Alert cleared
2026-04-09 23:02:04,995 - utils.alert_system - INFO - Alert cleared
2026-04-09 23:02:05,055 - utils.alert_system - INFO - Alert cleared
2026-04-09 23:02:05,121 - utils.alert_system - INFO - Alert cleared
2026-04-09 23:02:05,182 - utils.alert_system - INFO - Alert cleared
2026-04-09 23:02:05,243 - utils.alert_system - INFO - Alert cleared
2026-04-09 23:02:05,309 - utils.alert_system - INFO - Alert cleared
2026-04-09 23:02:05,374 - utils.alert_system - INFO - Alert cleared
2026-04-09 23:02:05,448 - utils.alert_system - INFO - Alert cleared
2026-04-09 23:02:05,509 - utils.alert_system - INFO - Alert cleared
2026-04-09 23:02:05,578 - utils.alert_system - INFO - Alert cleared
2026-04-09 23:02:05,640 - utils.alert_system - INFO - Alert cleared
2026-04-09 23:02:05,702 - utils.alert_system - INFO - Alert cleared
2026-04-09 23:02:05,766 - utils.alert_system - INFO - Alert cleared
2026-04-09 23:02:05,829 - utils.alert_system - INFO - Alert cleared
2026-04-09 23:02:05,893 - utils.alert_system - INFO - Alert cleared
2026-04-09 23:02:05,955 - utils.alert_system - INFO - Alert cleared
2026-04-09 23:02:06,019 - utils.alert_system - INFO - Alert cleared
2026-04-09 23:02:06,081 - utils.alert_system - INFO - Alert cleared
2026-04-09 23:02:06,149 - utils.alert_system - INFO - Alert cleared
2026-04-09 23:02:06,209 - utils.alert_system - INFO - Alert cleared
2026-04-09 23:02:06,274 - utils.alert_system - INFO - Alert cleared
2026-04-09 23:02:06,337 - utils.alert_system - INFO - Alert cleared
2026-04-09 23:02:06,397 - utils.alert_system - INFO - Alert cleared
2026-04-09 23:02:06,459 - utils.alert_system - INFO - Alert cleared
2026-04-09 23:02:06,523 - utils.alert_system - INFO - Alert cleared
2026-04-09 23:02:06,586 - utils.alert_system - INFO - Alert cleared
2026-04-09 23:02:06,651 - utils.alert_system - INFO - Alert cleared
2026-04-09 23:02:06,714 - utils.alert_system - INFO - Alert cleared
2026-04-09 23:02:06,776 - utils.alert_system - INFO - Alert cleared
2026-04-09 23:02:06,838 - utils.alert_system - INFO - Alert cleared
2026-04-09 23:02:06,901 - utils.alert_system - INFO - Alert cleared
2026-04-09 23:02:06,965 - utils.alert_system - INFO - Alert cleared
2026-04-09 23:02:07,029 - utils.alert_system - INFO - Alert cleared
2026-04-09 23:02:07,098 - utils.alert_system - INFO - Alert cleared
2026-04-09 23:02:07,159 - utils.alert_system - INFO - Alert cleared
2026-04-09 23:02:07,222 - utils.alert_system - INFO - Alert cleared
2026-04-09 23:02:07,289 - utils.alert_system - INFO - Alert cleared
2026-04-09 23:02:07,349 - utils.alert_system - INFO - Alert cleared
2026-04-09 23:02:07,410 - utils.alert_system - INFO - Alert cleared
2026-04-09 23:02:07,475 - utils.alert_system - INFO - Alert cleared
2026-04-09 23:02:07,539 - utils.alert_system - INFO - Alert cleared
2026-04-09 23:02:07,604 - utils.alert_system - INFO - Alert cleared
2026-04-09 23:02:07,668 - utils.alert_system - INFO - Alert cleared
2026-04-09 23:02:07,729 - utils.alert_system - INFO - Alert cleared
2026-04-09 23:02:07,796 - utils.alert_system - INFO - Alert cleared
2026-04-09 23:02:07,860 - utils.alert_system - INFO - Alert cleared
2026-04-09 23:02:07,919 - utils.alert_system - INFO - Alert cleared
2026-04-09 23:02:07,985 - utils.alert_system - INFO - Alert cleared
2026-04-09 23:02:08,045 - utils.alert_system - INFO - Alert cleared
2026-04-09 23:02:08,114 - utils.alert_system - INFO - Alert cleared
2026-04-09 23:02:08,188 - utils.alert_system - INFO - Alert cleared
2026-04-09 23:02:08,253 - utils.alert_system - INFO - Alert cleared
2026-04-09 23:02:08,307 - utils.alert_system - INFO - Alert cleared
2026-04-09 23:02:08,374 - utils.alert_system - INFO - Alert cleared
2026-04-09 23:02:08,444 - utils.alert_system - INFO - Alert cleared
2026-04-09 23:02:08,494 - utils.alert_system - INFO - Alert cleared
2026-04-09 23:02:08,566 - utils.alert_system - INFO - Alert cleared
2026-04-09 23:02:08,638 - utils.alert_system - INFO - Alert cleared
2026-04-09 23:02:08,712 - utils.alert_system - INFO - Alert cleared
2026-04-09 23:02:08,769 - utils.alert_system - INFO - Alert cleared
2026-04-09 23:02:08,831 - utils.alert_system - INFO - Alert cleared
2026-04-09 23:02:08,900 - utils.alert_system - INFO - Alert cleared
2026-04-09 23:02:08,962 - utils.alert_system - INFO - Alert cleared
2026-04-09 23:02:09,024 - utils.alert_system - INFO - Alert cleared
2026-04-09 23:02:09,094 - utils.alert_system - INFO - Alert cleared
2026-04-09 23:02:09,158 - utils.alert_system - INFO - Alert cleared
2026-04-09 23:02:09,228 - utils.alert_system - INFO - Alert cleared
2026-04-09 23:02:09,275 - utils.alert_system - INFO - Alert cleared
2026-04-09 23:02:09,350 - utils.alert_system - INFO - Alert cleared
2026-04-09 23:02:09,425 - utils.alert_system - INFO - Alert cleared
2026-04-09 23:02:09,482 - utils.alert_system - INFO - Alert cleared
2026-04-09 23:02:09,554 - utils.alert_system - INFO - Alert cleared
2026-04-09 23:02:09,625 - utils.alert_system - INFO - Alert cleared
2026-04-09 23:02:09,683 - utils.alert_system - INFO - Alert cleared
2026-04-09 23:02:09,747 - utils.alert_system - INFO - Alert cleared
2026-04-09 23:02:09,810 - utils.alert_system - INFO - Alert cleared
2026-04-09 23:02:09,874 - utils.alert_system - INFO - Alert cleared
2026-04-09 23:02:09,929 - utils.alert_system - INFO - Alert cleared
2026-04-09 23:02:10,001 - utils.alert_system - INFO - Alert cleared
2026-04-09 23:02:10,065 - utils.alert_system - INFO - Alert cleared
2026-04-09 23:02:10,151 - utils.alert_system - INFO - Alert cleared
2026-04-09 23:02:10,218 - utils.alert_system - INFO - Alert cleared
2026-04-09 23:02:10,310 - utils.alert_system - INFO - Alert cleared
2026-04-09 23:02:10,378 - utils.alert_system - INFO - Alert cleared
2026-04-09 23:02:10,434 - utils.alert_system - INFO - Alert cleared
2026-04-09 23:02:10,502 - utils.alert_system - INFO - Alert cleared
2026-04-09 23:02:10,558 - utils.alert_system - INFO - Alert cleared
2026-04-09 23:02:10,619 - utils.alert_system - INFO - Alert cleared
2026-04-09 23:02:10,692 - utils.alert_system - INFO - Alert cleared
2026-04-09 23:02:10,756 - utils.alert_system - INFO - Alert cleared
2026-04-09 23:02:10,816 - utils.alert_system - INFO - Alert cleared
2026-04-09 23:02:10,880 - utils.alert_system - INFO - Alert cleared
2026-04-09 23:02:10,940 - utils.alert_system - INFO - Alert cleared
2026-04-09 23:02:11,005 - utils.alert_system - INFO - Alert cleared
2026-04-09 23:02:11,075 - utils.alert_system - INFO - Alert cleared
2026-04-09 23:02:11,130 - utils.alert_system - INFO - Alert cleared
2026-04-09 23:02:11,201 - utils.alert_system - INFO - Alert cleared
2026-04-09 23:02:11,251 - utils.alert_system - INFO - Alert cleared
2026-04-09 23:02:11,316 - utils.alert_system - INFO - Alert cleared
2026-04-09 23:02:11,388 - utils.alert_system - INFO - Alert cleared
2026-04-09 23:02:11,439 - utils.alert_system - INFO - Alert cleared
2026-04-09 23:02:11,502 - utils.alert_system - INFO - Alert cleared
2026-04-09 23:02:11,573 - utils.alert_system - INFO - Alert cleared
2026-04-09 23:02:11,634 - utils.alert_system - INFO - Alert cleared
2026-04-09 23:02:11,692 - utils.alert_system - INFO - Alert cleared
2026-04-09 23:02:11,753 - utils.alert_system - INFO - Alert cleared
2026-04-09 23:02:11,818 - utils.alert_system - INFO - Alert cleared
2026-04-09 23:02:11,888 - utils.alert_system - INFO - Alert cleared
2026-04-09 23:02:11,951 - utils.alert_system - INFO - Alert cleared
2026-04-09 23:02:12,024 - utils.alert_system - INFO - Alert cleared
2026-04-09 23:02:12,087 - utils.alert_system - INFO - Alert cleared
2026-04-09 23:02:12,150 - utils.alert_system - INFO - Alert cleared
2026-04-09 23:02:12,222 - utils.alert_system - INFO - Alert cleared
2026-04-09 23:02:12,283 - utils.alert_system - INFO - Alert cleared
2026-04-09 23:02:12,343 - utils.alert_system - INFO - Alert cleared
2026-04-09 23:02:12,407 - utils.alert_system - INFO - Alert cleared
2026-04-09 23:02:12,472 - utils.alert_system - INFO - Alert cleared
2026-04-09 23:02:12,531 - utils.alert_system - INFO - Alert cleared
2026-04-09 23:02:12,596 - utils.alert_system - INFO - Alert cleared
2026-04-09 23:02:12,656 - utils.alert_system - INFO - Alert cleared
2026-04-09 23:02:12,718 - utils.alert_system - INFO - Alert cleared
2026-04-09 23:02:12,783 - utils.alert_system - INFO - Alert cleared
2026-04-09 23:02:12,844 - utils.alert_system - INFO - Alert cleared
2026-04-09 23:02:12,910 - utils.alert_system - INFO - Alert cleared
2026-04-09 23:02:12,977 - utils.alert_system - INFO - Alert cleared
2026-04-09 23:02:13,040 - utils.alert_system - INFO - Alert cleared
2026-04-09 23:02:13,100 - utils.alert_system - INFO - Alert cleared
2026-04-09 23:02:13,170 - utils.alert_system - INFO - Alert cleared
2026-04-09 23:02:13,229 - utils.alert_system - INFO - Alert cleared
2026-04-09 23:02:13,296 - utils.alert_system - INFO - Alert cleared
2026-04-09 23:02:13,357 - utils.alert_system - INFO - Alert cleared
2026-04-09 23:02:13,419 - utils.alert_system - INFO - Alert cleared
2026-04-09 23:02:13,487 - utils.alert_system - INFO - Alert cleared
2026-04-09 23:02:13,553 - utils.alert_system - INFO - Alert cleared
2026-04-09 23:02:13,626 - utils.alert_system - INFO - Alert cleared
2026-04-09 23:02:13,688 - utils.alert_system - INFO - Alert cleared
2026-04-09 23:02:13,754 - utils.alert_system - INFO - Alert cleared
2026-04-09 23:02:13,818 - utils.alert_system - INFO - Alert cleared
2026-04-09 23:02:13,881 - utils.alert_system - INFO - Alert cleared
2026-04-09 23:02:13,943 - utils.alert_system - INFO - Alert cleared
2026-04-09 23:02:14,004 - utils.alert_system - INFO - Alert cleared
2026-04-09 23:02:14,071 - utils.alert_system - INFO - Alert cleared
2026-04-09 23:02:14,133 - utils.alert_system - INFO - Alert cleared
2026-04-09 23:02:14,199 - utils.alert_system - INFO - Alert cleared
2026-04-09 23:02:14,260 - utils.alert_system - INFO - Alert cleared
2026-04-09 23:02:14,323 - utils.alert_system - INFO - Alert cleared
2026-04-09 23:02:14,400 - utils.alert_system - INFO - Alert cleared
2026-04-09 23:02:14,462 - utils.alert_system - INFO - Alert cleared
2026-04-09 23:02:14,525 - utils.alert_system - INFO - Alert cleared
2026-04-09 23:02:14,600 - utils.alert_system - INFO - Alert cleared
2026-04-09 23:02:14,661 - utils.alert_system - INFO - Alert cleared
2026-04-09 23:02:14,717 - utils.alert_system - INFO - Alert cleared
2026-04-09 23:02:14,805 - utils.alert_system - INFO - Alert cleared
2026-04-09 23:02:14,871 - utils.alert_system - INFO - Alert cleared
2026-04-09 23:02:14,946 - utils.alert_system - INFO - Alert cleared
2026-04-09 23:02:15,023 - utils.alert_system - INFO - Alert cleared
2026-04-09 23:02:15,081 - utils.alert_system - INFO - Alert cleared
2026-04-09 23:02:15,141 - utils.alert_system - INFO - Alert cleared
2026-04-09 23:02:15,207 - utils.alert_system - INFO - Alert cleared
2026-04-09 23:02:15,273 - utils.alert_system - INFO - Alert cleared
2026-04-09 23:02:15,336 - utils.alert_system - INFO - Alert cleared
2026-04-09 23:02:15,405 - utils.alert_system - INFO - Alert cleared
2026-04-09 23:02:15,462 - utils.alert_system - INFO - Alert cleared
2026-04-09 23:02:15,526 - utils.alert_system - INFO - Alert cleared
2026-04-09 23:02:15,586 - utils.alert_system - INFO - Alert cleared
2026-04-09 23:02:15,658 - utils.alert_system - INFO - Alert cleared
2026-04-09 23:02:15,722 - utils.alert_system - INFO - Alert cleared
2026-04-09 23:02:15,772 - utils.alert_system - INFO - Alert cleared
2026-04-09 23:02:15,853 - utils.alert_system - INFO - Alert cleared
2026-04-09 23:02:15,938 - utils.alert_system - INFO - Alert cleared
2026-04-09 23:02:16,012 - utils.alert_system - INFO - Alert cleared
2026-04-09 23:02:16,074 - utils.alert_system - INFO - Alert cleared
2026-04-09 23:02:16,145 - utils.alert_system - INFO - Alert cleared
2026-04-09 23:02:16,208 - utils.alert_system - INFO - Alert cleared
2026-04-09 23:02:16,271 - utils.alert_system - INFO - Alert cleared
2026-04-09 23:02:16,343 - utils.alert_system - INFO - Alert cleared
2026-04-09 23:02:16,411 - utils.alert_system - INFO - Alert cleared
2026-04-09 23:02:16,475 - utils.alert_system - INFO - Alert cleared
2026-04-09 23:02:16,539 - utils.alert_system - INFO - Alert cleared
2026-04-09 23:02:16,601 - utils.alert_system - INFO - Alert cleared
2026-04-09 23:02:16,665 - utils.alert_system - INFO - Alert cleared
2026-04-09 23:02:16,725 - utils.alert_system - INFO - Alert cleared
2026-04-09 23:02:16,793 - utils.alert_system - INFO - Alert cleared
2026-04-09 23:02:16,855 - utils.alert_system - INFO - Alert cleared
2026-04-09 23:02:16,920 - utils.alert_system - INFO - Alert cleared
2026-04-09 23:02:16,985 - utils.alert_system - INFO - Alert cleared
2026-04-09 23:02:17,046 - utils.alert_system - INFO - Alert cleared
2026-04-09 23:02:17,109 - utils.alert_system - INFO - Alert cleared
2026-04-09 23:02:17,175 - utils.alert_system - INFO - Alert cleared
2026-04-09 23:02:17,236 - utils.alert_system - INFO - Alert cleared
2026-04-09 23:02:17,296 - utils.alert_system - INFO - Alert cleared
2026-04-09 23:02:17,362 - utils.alert_system - INFO - Alert cleared
2026-04-09 23:02:17,425 - utils.alert_system - INFO - Alert cleared
2026-04-09 23:02:17,488 - utils.alert_system - INFO - Alert cleared
2026-04-09 23:02:17,553 - utils.alert_system - INFO - Alert cleared
2026-04-09 23:02:17,620 - utils.alert_system - INFO - Alert cleared
2026-04-09 23:02:17,693 - utils.alert_system - INFO - Alert cleared
2026-04-09 23:02:17,760 - utils.alert_system - INFO - Alert cleared
2026-04-09 23:02:17,823 - utils.alert_system - INFO - Alert cleared
2026-04-09 23:02:17,884 - utils.alert_system - INFO - Alert cleared
2026-04-09 23:02:17,953 - utils.alert_system - INFO - Alert cleared
2026-04-09 23:02:18,066 - utils.alert_system - INFO - Alert cleared
2026-04-09 23:02:18,137 - utils.alert_system - INFO - Alert cleared
2026-04-09 23:02:18,205 - utils.alert_system - INFO - Alert cleared
2026-04-09 23:02:18,281 - utils.alert_system - INFO - Alert cleared
2026-04-09 23:02:18,346 - utils.alert_system - INFO - Alert cleared
2026-04-09 23:02:18,407 - utils.alert_system - INFO - Alert cleared
2026-04-09 23:02:18,466 - utils.alert_system - INFO - Alert cleared
2026-04-09 23:02:18,527 - utils.alert_system - INFO - Alert cleared
2026-04-09 23:02:18,590 - utils.alert_system - INFO - Alert cleared
2026-04-09 23:02:18,657 - utils.alert_system - INFO - Alert cleared
2026-04-09 23:02:18,720 - utils.alert_system - INFO - Alert cleared
2026-04-09 23:02:18,781 - utils.alert_system - INFO - Alert cleared
2026-04-09 23:02:18,848 - utils.alert_system - INFO - Alert cleared
2026-04-09 23:02:18,912 - utils.alert_system - INFO - Alert cleared
2026-04-09 23:02:18,977 - utils.alert_system - INFO - Alert cleared
2026-04-09 23:02:19,038 - utils.alert_system - INFO - Alert cleared
2026-04-09 23:02:19,100 - utils.alert_system - INFO - Alert cleared
2026-04-09 23:02:19,164 - utils.alert_system - INFO - Alert cleared
2026-04-09 23:02:19,230 - utils.alert_system - INFO - Alert cleared
2026-04-09 23:02:19,290 - utils.alert_system - INFO - Alert cleared
2026-04-09 23:02:19,362 - utils.alert_system - INFO - Alert cleared
2026-04-09 23:02:19,438 - utils.alert_system - INFO - Alert cleared
2026-04-09 23:02:19,500 - utils.alert_system - INFO - Alert cleared
2026-04-09 23:02:19,566 - utils.alert_system - INFO - Alert cleared
2026-04-09 23:02:19,630 - utils.alert_system - INFO - Alert cleared
2026-04-09 23:02:19,689 - utils.alert_system - INFO - Alert cleared
2026-04-09 23:02:19,755 - utils.alert_system - INFO - Alert cleared
2026-04-09 23:02:19,818 - utils.alert_system - INFO - Alert cleared
2026-04-09 23:02:19,881 - utils.alert_system - INFO - Alert cleared
2026-04-09 23:02:19,943 - utils.alert_system - INFO - Alert cleared
2026-04-09 23:02:20,006 - utils.alert_system - INFO - Alert cleared
2026-04-09 23:02:20,072 - utils.alert_system - INFO - Alert cleared
2026-04-09 23:02:20,139 - utils.alert_system - INFO - Alert cleared
2026-04-09 23:02:20,213 - utils.alert_system - INFO - Alert cleared
2026-04-09 23:02:20,278 - utils.alert_system - INFO - Alert cleared
2026-04-09 23:02:20,349 - utils.alert_system - INFO - Alert cleared
2026-04-09 23:02:20,406 - utils.alert_system - INFO - Alert cleared
2026-04-09 23:02:20,479 - utils.alert_system - INFO - Alert cleared
2026-04-09 23:02:20,544 - utils.alert_system - INFO - Alert cleared
2026-04-09 23:02:20,611 - utils.alert_system - INFO - Alert cleared
2026-04-09 23:02:20,661 - utils.alert_system - INFO - Alert cleared
2026-04-09 23:02:20,730 - utils.alert_system - INFO - Alert cleared
2026-04-09 23:02:20,788 - utils.alert_system - INFO - Alert cleared
2026-04-09 23:02:20,858 - utils.alert_system - INFO - Alert cleared
2026-04-09 23:02:20,926 - utils.alert_system - INFO - Alert cleared
2026-04-09 23:02:20,990 - utils.alert_system - INFO - Alert cleared
2026-04-09 23:02:21,065 - utils.alert_system - INFO - Alert cleared
2026-04-09 23:02:21,130 - utils.alert_system - INFO - Alert cleared
2026-04-09 23:02:21,188 - utils.alert_system - INFO - Alert cleared
2026-04-09 23:02:21,276 - utils.alert_system - INFO - Alert cleared
2026-04-09 23:02:21,347 - utils.alert_system - INFO - Alert cleared
2026-04-09 23:02:21,399 - utils.alert_system - INFO - Alert cleared
2026-04-09 23:02:21,501 - utils.alert_system - INFO - Alert cleared
2026-04-09 23:02:21,559 - utils.alert_system - INFO - Alert cleared
2026-04-09 23:02:21,628 - utils.alert_system - INFO - Alert cleared
2026-04-09 23:02:21,691 - utils.alert_system - INFO - Alert cleared
2026-04-09 23:02:21,760 - utils.alert_system - INFO - Alert cleared
2026-04-09 23:02:21,837 - utils.alert_system - INFO - Alert cleared
2026-04-09 23:02:21,909 - utils.alert_system - INFO - Alert cleared
2026-04-09 23:02:21,961 - utils.alert_system - INFO - Alert cleared
2026-04-09 23:02:22,026 - utils.alert_system - INFO - Alert cleared
2026-04-09 23:02:22,087 - utils.alert_system - INFO - Alert cleared
2026-04-09 23:02:22,173 - utils.alert_system - INFO - Alert cleared
2026-04-09 23:02:22,223 - utils.alert_system - INFO - Alert cleared
2026-04-09 23:02:22,307 - utils.alert_system - INFO - Alert cleared
2026-04-09 23:02:22,366 - utils.alert_system - INFO - Alert cleared
2026-04-09 23:02:22,427 - utils.alert_system - INFO - Alert cleared
2026-04-09 23:02:22,487 - utils.alert_system - INFO - Alert cleared
2026-04-09 23:02:22,558 - utils.alert_system - INFO - Alert cleared
2026-04-09 23:02:22,614 - utils.alert_system - INFO - Alert cleared
2026-04-09 23:02:22,685 - utils.alert_system - INFO - Alert cleared
2026-04-09 23:02:22,747 - utils.alert_system - INFO - Alert cleared
2026-04-09 23:02:22,802 - utils.alert_system - INFO - Alert cleared
2026-04-09 23:02:22,891 - utils.alert_system - INFO - Alert cleared
2026-04-09 23:02:22,951 - utils.alert_system - INFO - Alert cleared
2026-04-09 23:02:23,010 - utils.alert_system - INFO - Alert cleared
2026-04-09 23:02:23,075 - utils.alert_system - INFO - Alert cleared
2026-04-09 23:02:23,128 - utils.alert_system - INFO - Alert cleared
2026-04-09 23:02:23,199 - utils.alert_system - INFO - Alert cleared
2026-04-09 23:02:23,264 - utils.alert_system - INFO - Alert cleared
2026-04-09 23:02:23,339 - utils.alert_system - INFO - Alert cleared
2026-04-09 23:02:23,398 - utils.alert_system - INFO - Alert cleared
2026-04-09 23:02:23,456 - utils.alert_system - INFO - Alert cleared
2026-04-09 23:02:23,527 - utils.alert_system - INFO - Alert cleared
2026-04-09 23:02:23,579 - utils.alert_system - INFO - Alert cleared
2026-04-09 23:02:23,649 - utils.alert_system - INFO - Alert cleared
2026-04-09 23:02:23,702 - utils.alert_system - INFO - Alert cleared
2026-04-09 23:02:23,772 - utils.alert_system - INFO - Alert cleared
2026-04-09 23:02:23,838 - utils.alert_system - INFO - Alert cleared
2026-04-09 23:02:23,891 - utils.alert_system - INFO - Alert cleared
2026-04-09 23:02:23,976 - utils.alert_system - INFO - Alert cleared
2026-04-09 23:02:24,039 - utils.alert_system - INFO - Alert cleared
2026-04-09 23:02:24,101 - utils.alert_system - INFO - Alert cleared
2026-04-09 23:02:24,155 - utils.alert_system - INFO - Alert cleared
2026-04-09 23:02:24,217 - utils.alert_system - INFO - Alert cleared
2026-04-09 23:02:24,288 - utils.alert_system - INFO - Alert cleared
2026-04-09 23:02:24,357 - utils.alert_system - INFO - Alert cleared
2026-04-09 23:02:24,424 - utils.alert_system - INFO - Alert cleared
2026-04-09 23:02:24,487 - utils.alert_system - INFO - Alert cleared
2026-04-09 23:02:24,549 - utils.alert_system - INFO - Alert cleared
2026-04-09 23:02:24,612 - utils.alert_system - INFO - Alert cleared
2026-04-09 23:02:24,675 - utils.alert_system - INFO - Alert cleared
2026-04-09 23:02:24,738 - utils.alert_system - INFO - Alert cleared
2026-04-09 23:02:24,801 - utils.alert_system - INFO - Alert cleared
2026-04-09 23:02:24,867 - utils.alert_system - INFO - Alert cleared
2026-04-09 23:02:24,928 - utils.alert_system - INFO - Alert cleared
2026-04-09 23:02:24,991 - utils.alert_system - INFO - Alert cleared
2026-04-09 23:02:25,056 - utils.alert_system - INFO - Alert cleared
2026-04-09 23:02:25,118 - utils.alert_system - INFO - Alert cleared
2026-04-09 23:02:25,184 - utils.alert_system - INFO - Alert cleared
2026-04-09 23:02:25,245 - utils.alert_system - INFO - Alert cleared
2026-04-09 23:02:25,312 - utils.alert_system - INFO - Alert cleared
2026-04-09 23:02:25,372 - utils.alert_system - INFO - Alert cleared
2026-04-09 23:02:25,437 - utils.alert_system - INFO - Alert cleared
2026-04-09 23:02:25,501 - utils.alert_system - INFO - Alert cleared
2026-04-09 23:02:25,564 - utils.alert_system - INFO - Alert cleared
2026-04-09 23:02:25,629 - utils.alert_system - INFO - Alert cleared
2026-04-09 23:02:25,690 - utils.alert_system - INFO - Alert cleared
2026-04-09 23:02:25,753 - utils.alert_system - INFO - Alert cleared
2026-04-09 23:02:25,816 - utils.alert_system - INFO - Alert cleared
2026-04-09 23:02:25,879 - utils.alert_system - INFO - Alert cleared
2026-04-09 23:02:25,949 - utils.alert_system - INFO - Alert cleared
2026-04-09 23:02:26,019 - utils.alert_system - INFO - Alert cleared
2026-04-09 23:02:26,086 - utils.alert_system - INFO - Alert cleared
2026-04-09 23:02:26,149 - utils.alert_system - INFO - Alert cleared
2026-04-09 23:02:26,213 - utils.alert_system - INFO - Alert cleared
2026-04-09 23:02:26,277 - utils.alert_system - INFO - Alert cleared
2026-04-09 23:02:26,340 - utils.alert_system - INFO - Alert cleared
2026-04-09 23:02:26,405 - utils.alert_system - INFO - Alert cleared
2026-04-09 23:02:26,466 - utils.alert_system - INFO - Alert cleared
2026-04-09 23:02:26,528 - utils.alert_system - INFO - Alert cleared
2026-04-09 23:02:26,592 - utils.alert_system - INFO - Alert cleared
2026-04-09 23:02:26,657 - utils.alert_system - INFO - Alert cleared
2026-04-09 23:02:26,717 - utils.alert_system - INFO - Alert cleared
2026-04-09 23:02:26,782 - utils.alert_system - INFO - Alert cleared
2026-04-09 23:02:26,845 - utils.alert_system - INFO - Alert cleared
2026-04-09 23:02:26,909 - utils.alert_system - INFO - Alert cleared
2026-04-09 23:02:26,975 - utils.alert_system - INFO - Alert cleared
2026-04-09 23:02:27,035 - utils.alert_system - INFO - Alert cleared
2026-04-09 23:02:27,099 - utils.alert_system - INFO - Alert cleared
2026-04-09 23:02:27,166 - utils.alert_system - INFO - Alert cleared
2026-04-09 23:02:27,241 - utils.alert_system - INFO - Alert cleared
2026-04-09 23:02:27,302 - utils.alert_system - INFO - Alert cleared
2026-04-09 23:02:27,365 - utils.alert_system - INFO - Alert cleared
2026-04-09 23:02:27,431 - utils.alert_system - INFO - Alert cleared
2026-04-09 23:02:27,491 - utils.alert_system - INFO - Alert cleared
2026-04-09 23:02:27,556 - utils.alert_system - INFO - Alert cleared
2026-04-09 23:02:27,619 - utils.alert_system - INFO - Alert cleared
2026-04-09 23:02:27,682 - utils.alert_system - INFO - Alert cleared
2026-04-09 23:02:27,745 - utils.alert_system - INFO - Alert cleared
2026-04-09 23:02:27,810 - utils.alert_system - INFO - Alert cleared
2026-04-09 23:02:27,871 - utils.alert_system - INFO - Alert cleared
2026-04-09 23:02:27,936 - utils.alert_system - INFO - Alert cleared
2026-04-09 23:02:28,000 - utils.alert_system - INFO - Alert cleared
2026-04-09 23:02:28,062 - utils.alert_system - INFO - Alert cleared
2026-04-09 23:02:28,126 - utils.alert_system - INFO - Alert cleared
2026-04-09 23:02:28,190 - utils.alert_system - INFO - Alert cleared
2026-04-09 23:02:28,256 - utils.alert_system - INFO - Alert cleared
2026-04-09 23:02:28,322 - utils.alert_system - INFO - Alert cleared
2026-04-09 23:02:28,405 - utils.alert_system - INFO - Alert cleared
2026-04-09 23:02:28,470 - utils.alert_system - INFO - Alert cleared
2026-04-09 23:02:28,532 - utils.alert_system - INFO - Alert cleared
2026-04-09 23:02:28,595 - utils.alert_system - INFO - Alert cleared
2026-04-09 23:02:28,661 - utils.alert_system - INFO - Alert cleared
2026-04-09 23:02:28,726 - utils.alert_system - INFO - Alert cleared
2026-04-09 23:02:28,802 - utils.alert_system - INFO - Alert cleared
2026-04-09 23:02:28,867 - utils.alert_system - INFO - Alert cleared
2026-04-09 23:02:28,936 - utils.alert_system - INFO - Alert cleared
2026-04-09 23:02:28,987 - utils.alert_system - INFO - Alert cleared
2026-04-09 23:02:29,051 - utils.alert_system - INFO - Alert cleared
2026-04-09 23:02:29,124 - utils.alert_system - INFO - Alert cleared
2026-04-09 23:02:29,177 - utils.alert_system - INFO - Alert cleared
2026-04-09 23:02:29,241 - utils.alert_system - INFO - Alert cleared
2026-04-09 23:02:29,302 - utils.alert_system - INFO - Alert cleared
2026-04-09 23:02:29,366 - utils.alert_system - INFO - Alert cleared
2026-04-09 23:02:29,434 - utils.alert_system - INFO - Alert cleared
2026-04-09 23:02:29,496 - utils.alert_system - INFO - Alert cleared
2026-04-09 23:02:29,568 - utils.alert_system - INFO - Alert cleared
2026-04-09 23:02:29,632 - utils.alert_system - INFO - Alert cleared
2026-04-09 23:02:29,682 - utils.alert_system - INFO - Alert cleared
2026-04-09 23:02:29,747 - utils.alert_system - INFO - Alert cleared
2026-04-09 23:02:29,821 - utils.alert_system - INFO - Alert cleared
2026-04-09 23:02:29,901 - utils.alert_system - INFO - Alert cleared
2026-04-09 23:02:29,962 - utils.alert_system - INFO - Alert cleared
2026-04-09 23:02:30,038 - utils.alert_system - INFO - Alert cleared
2026-04-09 23:02:30,115 - utils.alert_system - INFO - Alert cleared
2026-04-09 23:02:30,202 - utils.alert_system - INFO - Alert cleared
2026-04-09 23:02:30,280 - utils.alert_system - INFO - Alert cleared
2026-04-09 23:02:30,354 - utils.alert_system - WARNING - Alert: WARNING | Distance: 16.6m | TTC: 2.0s
2026-04-09 23:02:30,355 - __main__ - ERROR - Error in main loop: name 'cv2' is not defined
Traceback (most recent call last):
  File "C:\Users\sures\OneDrive - ELCOT\Desktop\New folder\main.py", line 183, in start
    self._main_loop()
  File "C:\Users\sures\OneDrive - ELCOT\Desktop\New folder\main.py", line 202, in _main_loop
    processed_frame = self.process_frame(frame)
                      ^^^^^^^^^^^^^^^^^^^^^^^^^
  File "C:\Users\sures\OneDrive - ELCOT\Desktop\New folder\main.py", line 317, in process_frame
    annotated_frame = self.alert_system.get_visual_overlay(annotated_frame)
                      ^^^^^^^^^^^^^^^^^^^^^^^^^^^^^^^^^^^^^^^^^^^^^^^^^^^^^
  File "C:\Users\sures\OneDrive - ELCOT\Desktop\New folder\utils\alert_system.py", line 269, in get_visual_overlay
    cv2.rectangle(frame, (0, 0), (w-1, h-1), color, thickness)
    ^^^
NameError: name 'cv2' is not defined
2026-04-09 23:02:30,356 - __main__ - INFO - Cleaning up...
2026-04-09 23:02:30,855 - utils.alert_system - INFO - Alert cleared
2026-04-09 23:02:30,855 - utils.alert_system - INFO - Alert system cleaned up
2026-04-09 23:02:30,855 - utils.speed_monitor - INFO - Stopped speed monitoring
2026-04-09 23:02:30,855 - __main__ - INFO - ==================================================
2026-04-09 23:02:30,855 - __main__ - INFO - Session Summary:
2026-04-09 23:02:30,855 - __main__ - INFO - ==================================================
2026-04-09 23:02:30,855 - __main__ - INFO -   session_id: 20260409_230143
2026-04-09 23:02:30,856 - __main__ - INFO -   duration: 47.33684229850769
2026-04-09 23:02:30,856 - __main__ - INFO -   total_frames: 691
2026-04-09 23:02:30,856 - __main__ - INFO -   total_detections: 6
2026-04-09 23:02:30,856 - __main__ - INFO -   alerts_triggered: 0
2026-04-09 23:02:30,856 - __main__ - INFO -   average_speed: 30.0
2026-04-09 23:02:30,856 - __main__ - INFO -   top_detected: [('cow', 6)]
2026-04-09 23:02:30,858 - utils.data_logger - INFO - Session saved: 20260409_230143
2026-04-09 23:02:30,859 - utils.data_logger - INFO -   Frames: 691
2026-04-09 23:02:30,863 - utils.data_logger - INFO -   Detections: 6
2026-04-09 23:02:30,863 - utils.data_logger - INFO -   Alerts: 0
2026-04-09 23:02:30,891 - __main__ - INFO - Cleanup complete
2026-04-10 09:05:22,578 - __main__ - INFO - ==================================================
2026-04-10 09:05:22,578 - __main__ - INFO - Animal Collision Avoidance System Initializing
2026-04-10 09:05:22,578 - __main__ - INFO - ==================================================
2026-04-10 09:05:22,580 - __main__ - INFO - Loading model: C:\Users\Ranjith S\Desktop\New folder\New folder\models\yolov8n.pt
2026-04-10 09:05:22,580 - models.detector - INFO - Using device: cpu
2026-04-10 09:05:22,633 - models.detector - INFO - Model loaded from C:\Users\Ranjith S\Desktop\New folder\New folder\models\yolov8n.pt
2026-04-10 09:05:22,633 - utils.speed_monitor - INFO - Speed monitor initialized: source=simulation, default=30.0 km/h
2026-04-10 09:05:22,633 - utils.data_logger - INFO - Data logger initialized: session=20260410_090522
2026-04-10 09:05:22,680 - __main__ - INFO - Video output: C:\Users\Ranjith S\Desktop\New folder\New folder\data\output_videos\output_20260410_090522.mp4
2026-04-10 09:05:22,680 - __main__ - INFO - System initialization complete
2026-04-10 09:05:22,698 - __main__ - INFO - System started with source: WhatsApp Video 2026-04-09 at 10.30.10 PM.mp4
2026-04-10 09:05:22,698 - __main__ - INFO - Resolution: 624x352
2026-04-10 09:05:22,698 - __main__ - INFO - Video FPS: 30.00
2026-04-10 09:05:22,698 - __main__ - INFO - Press 'q' to quit, 'p' to pause, '+/-' to adjust speed
2026-04-10 09:05:22,698 - __main__ - INFO - Press 's' to save screenshot, 'r' to reset stats
2026-04-10 09:05:25,452 - utils.alert_system - INFO - Alert cleared
2026-04-10 09:05:25,619 - utils.alert_system - INFO - Alert cleared
2026-04-10 09:05:25,723 - utils.alert_system - INFO - Alert cleared
2026-04-10 09:05:25,798 - utils.alert_system - INFO - Alert cleared
2026-04-10 09:05:25,866 - utils.alert_system - INFO - Alert cleared
2026-04-10 09:05:25,979 - utils.alert_system - INFO - Alert cleared
2026-04-10 09:05:26,066 - utils.alert_system - INFO - Alert cleared
2026-04-10 09:05:26,164 - utils.alert_system - INFO - Alert cleared
2026-04-10 09:05:26,528 - utils.alert_system - INFO - Alert cleared
2026-04-10 09:05:26,647 - utils.alert_system - INFO - Alert cleared
2026-04-10 09:05:26,728 - utils.alert_system - INFO - Alert cleared
2026-04-10 09:05:26,822 - utils.alert_system - INFO - Alert cleared
2026-04-10 09:05:26,898 - utils.alert_system - INFO - Alert cleared
2026-04-10 09:05:26,988 - utils.alert_system - INFO - Alert cleared
2026-04-10 09:05:27,066 - utils.alert_system - INFO - Alert cleared
2026-04-10 09:05:27,171 - utils.alert_system - INFO - Alert cleared
2026-04-10 09:05:27,278 - utils.alert_system - INFO - Alert cleared
2026-04-10 09:05:27,349 - utils.alert_system - INFO - Alert cleared
2026-04-10 09:05:27,416 - utils.alert_system - INFO - Alert cleared
2026-04-10 09:05:27,489 - utils.alert_system - INFO - Alert cleared
2026-04-10 09:05:27,567 - utils.alert_system - INFO - Alert cleared
2026-04-10 09:05:27,647 - utils.alert_system - INFO - Alert cleared
2026-04-10 09:05:27,735 - utils.alert_system - INFO - Alert cleared
2026-04-10 09:05:27,820 - utils.alert_system - INFO - Alert cleared
2026-04-10 09:05:27,889 - utils.alert_system - INFO - Alert cleared
2026-04-10 09:05:27,952 - utils.alert_system - INFO - Alert cleared
2026-04-10 09:05:28,048 - utils.alert_system - INFO - Alert cleared
2026-04-10 09:05:28,178 - utils.alert_system - INFO - Alert cleared
2026-04-10 09:05:28,298 - utils.alert_system - INFO - Alert cleared
2026-04-10 09:05:28,388 - utils.alert_system - INFO - Alert cleared
2026-04-10 09:05:28,487 - utils.alert_system - INFO - Alert cleared
2026-04-10 09:05:28,585 - utils.alert_system - INFO - Alert cleared
2026-04-10 09:05:28,652 - utils.alert_system - INFO - Alert cleared
2026-04-10 09:05:28,766 - utils.alert_system - INFO - Alert cleared
2026-04-10 09:05:28,879 - utils.alert_system - INFO - Alert cleared
2026-04-10 09:05:28,947 - utils.alert_system - INFO - Alert cleared
2026-04-10 09:05:29,055 - utils.alert_system - INFO - Alert cleared
2026-04-10 09:05:29,136 - utils.alert_system - INFO - Alert cleared
2026-04-10 09:05:29,248 - utils.alert_system - INFO - Alert cleared
2026-04-10 09:05:29,345 - utils.alert_system - INFO - Alert cleared
2026-04-10 09:05:29,412 - utils.alert_system - INFO - Alert cleared
2026-04-10 09:05:29,488 - utils.alert_system - INFO - Alert cleared
2026-04-10 09:05:29,578 - utils.alert_system - INFO - Alert cleared
2026-04-10 09:05:29,669 - utils.alert_system - INFO - Alert cleared
2026-04-10 09:05:29,761 - utils.alert_system - INFO - Alert cleared
2026-04-10 09:05:29,866 - utils.alert_system - INFO - Alert cleared
2026-04-10 09:05:29,943 - utils.alert_system - INFO - Alert cleared
2026-04-10 09:05:30,028 - utils.alert_system - INFO - Alert cleared
2026-04-10 09:05:30,116 - utils.alert_system - INFO - Alert cleared
2026-04-10 09:05:30,216 - utils.alert_system - INFO - Alert cleared
2026-04-10 09:05:30,311 - utils.alert_system - INFO - Alert cleared
2026-04-10 09:05:30,389 - utils.alert_system - INFO - Alert cleared
2026-04-10 09:05:30,492 - utils.alert_system - INFO - Alert cleared
2026-04-10 09:05:30,567 - utils.alert_system - INFO - Alert cleared
2026-04-10 09:05:30,686 - utils.alert_system - INFO - Alert cleared
2026-04-10 09:05:30,766 - utils.alert_system - INFO - Alert cleared
2026-04-10 09:05:30,870 - utils.alert_system - INFO - Alert cleared
2026-04-10 09:05:30,982 - utils.alert_system - INFO - Alert cleared
2026-04-10 09:05:31,047 - utils.alert_system - INFO - Alert cleared
2026-04-10 09:05:31,129 - utils.alert_system - INFO - Alert cleared
2026-04-10 09:05:31,205 - utils.alert_system - INFO - Alert cleared
2026-04-10 09:05:31,298 - utils.alert_system - INFO - Alert cleared
2026-04-10 09:05:31,411 - utils.alert_system - INFO - Alert cleared
2026-04-10 09:05:31,498 - utils.alert_system - INFO - Alert cleared
2026-04-10 09:05:31,581 - utils.alert_system - INFO - Alert cleared
2026-04-10 09:05:31,691 - utils.alert_system - INFO - Alert cleared
2026-04-10 09:05:31,788 - utils.alert_system - INFO - Alert cleared
2026-04-10 09:05:31,886 - utils.alert_system - INFO - Alert cleared
2026-04-10 09:05:31,978 - utils.alert_system - INFO - Alert cleared
2026-04-10 09:05:32,082 - utils.alert_system - INFO - Alert cleared
2026-04-10 09:05:32,152 - utils.alert_system - INFO - Alert cleared
2026-04-10 09:05:32,253 - utils.alert_system - INFO - Alert cleared
2026-04-10 09:05:32,331 - utils.alert_system - INFO - Alert cleared
2026-04-10 09:05:32,417 - utils.alert_system - INFO - Alert cleared
2026-04-10 09:05:32,518 - utils.alert_system - INFO - Alert cleared
2026-04-10 09:05:32,603 - utils.alert_system - INFO - Alert cleared
2026-04-10 09:05:32,666 - utils.alert_system - INFO - Alert cleared
2026-04-10 09:05:32,727 - utils.alert_system - INFO - Alert cleared
2026-04-10 09:05:32,828 - utils.alert_system - INFO - Alert cleared
2026-04-10 09:05:32,922 - utils.alert_system - INFO - Alert cleared
2026-04-10 09:05:33,005 - utils.alert_system - INFO - Alert cleared
2026-04-10 09:05:33,179 - utils.alert_system - INFO - Alert cleared
2026-04-10 09:05:33,269 - utils.alert_system - INFO - Alert cleared
2026-04-10 09:05:33,328 - utils.alert_system - INFO - Alert cleared
2026-04-10 09:05:33,410 - utils.alert_system - INFO - Alert cleared
2026-04-10 09:05:33,478 - utils.alert_system - INFO - Alert cleared
2026-04-10 09:05:33,549 - utils.alert_system - INFO - Alert cleared
2026-04-10 09:05:33,639 - utils.alert_system - INFO - Alert cleared
2026-04-10 09:05:33,728 - utils.alert_system - INFO - Alert cleared
2026-04-10 09:05:33,818 - utils.alert_system - INFO - Alert cleared
2026-04-10 09:05:33,918 - utils.alert_system - INFO - Alert cleared
2026-04-10 09:05:34,002 - utils.alert_system - INFO - Alert cleared
2026-04-10 09:05:34,095 - utils.alert_system - INFO - Alert cleared
2026-04-10 09:05:34,184 - utils.alert_system - INFO - Alert cleared
2026-04-10 09:05:34,295 - utils.alert_system - INFO - Alert cleared
2026-04-10 09:05:34,380 - utils.alert_system - INFO - Alert cleared
2026-04-10 09:05:34,434 - utils.alert_system - INFO - Alert cleared
2026-04-10 09:05:34,518 - utils.alert_system - INFO - Alert cleared
2026-04-10 09:05:34,628 - utils.alert_system - INFO - Alert cleared
2026-04-10 09:05:34,698 - utils.alert_system - INFO - Alert cleared
2026-04-10 09:05:34,793 - utils.alert_system - INFO - Alert cleared
2026-04-10 09:05:34,868 - utils.alert_system - INFO - Alert cleared
2026-04-10 09:05:34,928 - utils.alert_system - INFO - Alert cleared
2026-04-10 09:05:35,029 - utils.alert_system - INFO - Alert cleared
2026-04-10 09:05:35,126 - utils.alert_system - INFO - Alert cleared
2026-04-10 09:05:35,238 - utils.alert_system - INFO - Alert cleared
2026-04-10 09:05:35,324 - utils.alert_system - INFO - Alert cleared
2026-04-10 09:05:35,398 - utils.alert_system - INFO - Alert cleared
2026-04-10 09:05:35,483 - utils.alert_system - INFO - Alert cleared
2026-04-10 09:05:35,567 - utils.alert_system - INFO - Alert cleared
2026-04-10 09:05:35,666 - utils.alert_system - INFO - Alert cleared
2026-04-10 09:05:35,779 - utils.alert_system - INFO - Alert cleared
2026-04-10 09:05:35,879 - utils.alert_system - INFO - Alert cleared
2026-04-10 09:05:35,979 - utils.alert_system - INFO - Alert cleared
2026-04-10 09:05:36,055 - utils.alert_system - INFO - Alert cleared
2026-04-10 09:05:36,128 - utils.alert_system - INFO - Alert cleared
2026-04-10 09:05:36,203 - utils.alert_system - INFO - Alert cleared
2026-04-10 09:05:36,288 - utils.alert_system - INFO - Alert cleared
2026-04-10 09:05:36,356 - utils.alert_system - INFO - Alert cleared
2026-04-10 09:05:36,433 - utils.alert_system - INFO - Alert cleared
2026-04-10 09:05:36,530 - utils.alert_system - INFO - Alert cleared
2026-04-10 09:05:36,628 - utils.alert_system - INFO - Alert cleared
2026-04-10 09:05:36,748 - utils.alert_system - INFO - Alert cleared
2026-04-10 09:05:36,818 - utils.alert_system - INFO - Alert cleared
2026-04-10 09:05:36,927 - utils.alert_system - INFO - Alert cleared
2026-04-10 09:05:37,020 - utils.alert_system - INFO - Alert cleared
2026-04-10 09:05:37,098 - utils.alert_system - INFO - Alert cleared
2026-04-10 09:05:37,188 - utils.alert_system - INFO - Alert cleared
2026-04-10 09:05:37,291 - utils.alert_system - INFO - Alert cleared
2026-04-10 09:05:37,360 - utils.alert_system - INFO - Alert cleared
2026-04-10 09:05:37,450 - utils.alert_system - INFO - Alert cleared
2026-04-10 09:05:37,525 - utils.alert_system - INFO - Alert cleared
2026-04-10 09:05:37,602 - utils.alert_system - INFO - Alert cleared
2026-04-10 09:05:37,692 - utils.alert_system - INFO - Alert cleared
2026-04-10 09:05:37,772 - utils.alert_system - INFO - Alert cleared
2026-04-10 09:05:37,888 - utils.alert_system - INFO - Alert cleared
2026-04-10 09:05:37,968 - utils.alert_system - INFO - Alert cleared
2026-04-10 09:05:38,059 - utils.alert_system - INFO - Alert cleared
2026-04-10 09:05:38,158 - utils.alert_system - INFO - Alert cleared
2026-04-10 09:05:38,228 - utils.alert_system - INFO - Alert cleared
2026-04-10 09:05:38,297 - utils.alert_system - INFO - Alert cleared
2026-04-10 09:05:38,359 - utils.alert_system - INFO - Alert cleared
2026-04-10 09:05:38,449 - utils.alert_system - INFO - Alert cleared
2026-04-10 09:05:38,578 - utils.alert_system - INFO - Alert cleared
2026-04-10 09:05:38,671 - utils.alert_system - INFO - Alert cleared
2026-04-10 09:05:38,760 - utils.alert_system - INFO - Alert cleared
2026-04-10 09:05:38,831 - utils.alert_system - INFO - Alert cleared
2026-04-10 09:05:38,910 - utils.alert_system - INFO - Alert cleared
2026-04-10 09:05:39,041 - utils.alert_system - INFO - Alert cleared
2026-04-10 09:05:39,147 - utils.alert_system - INFO - Alert cleared
2026-04-10 09:05:39,228 - utils.alert_system - INFO - Alert cleared
2026-04-10 09:05:39,361 - utils.alert_system - INFO - Alert cleared
2026-04-10 09:05:39,428 - utils.alert_system - INFO - Alert cleared
2026-04-10 09:05:39,524 - utils.alert_system - INFO - Alert cleared
2026-04-10 09:05:39,607 - utils.alert_system - INFO - Alert cleared
2026-04-10 09:05:39,699 - utils.alert_system - INFO - Alert cleared
2026-04-10 09:05:39,762 - utils.alert_system - INFO - Alert cleared
2026-04-10 09:05:39,879 - utils.alert_system - INFO - Alert cleared
2026-04-10 09:05:39,967 - utils.alert_system - INFO - Alert cleared
2026-04-10 09:05:40,048 - utils.alert_system - INFO - Alert cleared
2026-04-10 09:05:40,138 - utils.alert_system - INFO - Alert cleared
2026-04-10 09:05:40,228 - utils.alert_system - INFO - Alert cleared
2026-04-10 09:05:40,316 - utils.alert_system - INFO - Alert cleared
2026-04-10 09:05:40,391 - utils.alert_system - INFO - Alert cleared
2026-04-10 09:05:40,478 - utils.alert_system - INFO - Alert cleared
2026-04-10 09:05:40,587 - utils.alert_system - INFO - Alert cleared
2026-04-10 09:05:40,678 - utils.alert_system - INFO - Alert cleared
2026-04-10 09:05:40,748 - utils.alert_system - INFO - Alert cleared
2026-04-10 09:05:40,831 - utils.alert_system - INFO - Alert cleared
2026-04-10 09:05:40,906 - utils.alert_system - INFO - Alert cleared
2026-04-10 09:05:40,986 - utils.alert_system - INFO - Alert cleared
2026-04-10 09:05:41,081 - utils.alert_system - INFO - Alert cleared
2026-04-10 09:05:41,149 - utils.alert_system - INFO - Alert cleared
2026-04-10 09:05:41,231 - utils.alert_system - INFO - Alert cleared
2026-04-10 09:05:41,311 - utils.alert_system - INFO - Alert cleared
2026-04-10 09:05:41,421 - utils.alert_system - INFO - Alert cleared
2026-04-10 09:05:41,521 - utils.alert_system - INFO - Alert cleared
2026-04-10 09:05:41,607 - utils.alert_system - INFO - Alert cleared
2026-04-10 09:05:41,700 - utils.alert_system - INFO - Alert cleared
2026-04-10 09:05:41,789 - utils.alert_system - INFO - Alert cleared
2026-04-10 09:05:41,878 - utils.alert_system - INFO - Alert cleared
2026-04-10 09:05:41,949 - utils.alert_system - INFO - Alert cleared
2026-04-10 09:05:42,028 - utils.alert_system - INFO - Alert cleared
2026-04-10 09:05:42,098 - utils.alert_system - INFO - Alert cleared
2026-04-10 09:05:42,192 - utils.alert_system - INFO - Alert cleared
2026-04-10 09:05:42,254 - utils.alert_system - INFO - Alert cleared
2026-04-10 09:05:42,364 - utils.alert_system - INFO - Alert cleared
2026-04-10 09:05:42,461 - utils.alert_system - INFO - Alert cleared
2026-04-10 09:05:42,583 - utils.alert_system - INFO - Alert cleared
2026-04-10 09:05:42,678 - utils.alert_system - INFO - Alert cleared
2026-04-10 09:05:42,771 - utils.alert_system - INFO - Alert cleared
2026-04-10 09:05:42,856 - utils.alert_system - INFO - Alert cleared
2026-04-10 09:05:42,949 - utils.alert_system - INFO - Alert cleared
2026-04-10 09:05:43,025 - utils.alert_system - INFO - Alert cleared
2026-04-10 09:05:43,100 - utils.alert_system - INFO - Alert cleared
2026-04-10 09:05:43,212 - utils.alert_system - INFO - Alert cleared
2026-04-10 09:05:43,288 - utils.alert_system - INFO - Alert cleared
2026-04-10 09:05:43,355 - utils.alert_system - INFO - Alert cleared
2026-04-10 09:05:43,467 - utils.alert_system - INFO - Alert cleared
2026-04-10 09:05:43,535 - utils.alert_system - INFO - Alert cleared
2026-04-10 09:05:43,607 - utils.alert_system - INFO - Alert cleared
2026-04-10 09:05:43,682 - utils.alert_system - INFO - Alert cleared
2026-04-10 09:05:43,747 - utils.alert_system - INFO - Alert cleared
2026-04-10 09:05:43,839 - utils.alert_system - INFO - Alert cleared
2026-04-10 09:05:43,917 - utils.alert_system - INFO - Alert cleared
2026-04-10 09:05:44,009 - utils.alert_system - INFO - Alert cleared
2026-04-10 09:05:44,098 - utils.alert_system - INFO - Alert cleared
2026-04-10 09:05:44,180 - utils.alert_system - INFO - Alert cleared
2026-04-10 09:05:44,248 - utils.alert_system - INFO - Alert cleared
2026-04-10 09:05:44,349 - utils.alert_system - INFO - Alert cleared
2026-04-10 09:05:44,431 - utils.alert_system - INFO - Alert cleared
2026-04-10 09:05:44,497 - utils.alert_system - INFO - Alert cleared
2026-04-10 09:05:44,598 - utils.alert_system - INFO - Alert cleared
2026-04-10 09:05:44,677 - utils.alert_system - INFO - Alert cleared
2026-04-10 09:05:44,784 - utils.alert_system - INFO - Alert cleared
2026-04-10 09:05:44,905 - utils.alert_system - INFO - Alert cleared
2026-04-10 09:05:44,995 - utils.alert_system - INFO - Alert cleared
2026-04-10 09:05:45,069 - utils.alert_system - INFO - Alert cleared
2026-04-10 09:05:45,145 - utils.alert_system - INFO - Alert cleared
2026-04-10 09:05:45,249 - utils.alert_system - INFO - Alert cleared
2026-04-10 09:05:45,328 - utils.alert_system - INFO - Alert cleared
2026-04-10 09:05:45,398 - utils.alert_system - INFO - Alert cleared
2026-04-10 09:05:45,501 - utils.alert_system - INFO - Alert cleared
2026-04-10 09:05:45,586 - utils.alert_system - INFO - Alert cleared
2026-04-10 09:05:45,681 - utils.alert_system - INFO - Alert cleared
2026-04-10 09:05:45,755 - utils.alert_system - INFO - Alert cleared
2026-04-10 09:05:45,828 - utils.alert_system - INFO - Alert cleared
2026-04-10 09:05:45,929 - utils.alert_system - INFO - Alert cleared
2026-04-10 09:05:46,016 - utils.alert_system - INFO - Alert cleared
2026-04-10 09:05:46,138 - utils.alert_system - INFO - Alert cleared
2026-04-10 09:05:46,237 - utils.alert_system - INFO - Alert cleared
2026-04-10 09:05:46,328 - utils.alert_system - INFO - Alert cleared
2026-04-10 09:05:46,409 - utils.alert_system - INFO - Alert cleared
2026-04-10 09:05:46,516 - utils.alert_system - INFO - Alert cleared
2026-04-10 09:05:46,598 - utils.alert_system - INFO - Alert cleared
2026-04-10 09:05:46,690 - utils.alert_system - INFO - Alert cleared
2026-04-10 09:05:46,766 - utils.alert_system - INFO - Alert cleared
2026-04-10 09:05:46,838 - utils.alert_system - INFO - Alert cleared
2026-04-10 09:05:46,928 - utils.alert_system - INFO - Alert cleared
2026-04-10 09:05:47,018 - utils.alert_system - INFO - Alert cleared
2026-04-10 09:05:47,088 - utils.alert_system - INFO - Alert cleared
2026-04-10 09:05:47,161 - utils.alert_system - INFO - Alert cleared
2026-04-10 09:05:47,254 - utils.alert_system - INFO - Alert cleared
2026-04-10 09:05:47,332 - utils.alert_system - INFO - Alert cleared
2026-04-10 09:05:47,415 - utils.alert_system - INFO - Alert cleared
2026-04-10 09:05:47,496 - utils.alert_system - INFO - Alert cleared
2026-04-10 09:05:47,579 - utils.alert_system - INFO - Alert cleared
2026-04-10 09:05:47,666 - utils.alert_system - INFO - Alert cleared
2026-04-10 09:05:47,739 - utils.alert_system - INFO - Alert cleared
2026-04-10 09:05:47,816 - utils.alert_system - INFO - Alert cleared
2026-04-10 09:05:47,899 - utils.alert_system - INFO - Alert cleared
2026-04-10 09:05:47,966 - utils.alert_system - INFO - Alert cleared
2026-04-10 09:05:48,062 - utils.alert_system - INFO - Alert cleared
2026-04-10 09:05:48,151 - utils.alert_system - INFO - Alert cleared
2026-04-10 09:05:48,216 - utils.alert_system - INFO - Alert cleared
2026-04-10 09:05:48,288 - utils.alert_system - INFO - Alert cleared
2026-04-10 09:05:48,385 - utils.alert_system - INFO - Alert cleared
2026-04-10 09:05:48,478 - utils.alert_system - INFO - Alert cleared
2026-04-10 09:05:48,548 - utils.alert_system - INFO - Alert cleared
2026-04-10 09:05:48,634 - utils.alert_system - INFO - Alert cleared
2026-04-10 09:05:48,742 - utils.alert_system - INFO - Alert cleared
2026-04-10 09:05:48,816 - utils.alert_system - INFO - Alert cleared
2026-04-10 09:05:48,897 - utils.alert_system - INFO - Alert cleared
2026-04-10 09:05:48,966 - utils.alert_system - INFO - Alert cleared
2026-04-10 09:05:49,079 - utils.alert_system - INFO - Alert cleared
2026-04-10 09:05:49,146 - utils.alert_system - INFO - Alert cleared
2026-04-10 09:05:49,228 - utils.alert_system - INFO - Alert cleared
2026-04-10 09:05:49,297 - utils.alert_system - INFO - Alert cleared
2026-04-10 09:05:49,398 - utils.alert_system - INFO - Alert cleared
2026-04-10 09:05:49,478 - utils.alert_system - INFO - Alert cleared
2026-04-10 09:05:49,566 - utils.alert_system - INFO - Alert cleared
2026-04-10 09:05:49,649 - utils.alert_system - INFO - Alert cleared
2026-04-10 09:05:49,733 - utils.alert_system - INFO - Alert cleared
2026-04-10 09:05:49,835 - utils.alert_system - INFO - Alert cleared
2026-04-10 09:05:49,909 - utils.alert_system - INFO - Alert cleared
2026-04-10 09:05:49,998 - utils.alert_system - INFO - Alert cleared
2026-04-10 09:05:50,078 - utils.alert_system - INFO - Alert cleared
2026-04-10 09:05:50,178 - utils.alert_system - INFO - Alert cleared
2026-04-10 09:05:50,251 - utils.alert_system - INFO - Alert cleared
2026-04-10 09:05:50,338 - utils.alert_system - INFO - Alert cleared
2026-04-10 09:05:50,448 - utils.alert_system - INFO - Alert cleared
2026-04-10 09:05:50,529 - utils.alert_system - INFO - Alert cleared
2026-04-10 09:05:50,597 - utils.alert_system - INFO - Alert cleared
2026-04-10 09:05:50,719 - utils.alert_system - INFO - Alert cleared
2026-04-10 09:05:50,787 - utils.alert_system - INFO - Alert cleared
2026-04-10 09:05:50,880 - utils.alert_system - INFO - Alert cleared
2026-04-10 09:05:50,966 - utils.alert_system - INFO - Alert cleared
2026-04-10 09:05:51,052 - utils.alert_system - INFO - Alert cleared
2026-04-10 09:05:51,118 - utils.alert_system - INFO - Alert cleared
2026-04-10 09:05:51,199 - utils.alert_system - INFO - Alert cleared
2026-04-10 09:05:51,285 - utils.alert_system - INFO - Alert cleared
2026-04-10 09:05:51,359 - utils.alert_system - INFO - Alert cleared
2026-04-10 09:05:51,466 - utils.alert_system - INFO - Alert cleared
2026-04-10 09:05:51,541 - utils.alert_system - INFO - Alert cleared
2026-04-10 09:05:51,635 - utils.alert_system - INFO - Alert cleared
2026-04-10 09:05:51,745 - utils.alert_system - INFO - Alert cleared
2026-04-10 09:05:51,830 - utils.alert_system - INFO - Alert cleared
2026-04-10 09:05:51,898 - utils.alert_system - INFO - Alert cleared
2026-04-10 09:05:51,951 - utils.alert_system - INFO - Alert cleared
2026-04-10 09:05:52,052 - utils.alert_system - INFO - Alert cleared
2026-04-10 09:05:52,158 - utils.alert_system - INFO - Alert cleared
2026-04-10 09:05:52,228 - utils.alert_system - INFO - Alert cleared
2026-04-10 09:05:52,318 - utils.alert_system - INFO - Alert cleared
2026-04-10 09:05:52,428 - utils.alert_system - INFO - Alert cleared
2026-04-10 09:05:52,498 - utils.alert_system - INFO - Alert cleared
2026-04-10 09:05:52,580 - utils.alert_system - INFO - Alert cleared
2026-04-10 09:05:52,647 - utils.alert_system - INFO - Alert cleared
2026-04-10 09:05:52,736 - utils.alert_system - INFO - Alert cleared
2026-04-10 09:05:52,821 - utils.alert_system - INFO - Alert cleared
2026-04-10 09:05:52,890 - utils.alert_system - INFO - Alert cleared
2026-04-10 09:05:52,978 - utils.alert_system - INFO - Alert cleared
2026-04-10 09:05:53,047 - utils.alert_system - INFO - Alert cleared
2026-04-10 09:05:53,128 - utils.alert_system - INFO - Alert cleared
2026-04-10 09:05:53,203 - utils.alert_system - INFO - Alert cleared
2026-04-10 09:05:53,298 - utils.alert_system - INFO - Alert cleared
2026-04-10 09:05:53,378 - utils.alert_system - INFO - Alert cleared
2026-04-10 09:05:53,453 - utils.alert_system - INFO - Alert cleared
2026-04-10 09:05:53,521 - utils.alert_system - INFO - Alert cleared
2026-04-10 09:05:53,602 - utils.alert_system - INFO - Alert cleared
2026-04-10 09:05:53,679 - utils.alert_system - INFO - Alert cleared
2026-04-10 09:05:53,772 - utils.alert_system - INFO - Alert cleared
2026-04-10 09:05:53,836 - utils.alert_system - INFO - Alert cleared
2026-04-10 09:05:53,920 - utils.alert_system - INFO - Alert cleared
2026-04-10 09:05:54,006 - utils.alert_system - INFO - Alert cleared
2026-04-10 09:05:54,086 - utils.alert_system - INFO - Alert cleared
2026-04-10 09:05:54,169 - utils.alert_system - INFO - Alert cleared
2026-04-10 09:05:54,247 - utils.alert_system - INFO - Alert cleared
2026-04-10 09:05:54,323 - utils.alert_system - INFO - Alert cleared
2026-04-10 09:05:54,398 - utils.alert_system - INFO - Alert cleared
2026-04-10 09:05:54,474 - utils.alert_system - INFO - Alert cleared
2026-04-10 09:05:54,542 - utils.alert_system - INFO - Alert cleared
2026-04-10 09:05:54,628 - utils.alert_system - INFO - Alert cleared
2026-04-10 09:05:54,679 - utils.alert_system - INFO - Alert cleared
2026-04-10 09:05:54,785 - utils.alert_system - INFO - Alert cleared
2026-04-10 09:05:54,868 - utils.alert_system - INFO - Alert cleared
2026-04-10 09:05:54,980 - utils.alert_system - INFO - Alert cleared
2026-04-10 09:05:55,050 - utils.alert_system - INFO - Alert cleared
2026-04-10 09:05:55,144 - utils.alert_system - INFO - Alert cleared
2026-04-10 09:05:55,248 - utils.alert_system - INFO - Alert cleared
2026-04-10 09:05:55,336 - utils.alert_system - INFO - Alert cleared
2026-04-10 09:05:55,428 - utils.alert_system - INFO - Alert cleared
2026-04-10 09:05:55,551 - utils.alert_system - INFO - Alert cleared
2026-04-10 09:05:55,642 - utils.alert_system - INFO - Alert cleared
2026-04-10 09:05:55,728 - utils.alert_system - INFO - Alert cleared
2026-04-10 09:05:55,814 - utils.alert_system - INFO - Alert cleared
2026-04-10 09:05:55,890 - utils.alert_system - INFO - Alert cleared
2026-04-10 09:05:55,978 - utils.alert_system - INFO - Alert cleared
2026-04-10 09:05:56,049 - utils.alert_system - INFO - Alert cleared
2026-04-10 09:05:56,129 - utils.alert_system - INFO - Alert cleared
2026-04-10 09:05:56,202 - utils.alert_system - INFO - Alert cleared
2026-04-10 09:05:56,284 - utils.alert_system - INFO - Alert cleared
2026-04-10 09:05:56,350 - utils.alert_system - INFO - Alert cleared
2026-04-10 09:05:56,478 - utils.alert_system - INFO - Alert cleared
2026-04-10 09:05:56,551 - utils.alert_system - INFO - Alert cleared
2026-04-10 09:05:56,634 - utils.alert_system - INFO - Alert cleared
2026-04-10 09:05:56,717 - utils.alert_system - INFO - Alert cleared
2026-04-10 09:05:56,812 - utils.alert_system - INFO - Alert cleared
2026-04-10 09:05:56,934 - utils.alert_system - INFO - Alert cleared
2026-04-10 09:05:56,997 - utils.alert_system - INFO - Alert cleared
2026-04-10 09:05:57,095 - utils.alert_system - INFO - Alert cleared
2026-04-10 09:05:57,166 - utils.alert_system - INFO - Alert cleared
2026-04-10 09:05:57,310 - utils.alert_system - INFO - Alert cleared
2026-04-10 09:05:57,430 - utils.alert_system - INFO - Alert cleared
2026-04-10 09:05:57,498 - utils.alert_system - INFO - Alert cleared
2026-04-10 09:05:57,577 - utils.alert_system - INFO - Alert cleared
2026-04-10 09:05:57,651 - utils.alert_system - INFO - Alert cleared
2026-04-10 09:05:57,740 - utils.alert_system - INFO - Alert cleared
2026-04-10 09:05:57,835 - utils.alert_system - INFO - Alert cleared
2026-04-10 09:05:57,927 - utils.alert_system - INFO - Alert cleared
2026-04-10 09:05:58,016 - utils.alert_system - INFO - Alert cleared
2026-04-10 09:05:58,127 - utils.alert_system - INFO - Alert cleared
2026-04-10 09:05:58,234 - utils.alert_system - INFO - Alert cleared
2026-04-10 09:05:58,299 - utils.alert_system - INFO - Alert cleared
2026-04-10 09:05:58,374 - utils.alert_system - INFO - Alert cleared
2026-04-10 09:05:58,447 - utils.alert_system - INFO - Alert cleared
2026-04-10 09:05:58,534 - utils.alert_system - INFO - Alert cleared
2026-04-10 09:05:58,616 - utils.alert_system - INFO - Alert cleared
2026-04-10 09:05:58,722 - utils.alert_system - INFO - Alert cleared
2026-04-10 09:05:58,815 - utils.alert_system - INFO - Alert cleared
2026-04-10 09:05:58,911 - utils.alert_system - INFO - Alert cleared
2026-04-10 09:05:59,012 - utils.alert_system - INFO - Alert cleared
2026-04-10 09:05:59,126 - utils.alert_system - INFO - Alert cleared
2026-04-10 09:05:59,207 - utils.alert_system - INFO - Alert cleared
2026-04-10 09:05:59,291 - utils.alert_system - INFO - Alert cleared
2026-04-10 09:05:59,388 - utils.alert_system - INFO - Alert cleared
2026-04-10 09:05:59,478 - utils.alert_system - INFO - Alert cleared
2026-04-10 09:05:59,584 - utils.alert_system - INFO - Alert cleared
2026-04-10 09:05:59,673 - utils.alert_system - INFO - Alert cleared
2026-04-10 09:05:59,735 - utils.alert_system - INFO - Alert cleared
2026-04-10 09:05:59,806 - utils.alert_system - INFO - Alert cleared
2026-04-10 09:05:59,887 - utils.alert_system - INFO - Alert cleared
2026-04-10 09:05:59,999 - utils.alert_system - INFO - Alert cleared
2026-04-10 09:06:00,079 - utils.alert_system - INFO - Alert cleared
2026-04-10 09:06:00,184 - utils.alert_system - INFO - Alert cleared
2026-04-10 09:06:00,288 - utils.alert_system - INFO - Alert cleared
2026-04-10 09:06:00,363 - utils.alert_system - INFO - Alert cleared
2026-04-10 09:06:00,459 - utils.alert_system - INFO - Alert cleared
2026-04-10 09:06:00,533 - utils.alert_system - INFO - Alert cleared
2026-04-10 09:06:00,627 - utils.alert_system - INFO - Alert cleared
2026-04-10 09:06:00,698 - utils.alert_system - INFO - Alert cleared
2026-04-10 09:06:00,783 - utils.alert_system - INFO - Alert cleared
2026-04-10 09:06:00,866 - utils.alert_system - INFO - Alert cleared
2026-04-10 09:06:00,940 - utils.alert_system - INFO - Alert cleared
2026-04-10 09:06:01,031 - utils.alert_system - INFO - Alert cleared
2026-04-10 09:06:01,126 - utils.alert_system - INFO - Alert cleared
2026-04-10 09:06:01,198 - utils.alert_system - INFO - Alert cleared
2026-04-10 09:06:01,291 - utils.alert_system - INFO - Alert cleared
2026-04-10 09:06:01,378 - utils.alert_system - INFO - Alert cleared
2026-04-10 09:06:01,467 - utils.alert_system - INFO - Alert cleared
2026-04-10 09:06:01,554 - utils.alert_system - INFO - Alert cleared
2026-04-10 09:06:01,628 - utils.alert_system - INFO - Alert cleared
2026-04-10 09:06:01,706 - utils.alert_system - INFO - Alert cleared
2026-04-10 09:06:01,782 - utils.alert_system - INFO - Alert cleared
2026-04-10 09:06:01,879 - utils.alert_system - INFO - Alert cleared
2026-04-10 09:06:01,962 - utils.alert_system - INFO - Alert cleared
2026-04-10 09:06:02,072 - utils.alert_system - INFO - Alert cleared
2026-04-10 09:06:02,154 - utils.alert_system - INFO - Alert cleared
2026-04-10 09:06:02,248 - utils.alert_system - INFO - Alert cleared
2026-04-10 09:06:02,337 - utils.alert_system - INFO - Alert cleared
2026-04-10 09:06:02,435 - utils.alert_system - INFO - Alert cleared
2026-04-10 09:06:02,506 - utils.alert_system - INFO - Alert cleared
2026-04-10 09:06:02,593 - utils.alert_system - INFO - Alert cleared
2026-04-10 09:06:02,690 - utils.alert_system - INFO - Alert cleared
2026-04-10 09:06:02,828 - utils.alert_system - INFO - Alert cleared
2026-04-10 09:06:02,909 - utils.alert_system - INFO - Alert cleared
2026-04-10 09:06:03,016 - utils.alert_system - INFO - Alert cleared
2026-04-10 09:06:03,078 - utils.alert_system - INFO - Alert cleared
2026-04-10 09:06:03,167 - utils.alert_system - INFO - Alert cleared
2026-04-10 09:06:03,256 - utils.alert_system - INFO - Alert cleared
2026-04-10 09:06:03,348 - utils.alert_system - INFO - Alert cleared
2026-04-10 09:06:03,439 - utils.alert_system - INFO - Alert cleared
2026-04-10 09:06:03,516 - utils.alert_system - INFO - Alert cleared
2026-04-10 09:06:03,581 - utils.alert_system - INFO - Alert cleared
2026-04-10 09:06:03,658 - utils.alert_system - INFO - Alert cleared
2026-04-10 09:06:03,728 - utils.alert_system - INFO - Alert cleared
2026-04-10 09:06:03,816 - utils.alert_system - INFO - Alert cleared
2026-04-10 09:06:03,890 - utils.alert_system - INFO - Alert cleared
2026-04-10 09:06:03,947 - utils.alert_system - INFO - Alert cleared
2026-04-10 09:06:04,065 - utils.alert_system - INFO - Alert cleared
2026-04-10 09:06:04,148 - utils.alert_system - INFO - Alert cleared
2026-04-10 09:06:04,236 - utils.alert_system - INFO - Alert cleared
2026-04-10 09:06:04,317 - utils.alert_system - INFO - Alert cleared
2026-04-10 09:06:04,391 - utils.alert_system - INFO - Alert cleared
2026-04-10 09:06:04,486 - utils.alert_system - INFO - Alert cleared
2026-04-10 09:06:04,577 - utils.alert_system - INFO - Alert cleared
2026-04-10 09:06:04,667 - utils.alert_system - INFO - Alert cleared
2026-04-10 09:06:04,748 - utils.alert_system - INFO - Alert cleared
2026-04-10 09:06:04,831 - utils.alert_system - INFO - Alert cleared
2026-04-10 09:06:04,916 - utils.alert_system - INFO - Alert cleared
2026-04-10 09:06:04,998 - utils.alert_system - INFO - Alert cleared
2026-04-10 09:06:05,095 - utils.alert_system - INFO - Alert cleared
2026-04-10 09:06:05,174 - utils.alert_system - INFO - Alert cleared
2026-04-10 09:06:05,248 - utils.alert_system - INFO - Alert cleared
2026-04-10 09:06:05,338 - utils.alert_system - INFO - Alert cleared
2026-04-10 09:06:05,411 - utils.alert_system - INFO - Alert cleared
2026-04-10 09:06:05,480 - utils.alert_system - INFO - Alert cleared
2026-04-10 09:06:05,557 - utils.alert_system - INFO - Alert cleared
2026-04-10 09:06:05,649 - utils.alert_system - INFO - Alert cleared
2026-04-10 09:06:05,729 - utils.alert_system - INFO - Alert cleared
2026-04-10 09:06:05,824 - utils.alert_system - INFO - Alert cleared
2026-04-10 09:06:05,901 - utils.alert_system - INFO - Alert cleared
2026-04-10 09:06:05,973 - utils.alert_system - INFO - Alert cleared
2026-04-10 09:06:06,066 - utils.alert_system - INFO - Alert cleared
2026-04-10 09:06:06,138 - utils.alert_system - INFO - Alert cleared
2026-04-10 09:06:06,210 - utils.alert_system - INFO - Alert cleared
2026-04-10 09:06:06,286 - utils.alert_system - INFO - Alert cleared
2026-04-10 09:06:06,366 - utils.alert_system - INFO - Alert cleared
2026-04-10 09:06:06,460 - utils.alert_system - INFO - Alert cleared
2026-04-10 09:06:06,566 - utils.alert_system - INFO - Alert cleared
2026-04-10 09:06:06,689 - utils.alert_system - INFO - Alert cleared
2026-04-10 09:06:06,788 - utils.alert_system - INFO - Alert cleared
2026-04-10 09:06:06,869 - utils.alert_system - INFO - Alert cleared
2026-04-10 09:06:06,966 - utils.alert_system - INFO - Alert cleared
2026-04-10 09:06:07,039 - utils.alert_system - INFO - Alert cleared
2026-04-10 09:06:07,114 - utils.alert_system - INFO - Alert cleared
2026-04-10 09:06:07,211 - utils.alert_system - INFO - Alert cleared
2026-04-10 09:06:07,322 - utils.alert_system - INFO - Alert cleared
2026-04-10 09:06:07,404 - utils.alert_system - INFO - Alert cleared
2026-04-10 09:06:07,499 - utils.alert_system - INFO - Alert cleared
2026-04-10 09:06:07,580 - utils.alert_system - INFO - Alert cleared
2026-04-10 09:06:07,703 - utils.alert_system - INFO - Alert cleared
2026-04-10 09:06:07,809 - utils.alert_system - INFO - Alert cleared
2026-04-10 09:06:07,916 - utils.alert_system - INFO - Alert cleared
2026-04-10 09:06:08,001 - utils.alert_system - INFO - Alert cleared
2026-04-10 09:06:08,082 - utils.alert_system - INFO - Alert cleared
2026-04-10 09:06:08,178 - utils.alert_system - INFO - Alert cleared
2026-04-10 09:06:08,229 - utils.alert_system - INFO - Alert cleared
2026-04-10 09:06:08,335 - utils.alert_system - INFO - Alert cleared
2026-04-10 09:06:08,428 - utils.alert_system - INFO - Alert cleared
2026-04-10 09:06:08,510 - utils.alert_system - INFO - Alert cleared
2026-04-10 09:06:08,598 - utils.alert_system - INFO - Alert cleared
2026-04-10 09:06:08,678 - utils.alert_system - INFO - Alert cleared
2026-04-10 09:06:08,778 - utils.alert_system - INFO - Alert cleared
2026-04-10 09:06:08,848 - utils.alert_system - INFO - Alert cleared
2026-04-10 09:06:08,928 - utils.alert_system - INFO - Alert cleared
2026-04-10 09:06:09,019 - utils.alert_system - INFO - Alert cleared
2026-04-10 09:06:09,078 - utils.alert_system - INFO - Alert cleared
2026-04-10 09:06:09,167 - utils.alert_system - INFO - Alert cleared
2026-04-10 09:06:09,248 - utils.alert_system - INFO - Alert cleared
2026-04-10 09:06:09,353 - utils.alert_system - INFO - Alert cleared
2026-04-10 09:06:09,437 - utils.alert_system - INFO - Alert cleared
2026-04-10 09:06:09,548 - utils.alert_system - INFO - Alert cleared
2026-04-10 09:06:09,637 - utils.alert_system - INFO - Alert cleared
2026-04-10 09:06:09,697 - utils.alert_system - INFO - Alert cleared
2026-04-10 09:06:09,782 - utils.alert_system - INFO - Alert cleared
2026-04-10 09:06:09,891 - utils.alert_system - INFO - Alert cleared
2026-04-10 09:06:09,966 - utils.alert_system - INFO - Alert cleared
2026-04-10 09:06:10,052 - utils.alert_system - INFO - Alert cleared
2026-04-10 09:06:10,118 - utils.alert_system - INFO - Alert cleared
2026-04-10 09:06:10,197 - utils.alert_system - INFO - Alert cleared
2026-04-10 09:06:10,298 - utils.alert_system - INFO - Alert cleared
2026-04-10 09:06:10,397 - utils.alert_system - INFO - Alert cleared
2026-04-10 09:06:10,459 - utils.alert_system - INFO - Alert cleared
2026-04-10 09:06:10,541 - utils.alert_system - INFO - Alert cleared
2026-04-10 09:06:10,638 - utils.alert_system - INFO - Alert cleared
2026-04-10 09:06:10,760 - utils.alert_system - INFO - Alert cleared
2026-04-10 09:06:10,844 - utils.alert_system - INFO - Alert cleared
2026-04-10 09:06:10,920 - utils.alert_system - INFO - Alert cleared
2026-04-10 09:06:11,002 - utils.alert_system - INFO - Alert cleared
2026-04-10 09:06:11,078 - utils.alert_system - INFO - Alert cleared
2026-04-10 09:06:11,148 - utils.alert_system - INFO - Alert cleared
2026-04-10 09:06:11,244 - utils.alert_system - INFO - Alert cleared
2026-04-10 09:06:11,322 - utils.alert_system - INFO - Alert cleared
2026-04-10 09:06:11,401 - utils.alert_system - INFO - Alert cleared
2026-04-10 09:06:11,480 - utils.alert_system - INFO - Alert cleared
2026-04-10 09:06:11,593 - utils.alert_system - INFO - Alert cleared
2026-04-10 09:06:11,670 - utils.alert_system - INFO - Alert cleared
2026-04-10 09:06:11,778 - utils.alert_system - INFO - Alert cleared
2026-04-10 09:06:11,835 - utils.alert_system - INFO - Alert cleared
2026-04-10 09:06:11,927 - utils.alert_system - INFO - Alert cleared
2026-04-10 09:06:12,043 - utils.alert_system - INFO - Alert cleared
2026-04-10 09:06:12,116 - utils.alert_system - INFO - Alert cleared
2026-04-10 09:06:12,186 - utils.alert_system - INFO - Alert cleared
2026-04-10 09:06:12,286 - utils.alert_system - INFO - Alert cleared
2026-04-10 09:06:12,348 - utils.alert_system - INFO - Alert cleared
2026-04-10 09:06:12,478 - utils.alert_system - INFO - Alert cleared
2026-04-10 09:06:12,568 - utils.alert_system - INFO - Alert cleared
2026-04-10 09:06:12,643 - utils.alert_system - INFO - Alert cleared
2026-04-10 09:06:12,748 - utils.alert_system - INFO - Alert cleared
2026-04-10 09:06:12,828 - utils.alert_system - INFO - Alert cleared
2026-04-10 09:06:12,908 - utils.alert_system - INFO - Alert cleared
2026-04-10 09:06:12,980 - utils.alert_system - INFO - Alert cleared
2026-04-10 09:06:13,078 - utils.alert_system - INFO - Alert cleared
2026-04-10 09:06:13,177 - utils.alert_system - INFO - Alert cleared
2026-04-10 09:06:13,272 - utils.alert_system - INFO - Alert cleared
2026-04-10 09:06:13,347 - utils.alert_system - INFO - Alert cleared
2026-04-10 09:06:13,451 - utils.alert_system - INFO - Alert cleared
2026-04-10 09:06:13,517 - utils.alert_system - INFO - Alert cleared
2026-04-10 09:06:13,599 - utils.alert_system - INFO - Alert cleared
2026-04-10 09:06:13,694 - utils.alert_system - INFO - Alert cleared
2026-04-10 09:06:13,773 - utils.alert_system - INFO - Alert cleared
2026-04-10 09:06:13,879 - utils.alert_system - INFO - Alert cleared
2026-04-10 09:06:13,958 - utils.alert_system - INFO - Alert cleared
2026-04-10 09:06:14,051 - utils.alert_system - INFO - Alert cleared
2026-04-10 09:06:14,147 - utils.alert_system - INFO - Alert cleared
2026-04-10 09:06:14,220 - utils.alert_system - INFO - Alert cleared
2026-04-10 09:06:14,318 - utils.alert_system - INFO - Alert cleared
2026-04-10 09:06:14,425 - utils.alert_system - INFO - Alert cleared
2026-04-10 09:06:14,509 - utils.alert_system - INFO - Alert cleared
2026-04-10 09:06:14,584 - utils.alert_system - INFO - Alert cleared
2026-04-10 09:06:14,650 - utils.alert_system - INFO - Alert cleared
2026-04-10 09:06:14,761 - utils.alert_system - INFO - Alert cleared
2026-04-10 09:06:14,849 - utils.alert_system - INFO - Alert cleared
2026-04-10 09:06:14,916 - utils.alert_system - INFO - Alert cleared
2026-04-10 09:06:14,978 - utils.alert_system - INFO - Alert cleared
2026-04-10 09:06:15,085 - utils.alert_system - INFO - Alert cleared
2026-04-10 09:06:15,186 - utils.alert_system - INFO - Alert cleared
2026-04-10 09:06:15,298 - utils.alert_system - INFO - Alert cleared
2026-04-10 09:06:15,370 - utils.alert_system - INFO - Alert cleared
2026-04-10 09:06:15,450 - utils.alert_system - INFO - Alert cleared
2026-04-10 09:06:15,526 - utils.alert_system - INFO - Alert cleared
2026-04-10 09:06:15,620 - utils.alert_system - INFO - Alert cleared
2026-04-10 09:06:15,717 - utils.alert_system - INFO - Alert cleared
2026-04-10 09:06:15,812 - utils.alert_system - INFO - Alert cleared
2026-04-10 09:06:15,898 - utils.alert_system - INFO - Alert cleared
2026-04-10 09:06:15,988 - utils.alert_system - INFO - Alert cleared
2026-04-10 09:06:16,078 - utils.alert_system - INFO - Alert cleared
2026-04-10 09:06:16,163 - utils.alert_system - INFO - Alert cleared
2026-04-10 09:06:16,259 - utils.alert_system - INFO - Alert cleared
2026-04-10 09:06:16,326 - utils.alert_system - INFO - Alert cleared
2026-04-10 09:06:16,428 - utils.alert_system - INFO - Alert cleared
2026-04-10 09:06:16,512 - utils.alert_system - INFO - Alert cleared
2026-04-10 09:06:16,604 - utils.alert_system - INFO - Alert cleared
2026-04-10 09:06:16,666 - utils.alert_system - INFO - Alert cleared
2026-04-10 09:06:16,761 - utils.alert_system - INFO - Alert cleared
2026-04-10 09:06:16,837 - utils.alert_system - INFO - Alert cleared
2026-04-10 09:06:16,921 - utils.alert_system - INFO - Alert cleared
2026-04-10 09:06:17,014 - utils.alert_system - INFO - Alert cleared
2026-04-10 09:06:17,116 - utils.alert_system - INFO - Alert cleared
2026-04-10 09:06:17,188 - utils.alert_system - INFO - Alert cleared
2026-04-10 09:06:17,284 - utils.alert_system - INFO - Alert cleared
2026-04-10 09:06:17,378 - utils.alert_system - INFO - Alert cleared
2026-04-10 09:06:17,447 - utils.alert_system - INFO - Alert cleared
2026-04-10 09:06:17,528 - utils.alert_system - INFO - Alert cleared
2026-04-10 09:06:17,619 - utils.alert_system - INFO - Alert cleared
2026-04-10 09:06:17,714 - utils.alert_system - INFO - Alert cleared
2026-04-10 09:06:17,816 - utils.alert_system - INFO - Alert cleared
2026-04-10 09:06:17,881 - utils.alert_system - INFO - Alert cleared
2026-04-10 09:06:17,983 - utils.alert_system - INFO - Alert cleared
2026-04-10 09:06:18,063 - utils.alert_system - INFO - Alert cleared
2026-04-10 09:06:18,158 - utils.alert_system - INFO - Alert cleared
2026-04-10 09:06:18,228 - utils.alert_system - INFO - Alert cleared
2026-04-10 09:06:18,299 - utils.alert_system - INFO - Alert cleared
2026-04-10 09:06:18,368 - utils.alert_system - INFO - Alert cleared
2026-04-10 09:06:18,478 - utils.alert_system - INFO - Alert cleared
2026-04-10 09:06:18,569 - utils.alert_system - INFO - Alert cleared
2026-04-10 09:06:18,666 - utils.alert_system - INFO - Alert cleared
2026-04-10 09:06:18,731 - utils.alert_system - INFO - Alert cleared
2026-04-10 09:06:18,828 - utils.alert_system - INFO - Alert cleared
2026-04-10 09:06:18,906 - utils.alert_system - INFO - Alert cleared
2026-04-10 09:06:18,985 - utils.alert_system - INFO - Alert cleared
2026-04-10 09:06:19,078 - utils.alert_system - INFO - Alert cleared
2026-04-10 09:06:19,183 - utils.alert_system - INFO - Alert cleared
2026-04-10 09:06:19,276 - utils.alert_system - INFO - Alert cleared
2026-04-10 09:06:19,356 - utils.alert_system - INFO - Alert cleared
2026-04-10 09:06:19,434 - utils.alert_system - INFO - Alert cleared
2026-04-10 09:06:19,553 - utils.alert_system - INFO - Alert cleared
2026-04-10 09:06:19,622 - utils.alert_system - INFO - Alert cleared
2026-04-10 09:06:19,720 - utils.alert_system - INFO - Alert cleared
2026-04-10 09:06:19,799 - utils.alert_system - INFO - Alert cleared
2026-04-10 09:06:19,899 - utils.alert_system - INFO - Alert cleared
2026-04-10 09:06:19,966 - utils.alert_system - INFO - Alert cleared
2026-04-10 09:06:20,066 - utils.alert_system - INFO - Alert cleared
2026-04-10 09:06:20,134 - utils.alert_system - INFO - Alert cleared
2026-04-10 09:06:20,224 - utils.alert_system - INFO - Alert cleared
2026-04-10 09:06:20,332 - utils.alert_system - INFO - Alert cleared
2026-04-10 09:06:20,397 - utils.alert_system - INFO - Alert cleared
2026-04-10 09:06:20,482 - utils.alert_system - INFO - Alert cleared
2026-04-10 09:06:20,582 - utils.alert_system - INFO - Alert cleared
2026-04-10 09:06:20,674 - utils.alert_system - INFO - Alert cleared
2026-04-10 09:06:20,766 - utils.alert_system - INFO - Alert cleared
2026-04-10 09:06:20,847 - utils.alert_system - INFO - Alert cleared
2026-04-10 09:06:20,937 - utils.alert_system - INFO - Alert cleared
2026-04-10 09:06:21,000 - utils.alert_system - INFO - Alert cleared
2026-04-10 09:06:21,099 - utils.alert_system - INFO - Alert cleared
2026-04-10 09:06:21,176 - utils.alert_system - INFO - Alert cleared
2026-04-10 09:06:21,276 - utils.alert_system - INFO - Alert cleared
2026-04-10 09:06:21,378 - utils.alert_system - INFO - Alert cleared
2026-04-10 09:06:21,454 - utils.alert_system - INFO - Alert cleared
2026-04-10 09:06:21,557 - utils.alert_system - INFO - Alert cleared
2026-04-10 09:06:21,633 - utils.alert_system - INFO - Alert cleared
2026-04-10 09:06:21,719 - utils.alert_system - INFO - Alert cleared
2026-04-10 09:06:21,790 - utils.alert_system - INFO - Alert cleared
2026-04-10 09:06:21,847 - utils.alert_system - INFO - Alert cleared
2026-04-10 09:06:21,949 - utils.alert_system - INFO - Alert cleared
2026-04-10 09:06:22,067 - utils.alert_system - INFO - Alert cleared
2026-04-10 09:06:22,162 - utils.alert_system - INFO - Alert cleared
2026-04-10 09:06:22,248 - utils.alert_system - INFO - Alert cleared
2026-04-10 09:06:22,328 - utils.alert_system - INFO - Alert cleared
2026-04-10 09:06:22,399 - utils.alert_system - INFO - Alert cleared
2026-04-10 09:06:22,486 - utils.alert_system - INFO - Alert cleared
2026-04-10 09:06:22,578 - utils.alert_system - INFO - Alert cleared
2026-04-10 09:06:22,681 - utils.alert_system - INFO - Alert cleared
2026-04-10 09:06:22,750 - utils.alert_system - INFO - Alert cleared
2026-04-10 09:06:22,854 - utils.alert_system - INFO - Alert cleared
2026-04-10 09:06:22,950 - utils.alert_system - INFO - Alert cleared
2026-04-10 09:06:23,047 - utils.alert_system - INFO - Alert cleared
2026-04-10 09:06:23,148 - utils.alert_system - INFO - Alert cleared
2026-04-10 09:06:23,235 - utils.alert_system - INFO - Alert cleared
2026-04-10 09:06:23,323 - utils.alert_system - INFO - Alert cleared
2026-04-10 09:06:23,402 - utils.alert_system - INFO - Alert cleared
2026-04-10 09:06:23,475 - utils.alert_system - INFO - Alert cleared
2026-04-10 09:06:23,548 - utils.alert_system - INFO - Alert cleared
2026-04-10 09:06:23,672 - utils.alert_system - INFO - Alert cleared
2026-04-10 09:06:23,785 - utils.alert_system - INFO - Alert cleared
2026-04-10 09:06:23,889 - utils.alert_system - INFO - Alert cleared
2026-04-10 09:06:23,996 - utils.alert_system - INFO - Alert cleared
2026-04-10 09:06:24,095 - utils.alert_system - INFO - Alert cleared
2026-04-10 09:06:24,205 - utils.alert_system - INFO - Alert cleared
2026-04-10 09:06:24,306 - utils.alert_system - INFO - Alert cleared
2026-04-10 09:06:24,386 - utils.alert_system - INFO - Alert cleared
2026-04-10 09:06:24,455 - utils.alert_system - INFO - Alert cleared
2026-04-10 09:06:24,542 - utils.alert_system - INFO - Alert cleared
2026-04-10 09:06:24,633 - utils.alert_system - INFO - Alert cleared
2026-04-10 09:06:24,728 - utils.alert_system - INFO - Alert cleared
2026-04-10 09:06:24,803 - utils.alert_system - INFO - Alert cleared
2026-04-10 09:06:24,898 - utils.alert_system - INFO - Alert cleared
2026-04-10 09:06:25,005 - utils.alert_system - INFO - Alert cleared
2026-04-10 09:06:25,082 - utils.alert_system - INFO - Alert cleared
2026-04-10 09:06:25,147 - utils.alert_system - INFO - Alert cleared
2026-04-10 09:06:25,236 - utils.alert_system - INFO - Alert cleared
2026-04-10 09:06:25,379 - utils.alert_system - INFO - Alert cleared
2026-04-10 09:06:25,467 - utils.alert_system - INFO - Alert cleared
2026-04-10 09:06:25,593 - utils.alert_system - INFO - Alert cleared
2026-04-10 09:06:25,664 - utils.alert_system - INFO - Alert cleared
2026-04-10 09:06:25,762 - utils.alert_system - INFO - Alert cleared
2026-04-10 09:06:25,854 - utils.alert_system - INFO - Alert cleared
2026-04-10 09:06:25,957 - utils.alert_system - INFO - Alert cleared
2026-04-10 09:06:26,051 - utils.alert_system - INFO - Alert cleared
2026-04-10 09:06:26,148 - utils.alert_system - INFO - Alert cleared
2026-04-10 09:06:26,251 - utils.alert_system - INFO - Alert cleared
2026-04-10 09:06:26,348 - utils.alert_system - WARNING - Alert: WARNING | Distance: 16.6m | TTC: 2.0s
2026-04-10 09:06:26,350 - __main__ - ERROR - Error in main loop: name 'cv2' is not defined
Traceback (most recent call last):
  File "C:\Users\Ranjith S\Desktop\New folder\New folder\main.py", line 183, in start
    self._main_loop()
  File "C:\Users\Ranjith S\Desktop\New folder\New folder\main.py", line 202, in _main_loop
    processed_frame = self.process_frame(frame)
  File "C:\Users\Ranjith S\Desktop\New folder\New folder\main.py", line 317, in process_frame
    annotated_frame = self.alert_system.get_visual_overlay(annotated_frame)
  File "C:\Users\Ranjith S\Desktop\New folder\New folder\utils\alert_system.py", line 269, in get_visual_overlay
    cv2.rectangle(frame, (0, 0), (w-1, h-1), color, thickness)
NameError: name 'cv2' is not defined
2026-04-10 09:06:26,350 - __main__ - INFO - Cleaning up...
2026-04-10 09:06:26,853 - utils.alert_system - INFO - Alert cleared
2026-04-10 09:06:26,854 - utils.alert_system - INFO - Alert system cleaned up
2026-04-10 09:06:26,854 - utils.speed_monitor - INFO - Stopped speed monitoring
2026-04-10 09:06:26,854 - __main__ - INFO - ==================================================
2026-04-10 09:06:26,854 - __main__ - INFO - Session Summary:
2026-04-10 09:06:26,854 - __main__ - INFO - ==================================================
2026-04-10 09:06:26,854 - __main__ - INFO -   session_id: 20260410_090522
2026-04-10 09:06:26,854 - __main__ - INFO -   duration: 64.22163510322571
2026-04-10 09:06:26,854 - __main__ - INFO -   total_frames: 691
2026-04-10 09:06:26,854 - __main__ - INFO -   total_detections: 6
2026-04-10 09:06:26,854 - __main__ - INFO -   alerts_triggered: 0
2026-04-10 09:06:26,854 - __main__ - INFO -   average_speed: 30.0
2026-04-10 09:06:26,854 - __main__ - INFO -   top_detected: [('cow', 6)]
2026-04-10 09:06:26,854 - utils.data_logger - INFO - Session saved: 20260410_090522
2026-04-10 09:06:26,854 - utils.data_logger - INFO -   Frames: 691
2026-04-10 09:06:26,854 - utils.data_logger - INFO -   Detections: 6
2026-04-10 09:06:26,854 - utils.data_logger - INFO -   Alerts: 0
2026-04-10 09:06:26,879 - __main__ - INFO - Cleanup complete
2026-04-10 09:13:24,740 - __main__ - INFO - ==================================================
2026-04-10 09:13:24,740 - __main__ - INFO - Animal Collision Avoidance System Initializing
2026-04-10 09:13:24,740 - __main__ - INFO - ==================================================
2026-04-10 09:13:24,740 - __main__ - INFO - Loading model: C:\Users\Ranjith S\Desktop\New folder\New folder\models\yolov8n.pt
2026-04-10 09:13:24,740 - models.detector - INFO - Using device: cpu
2026-04-10 09:13:24,767 - models.detector - INFO - Model loaded from C:\Users\Ranjith S\Desktop\New folder\New folder\models\yolov8n.pt
2026-04-10 09:13:24,767 - utils.speed_monitor - INFO - Speed monitor initialized: source=simulation, default=30.0 km/h
2026-04-10 09:13:24,772 - utils.data_logger - INFO - Data logger initialized: session=20260410_091324
2026-04-10 09:13:24,778 - __main__ - INFO - Video output: C:\Users\Ranjith S\Desktop\New folder\New folder\data\output_videos\output_20260410_091324.mp4
2026-04-10 09:13:24,779 - __main__ - INFO - System initialization complete
2026-04-10 09:13:24,871 - __main__ - ERROR - Failed to open video source: 0
2026-04-10 09:14:42,990 - __main__ - INFO - ==================================================
2026-04-10 09:14:42,990 - __main__ - INFO - Animal Collision Avoidance System Initializing
2026-04-10 09:14:42,990 - __main__ - INFO - ==================================================
2026-04-10 09:14:42,990 - __main__ - INFO - Loading model: C:\Users\Ranjith S\Desktop\New folder\New folder\models\yolov8n.pt
2026-04-10 09:14:42,990 - models.detector - INFO - Using device: cpu
2026-04-10 09:14:43,020 - models.detector - INFO - Model loaded from C:\Users\Ranjith S\Desktop\New folder\New folder\models\yolov8n.pt
2026-04-10 09:14:43,020 - utils.speed_monitor - INFO - Speed monitor initialized: source=simulation, default=30.0 km/h
2026-04-10 09:14:43,020 - utils.data_logger - INFO - Data logger initialized: session=20260410_091443
2026-04-10 09:14:43,027 - __main__ - INFO - Video output: C:\Users\Ranjith S\Desktop\New folder\New folder\data\output_videos\output_20260410_091443.mp4
2026-04-10 09:14:43,027 - __main__ - INFO - System initialization complete
2026-04-10 09:14:43,035 - __main__ - INFO - System started with source: WhatsApp Video 2026-04-09 at 10.30.10 PM.mp4
2026-04-10 09:14:43,035 - __main__ - INFO - Resolution: 624x352
2026-04-10 09:14:43,035 - __main__ - INFO - Video FPS: 30.00
2026-04-10 09:14:43,035 - __main__ - INFO - Press 'q' to quit, 'p' to pause, '+/-' to adjust speed
2026-04-10 09:14:43,035 - __main__ - INFO - Press 's' to save screenshot, 'r' to reset stats
2026-04-10 09:14:44,727 - utils.alert_system - INFO - Alert cleared
2026-04-10 09:14:44,848 - utils.alert_system - INFO - Alert cleared
2026-04-10 09:14:44,938 - utils.alert_system - INFO - Alert cleared
2026-04-10 09:14:45,078 - utils.alert_system - INFO - Alert cleared
2026-04-10 09:14:45,175 - utils.alert_system - INFO - Alert cleared
2026-04-10 09:14:45,287 - utils.alert_system - INFO - Alert cleared
2026-04-10 09:14:45,399 - utils.alert_system - INFO - Alert cleared
2026-04-10 09:14:45,478 - utils.alert_system - INFO - Alert cleared
2026-04-10 09:14:45,536 - utils.alert_system - INFO - Alert cleared
2026-04-10 09:14:45,597 - utils.alert_system - INFO - Alert cleared
2026-04-10 09:14:45,678 - utils.alert_system - INFO - Alert cleared
2026-04-10 09:14:45,747 - utils.alert_system - INFO - Alert cleared
2026-04-10 09:14:45,839 - utils.alert_system - INFO - Alert cleared
2026-04-10 09:14:45,946 - utils.alert_system - INFO - Alert cleared
2026-04-10 09:14:46,039 - utils.alert_system - INFO - Alert cleared
2026-04-10 09:14:46,116 - utils.alert_system - INFO - Alert cleared
2026-04-10 09:14:46,203 - utils.alert_system - INFO - Alert cleared
2026-04-10 09:14:46,271 - utils.alert_system - INFO - Alert cleared
2026-04-10 09:14:46,348 - utils.alert_system - INFO - Alert cleared
2026-04-10 09:14:46,439 - utils.alert_system - INFO - Alert cleared
2026-04-10 09:14:46,516 - utils.alert_system - INFO - Alert cleared
2026-04-10 09:14:46,616 - utils.alert_system - INFO - Alert cleared
2026-04-10 09:14:46,697 - utils.alert_system - INFO - Alert cleared
2026-04-10 09:14:46,788 - utils.alert_system - INFO - Alert cleared
2026-04-10 09:14:46,880 - utils.alert_system - INFO - Alert cleared
2026-04-10 09:14:46,947 - utils.alert_system - INFO - Alert cleared
2026-04-10 09:14:47,016 - utils.alert_system - INFO - Alert cleared
2026-04-10 09:14:47,089 - utils.alert_system - INFO - Alert cleared
2026-04-10 09:14:47,148 - utils.alert_system - INFO - Alert cleared
2026-04-10 09:14:47,216 - utils.alert_system - INFO - Alert cleared
2026-04-10 09:14:47,266 - utils.alert_system - INFO - Alert cleared
2026-04-10 09:14:47,339 - utils.alert_system - INFO - Alert cleared
2026-04-10 09:14:47,434 - utils.alert_system - INFO - Alert cleared
2026-04-10 09:14:47,505 - utils.alert_system - INFO - Alert cleared
2026-04-10 09:14:47,566 - utils.alert_system - INFO - Alert cleared
2026-04-10 09:14:47,630 - utils.alert_system - INFO - Alert cleared
2026-04-10 09:14:47,716 - utils.alert_system - INFO - Alert cleared
2026-04-10 09:14:47,785 - utils.alert_system - INFO - Alert cleared
2026-04-10 09:14:48,148 - utils.alert_system - INFO - Alert cleared
2026-04-10 09:14:48,223 - utils.alert_system - INFO - Alert cleared
2026-04-10 09:14:48,316 - utils.alert_system - INFO - Alert cleared
2026-04-10 09:14:48,401 - utils.alert_system - INFO - Alert cleared
2026-04-10 09:14:48,497 - utils.alert_system - INFO - Alert cleared
2026-04-10 09:14:48,598 - utils.alert_system - INFO - Alert cleared
2026-04-10 09:14:48,690 - utils.alert_system - INFO - Alert cleared
2026-04-10 09:14:48,783 - utils.alert_system - INFO - Alert cleared
2026-04-10 09:14:48,874 - utils.alert_system - INFO - Alert cleared
2026-04-10 09:14:48,966 - utils.alert_system - INFO - Alert cleared
2026-04-10 09:14:49,066 - utils.alert_system - INFO - Alert cleared
2026-04-10 09:14:49,156 - utils.alert_system - INFO - Alert cleared
2026-04-10 09:14:49,243 - utils.alert_system - INFO - Alert cleared
2026-04-10 09:14:49,328 - utils.alert_system - INFO - Alert cleared
2026-04-10 09:14:49,428 - utils.alert_system - INFO - Alert cleared
2026-04-10 09:14:49,516 - utils.alert_system - INFO - Alert cleared
2026-04-10 09:14:49,589 - utils.alert_system - INFO - Alert cleared
2026-04-10 09:14:49,668 - utils.alert_system - INFO - Alert cleared
2026-04-10 09:14:49,733 - utils.alert_system - INFO - Alert cleared
2026-04-10 09:14:49,816 - utils.alert_system - INFO - Alert cleared
2026-04-10 09:14:49,897 - utils.alert_system - INFO - Alert cleared
2026-04-10 09:14:49,978 - utils.alert_system - INFO - Alert cleared
2026-04-10 09:14:50,054 - utils.alert_system - INFO - Alert cleared
2026-04-10 09:14:50,147 - utils.alert_system - INFO - Alert cleared
2026-04-10 09:14:50,247 - utils.alert_system - INFO - Alert cleared
2026-04-10 09:14:50,314 - utils.alert_system - INFO - Alert cleared
2026-04-10 09:14:50,398 - utils.alert_system - INFO - Alert cleared
2026-04-10 09:14:50,472 - utils.alert_system - INFO - Alert cleared
2026-04-10 09:14:50,549 - utils.alert_system - INFO - Alert cleared
2026-04-10 09:14:50,634 - utils.alert_system - INFO - Alert cleared
2026-04-10 09:14:50,705 - utils.alert_system - INFO - Alert cleared
2026-04-10 09:14:50,787 - utils.alert_system - INFO - Alert cleared
2026-04-10 09:14:50,870 - utils.alert_system - INFO - Alert cleared
2026-04-10 09:14:50,961 - utils.alert_system - INFO - Alert cleared
2026-04-10 09:14:51,055 - utils.alert_system - INFO - Alert cleared
2026-04-10 09:14:51,137 - utils.alert_system - INFO - Alert cleared
2026-04-10 09:14:51,236 - utils.alert_system - INFO - Alert cleared
2026-04-10 09:14:51,320 - utils.alert_system - INFO - Alert cleared
2026-04-10 09:14:51,397 - utils.alert_system - INFO - Alert cleared
2026-04-10 09:14:51,478 - utils.alert_system - INFO - Alert cleared
2026-04-10 09:14:51,578 - utils.alert_system - INFO - Alert cleared
2026-04-10 09:14:51,693 - utils.alert_system - INFO - Alert cleared
2026-04-10 09:14:51,782 - utils.alert_system - INFO - Alert cleared
2026-04-10 09:14:51,866 - utils.alert_system - INFO - Alert cleared
2026-04-10 09:14:51,967 - utils.alert_system - INFO - Alert cleared
2026-04-10 09:14:52,039 - utils.alert_system - INFO - Alert cleared
2026-04-10 09:14:52,122 - utils.alert_system - INFO - Alert cleared
2026-04-10 09:14:52,205 - utils.alert_system - INFO - Alert cleared
2026-04-10 09:14:52,305 - utils.alert_system - INFO - Alert cleared
2026-04-10 09:14:52,397 - utils.alert_system - INFO - Alert cleared
2026-04-10 09:14:52,478 - utils.alert_system - INFO - Alert cleared
2026-04-10 09:14:52,566 - utils.alert_system - INFO - Alert cleared
2026-04-10 09:14:52,647 - utils.alert_system - INFO - Alert cleared
2026-04-10 09:14:52,747 - utils.alert_system - INFO - Alert cleared
2026-04-10 09:14:52,816 - utils.alert_system - INFO - Alert cleared
2026-04-10 09:14:52,878 - utils.alert_system - INFO - Alert cleared
2026-04-10 09:14:52,950 - utils.alert_system - INFO - Alert cleared
2026-04-10 09:14:53,024 - utils.alert_system - INFO - Alert cleared
2026-04-10 09:14:53,097 - utils.alert_system - INFO - Alert cleared
2026-04-10 09:14:53,166 - utils.alert_system - INFO - Alert cleared
2026-04-10 09:14:53,247 - utils.alert_system - INFO - Alert cleared
2026-04-10 09:14:53,317 - utils.alert_system - INFO - Alert cleared
2026-04-10 09:14:53,397 - utils.alert_system - INFO - Alert cleared
2026-04-10 09:14:53,466 - utils.alert_system - INFO - Alert cleared
2026-04-10 09:14:53,532 - utils.alert_system - INFO - Alert cleared
2026-04-10 09:14:53,597 - utils.alert_system - INFO - Alert cleared
2026-04-10 09:14:53,699 - utils.alert_system - INFO - Alert cleared
2026-04-10 09:14:53,778 - utils.alert_system - INFO - Alert cleared
2026-04-10 09:14:53,849 - utils.alert_system - INFO - Alert cleared
2026-04-10 09:14:53,929 - utils.alert_system - INFO - Alert cleared
2026-04-10 09:14:54,028 - utils.alert_system - INFO - Alert cleared
2026-04-10 09:14:54,116 - utils.alert_system - INFO - Alert cleared
2026-04-10 09:14:54,171 - utils.alert_system - INFO - Alert cleared
2026-04-10 09:14:54,251 - utils.alert_system - INFO - Alert cleared
2026-04-10 09:14:54,316 - utils.alert_system - INFO - Alert cleared
2026-04-10 09:14:54,383 - utils.alert_system - INFO - Alert cleared
2026-04-10 09:14:54,473 - utils.alert_system - INFO - Alert cleared
2026-04-10 09:14:54,566 - utils.alert_system - INFO - Alert cleared
2026-04-10 09:14:54,647 - utils.alert_system - INFO - Alert cleared
2026-04-10 09:14:54,716 - utils.alert_system - INFO - Alert cleared
2026-04-10 09:14:54,798 - utils.alert_system - INFO - Alert cleared
2026-04-10 09:14:54,880 - utils.alert_system - INFO - Alert cleared
2026-04-10 09:14:54,952 - utils.alert_system - INFO - Alert cleared
2026-04-10 09:14:55,047 - utils.alert_system - INFO - Alert cleared
2026-04-10 09:14:55,117 - utils.alert_system - INFO - Alert cleared
2026-04-10 09:14:55,191 - utils.alert_system - INFO - Alert cleared
2026-04-10 09:14:55,267 - utils.alert_system - INFO - Alert cleared
2026-04-10 09:14:55,333 - utils.alert_system - INFO - Alert cleared
2026-04-10 09:14:55,407 - utils.alert_system - INFO - Alert cleared
2026-04-10 09:14:55,483 - utils.alert_system - INFO - Alert cleared
2026-04-10 09:14:55,567 - utils.alert_system - INFO - Alert cleared
2026-04-10 09:14:55,647 - utils.alert_system - INFO - Alert cleared
2026-04-10 09:14:55,728 - utils.alert_system - INFO - Alert cleared
2026-04-10 09:14:55,839 - utils.alert_system - INFO - Alert cleared
2026-04-10 09:14:55,909 - utils.alert_system - INFO - Alert cleared
2026-04-10 09:14:55,980 - utils.alert_system - INFO - Alert cleared
2026-04-10 09:14:56,055 - utils.alert_system - INFO - Alert cleared
2026-04-10 09:14:56,140 - utils.alert_system - INFO - Alert cleared
2026-04-10 09:14:56,216 - utils.alert_system - INFO - Alert cleared
2026-04-10 09:14:56,321 - utils.alert_system - INFO - Alert cleared
2026-04-10 09:14:56,416 - utils.alert_system - INFO - Alert cleared
2026-04-10 09:14:56,478 - utils.alert_system - INFO - Alert cleared
2026-04-10 09:14:56,553 - utils.alert_system - INFO - Alert cleared
2026-04-10 09:14:56,653 - utils.alert_system - INFO - Alert cleared
2026-04-10 09:14:56,743 - utils.alert_system - INFO - Alert cleared
2026-04-10 09:14:56,819 - utils.alert_system - INFO - Alert cleared
2026-04-10 09:14:56,887 - utils.alert_system - INFO - Alert cleared
2026-04-10 09:14:56,954 - utils.alert_system - INFO - Alert cleared
2026-04-10 09:14:57,043 - utils.alert_system - INFO - Alert cleared
2026-04-10 09:14:57,104 - utils.alert_system - INFO - Alert cleared
2026-04-10 09:14:57,170 - utils.alert_system - INFO - Alert cleared
2026-04-10 09:14:57,243 - utils.alert_system - INFO - Alert cleared
2026-04-10 09:14:57,330 - utils.alert_system - INFO - Alert cleared
2026-04-10 09:14:57,418 - utils.alert_system - INFO - Alert cleared
2026-04-10 09:14:57,499 - utils.alert_system - INFO - Alert cleared
2026-04-10 09:14:57,570 - utils.alert_system - INFO - Alert cleared
2026-04-10 09:14:57,653 - utils.alert_system - INFO - Alert cleared
2026-04-10 09:14:57,747 - utils.alert_system - INFO - Alert cleared
2026-04-10 09:14:57,847 - utils.alert_system - INFO - Alert cleared
2026-04-10 09:14:57,950 - utils.alert_system - INFO - Alert cleared
2026-04-10 09:14:58,039 - utils.alert_system - INFO - Alert cleared
2026-04-10 09:14:58,105 - utils.alert_system - INFO - Alert cleared
2026-04-10 09:14:58,203 - utils.alert_system - INFO - Alert cleared
2026-04-10 09:14:58,291 - utils.alert_system - INFO - Alert cleared
2026-04-10 09:14:58,366 - utils.alert_system - INFO - Alert cleared
2026-04-10 09:14:58,466 - utils.alert_system - INFO - Alert cleared
2026-04-10 09:14:58,539 - utils.alert_system - INFO - Alert cleared
2026-04-10 09:14:58,628 - utils.alert_system - INFO - Alert cleared
2026-04-10 09:14:58,705 - utils.alert_system - INFO - Alert cleared
2026-04-10 09:14:58,797 - utils.alert_system - INFO - Alert cleared
2026-04-10 09:14:58,898 - utils.alert_system - INFO - Alert cleared
2026-04-10 09:14:58,950 - utils.alert_system - INFO - Alert cleared
2026-04-10 09:14:59,036 - utils.alert_system - INFO - Alert cleared
2026-04-10 09:14:59,129 - utils.alert_system - INFO - Alert cleared
2026-04-10 09:14:59,197 - utils.alert_system - INFO - Alert cleared
2026-04-10 09:14:59,266 - utils.alert_system - INFO - Alert cleared
2026-04-10 09:14:59,326 - utils.alert_system - INFO - Alert cleared
2026-04-10 09:14:59,398 - utils.alert_system - INFO - Alert cleared
2026-04-10 09:14:59,477 - utils.alert_system - INFO - Alert cleared
2026-04-10 09:14:59,566 - utils.alert_system - INFO - Alert cleared
2026-04-10 09:14:59,628 - utils.alert_system - INFO - Alert cleared
2026-04-10 09:14:59,731 - utils.alert_system - INFO - Alert cleared
2026-04-10 09:14:59,797 - utils.alert_system - INFO - Alert cleared
2026-04-10 09:14:59,869 - utils.alert_system - INFO - Alert cleared
2026-04-10 09:14:59,949 - utils.alert_system - INFO - Alert cleared
2026-04-10 09:15:00,028 - utils.alert_system - INFO - Alert cleared
2026-04-10 09:15:00,110 - utils.alert_system - INFO - Alert cleared
2026-04-10 09:15:00,210 - utils.alert_system - INFO - Alert cleared
2026-04-10 09:15:00,299 - utils.alert_system - INFO - Alert cleared
2026-04-10 09:15:00,375 - utils.alert_system - INFO - Alert cleared
2026-04-10 09:15:00,451 - utils.alert_system - INFO - Alert cleared
2026-04-10 09:15:00,547 - utils.alert_system - INFO - Alert cleared
2026-04-10 09:15:00,628 - utils.alert_system - INFO - Alert cleared
2026-04-10 09:15:00,716 - utils.alert_system - INFO - Alert cleared
2026-04-10 09:15:00,778 - utils.alert_system - INFO - Alert cleared
2026-04-10 09:15:00,840 - utils.alert_system - INFO - Alert cleared
2026-04-10 09:15:00,933 - utils.alert_system - INFO - Alert cleared
2026-04-10 09:15:01,038 - utils.alert_system - INFO - Alert cleared
2026-04-10 09:15:01,148 - utils.alert_system - INFO - Alert cleared
2026-04-10 09:15:01,216 - utils.alert_system - INFO - Alert cleared
2026-04-10 09:15:01,285 - utils.alert_system - INFO - Alert cleared
2026-04-10 09:15:01,352 - utils.alert_system - INFO - Alert cleared
2026-04-10 09:15:01,416 - utils.alert_system - INFO - Alert cleared
2026-04-10 09:15:01,478 - utils.alert_system - INFO - Alert cleared
2026-04-10 09:15:01,566 - utils.alert_system - INFO - Alert cleared
2026-04-10 09:15:01,653 - utils.alert_system - INFO - Alert cleared
2026-04-10 09:15:01,735 - utils.alert_system - INFO - Alert cleared
2026-04-10 09:15:01,817 - utils.alert_system - INFO - Alert cleared
2026-04-10 09:15:01,897 - utils.alert_system - INFO - Alert cleared
2026-04-10 09:15:01,992 - utils.alert_system - INFO - Alert cleared
2026-04-10 09:15:02,077 - utils.alert_system - INFO - Alert cleared
2026-04-10 09:15:02,149 - utils.alert_system - INFO - Alert cleared
2026-04-10 09:15:02,232 - utils.alert_system - INFO - Alert cleared
2026-04-10 09:15:02,307 - utils.alert_system - INFO - Alert cleared
2026-04-10 09:15:02,378 - utils.alert_system - INFO - Alert cleared
2026-04-10 09:15:02,449 - utils.alert_system - INFO - Alert cleared
2026-04-10 09:15:02,516 - utils.alert_system - INFO - Alert cleared
2026-04-10 09:15:02,598 - utils.alert_system - INFO - Alert cleared
2026-04-10 09:15:02,678 - utils.alert_system - INFO - Alert cleared
2026-04-10 09:15:02,749 - utils.alert_system - INFO - Alert cleared
2026-04-10 09:15:02,829 - utils.alert_system - INFO - Alert cleared
2026-04-10 09:15:02,916 - utils.alert_system - INFO - Alert cleared
2026-04-10 09:15:03,016 - utils.alert_system - INFO - Alert cleared
2026-04-10 09:15:03,104 - utils.alert_system - INFO - Alert cleared
2026-04-10 09:15:03,197 - utils.alert_system - INFO - Alert cleared
2026-04-10 09:15:03,284 - utils.alert_system - INFO - Alert cleared
2026-04-10 09:15:03,372 - utils.alert_system - INFO - Alert cleared
2026-04-10 09:15:03,466 - utils.alert_system - INFO - Alert cleared
2026-04-10 09:15:03,566 - utils.alert_system - INFO - Alert cleared
2026-04-10 09:15:03,647 - utils.alert_system - INFO - Alert cleared
2026-04-10 09:15:03,717 - utils.alert_system - INFO - Alert cleared
2026-04-10 09:15:03,799 - utils.alert_system - INFO - Alert cleared
2026-04-10 09:15:03,866 - utils.alert_system - INFO - Alert cleared
2026-04-10 09:15:03,960 - utils.alert_system - INFO - Alert cleared
2026-04-10 09:15:04,066 - utils.alert_system - INFO - Alert cleared
2026-04-10 09:15:04,166 - utils.alert_system - INFO - Alert cleared
2026-04-10 09:15:04,229 - utils.alert_system - INFO - Alert cleared
2026-04-10 09:15:04,334 - utils.alert_system - INFO - Alert cleared
2026-04-10 09:15:04,414 - utils.alert_system - INFO - Alert cleared
2026-04-10 09:15:04,498 - utils.alert_system - INFO - Alert cleared
2026-04-10 09:15:04,562 - utils.alert_system - INFO - Alert cleared
2026-04-10 09:15:04,654 - utils.alert_system - INFO - Alert cleared
2026-04-10 09:15:04,731 - utils.alert_system - INFO - Alert cleared
2026-04-10 09:15:04,807 - utils.alert_system - INFO - Alert cleared
2026-04-10 09:15:04,897 - utils.alert_system - INFO - Alert cleared
2026-04-10 09:15:04,997 - utils.alert_system - INFO - Alert cleared
2026-04-10 09:15:05,128 - utils.alert_system - INFO - Alert cleared
2026-04-10 09:15:05,221 - utils.alert_system - INFO - Alert cleared
2026-04-10 09:15:05,305 - utils.alert_system - INFO - Alert cleared
2026-04-10 09:15:05,404 - utils.alert_system - INFO - Alert cleared
2026-04-10 09:15:05,488 - utils.alert_system - INFO - Alert cleared
2026-04-10 09:15:05,588 - utils.alert_system - INFO - Alert cleared
2026-04-10 09:15:05,670 - utils.alert_system - INFO - Alert cleared
2026-04-10 09:15:05,762 - utils.alert_system - INFO - Alert cleared
2026-04-10 09:15:05,854 - utils.alert_system - INFO - Alert cleared
2026-04-10 09:15:05,948 - utils.alert_system - INFO - Alert cleared
2026-04-10 09:15:06,052 - utils.alert_system - INFO - Alert cleared
2026-04-10 09:15:06,271 - utils.alert_system - INFO - Alert cleared
2026-04-10 09:15:06,404 - utils.alert_system - INFO - Alert cleared
2026-04-10 09:15:06,550 - utils.alert_system - INFO - Alert cleared
2026-04-10 09:15:06,698 - utils.alert_system - INFO - Alert cleared
2026-04-10 09:15:06,847 - utils.alert_system - INFO - Alert cleared
2026-04-10 09:15:07,066 - utils.alert_system - INFO - Alert cleared
2026-04-10 09:15:07,320 - utils.alert_system - INFO - Alert cleared
2026-04-10 09:15:07,447 - utils.alert_system - INFO - Alert cleared
2026-04-10 09:15:07,688 - utils.alert_system - INFO - Alert cleared
2026-04-10 09:15:07,871 - utils.alert_system - INFO - Alert cleared
2026-04-10 09:15:07,998 - utils.alert_system - INFO - Alert cleared
2026-04-10 09:15:08,143 - utils.alert_system - INFO - Alert cleared
2026-04-10 09:15:08,266 - utils.alert_system - INFO - Alert cleared
2026-04-10 09:15:08,390 - utils.alert_system - INFO - Alert cleared
2026-04-10 09:15:08,516 - utils.alert_system - INFO - Alert cleared
2026-04-10 09:15:08,633 - utils.alert_system - INFO - Alert cleared
2026-04-10 09:15:08,748 - utils.alert_system - INFO - Alert cleared
2026-04-10 09:15:08,878 - utils.alert_system - INFO - Alert cleared
2026-04-10 09:15:09,009 - utils.alert_system - INFO - Alert cleared
2026-04-10 09:15:09,128 - utils.alert_system - INFO - Alert cleared
2026-04-10 09:15:09,260 - utils.alert_system - INFO - Alert cleared
2026-04-10 09:15:09,397 - utils.alert_system - INFO - Alert cleared
2026-04-10 09:15:09,566 - utils.alert_system - INFO - Alert cleared
2026-04-10 09:15:09,696 - utils.alert_system - INFO - Alert cleared
2026-04-10 09:15:10,038 - utils.alert_system - INFO - Alert cleared
2026-04-10 09:15:10,500 - utils.alert_system - INFO - Alert cleared
2026-04-10 09:15:10,684 - utils.alert_system - INFO - Alert cleared
2026-04-10 09:15:10,828 - utils.alert_system - INFO - Alert cleared
2026-04-10 09:15:11,002 - utils.alert_system - INFO - Alert cleared
2026-04-10 09:15:11,280 - utils.alert_system - INFO - Alert cleared
2026-04-10 09:15:11,764 - utils.alert_system - INFO - Alert cleared
2026-04-10 09:15:11,897 - utils.alert_system - INFO - Alert cleared
2026-04-10 09:15:12,016 - utils.alert_system - INFO - Alert cleared
2026-04-10 09:15:12,148 - utils.alert_system - INFO - Alert cleared
2026-04-10 09:15:12,297 - utils.alert_system - INFO - Alert cleared
2026-04-10 09:15:12,428 - utils.alert_system - INFO - Alert cleared
2026-04-10 09:15:12,578 - utils.alert_system - INFO - Alert cleared
2026-04-10 09:15:12,791 - utils.alert_system - INFO - Alert cleared
2026-04-10 09:15:12,938 - utils.alert_system - INFO - Alert cleared
2026-04-10 09:15:13,116 - utils.alert_system - INFO - Alert cleared
2026-04-10 09:15:13,849 - __main__ - INFO - Received signal 2. Shutting down...
2026-04-10 09:15:13,853 - __main__ - INFO - Stopping system...
2026-04-10 09:15:14,229 - utils.alert_system - INFO - Alert cleared
2026-04-10 09:15:14,234 - __main__ - INFO - Cleaning up...
2026-04-10 09:15:14,271 - utils.alert_system - INFO - Alert cleared
2026-04-10 09:15:14,275 - utils.alert_system - INFO - Alert system cleaned up
2026-04-10 09:15:14,275 - utils.speed_monitor - INFO - Stopped speed monitoring
2026-04-10 09:15:14,275 - __main__ - INFO - ==================================================
2026-04-10 09:15:14,275 - __main__ - INFO - Session Summary:
2026-04-10 09:15:14,278 - __main__ - INFO - ==================================================
2026-04-10 09:15:14,278 - __main__ - INFO -   session_id: 20260410_091443
2026-04-10 09:15:14,278 - __main__ - INFO -   duration: 31.255637645721436
2026-04-10 09:15:14,284 - __main__ - INFO -   total_frames: 296
2026-04-10 09:15:14,284 - __main__ - INFO -   total_detections: 0
2026-04-10 09:15:14,284 - __main__ - INFO -   alerts_triggered: 0
2026-04-10 09:15:14,284 - __main__ - INFO -   average_speed: 30.0
2026-04-10 09:15:14,284 - __main__ - INFO -   top_detected: []
2026-04-10 09:15:14,303 - utils.data_logger - INFO - Session saved: 20260410_091443
2026-04-10 09:15:14,307 - utils.data_logger - INFO -   Frames: 296
2026-04-10 09:15:14,316 - utils.data_logger - INFO -   Detections: 0
2026-04-10 09:15:14,318 - utils.data_logger - INFO -   Alerts: 0
2026-04-10 09:15:14,330 - __main__ - INFO - Cleanup complete
2026-04-10 09:15:20,425 - __main__ - INFO - ==================================================
2026-04-10 09:15:20,425 - __main__ - INFO - Animal Collision Avoidance System Initializing
2026-04-10 09:15:20,425 - __main__ - INFO - ==================================================
2026-04-10 09:15:20,425 - __main__ - INFO - Loading model: C:\Users\Ranjith S\Desktop\New folder\New folder\models\yolov8n.pt
2026-04-10 09:15:20,428 - models.detector - INFO - Using device: cpu
2026-04-10 09:15:20,447 - models.detector - INFO - Model loaded from C:\Users\Ranjith S\Desktop\New folder\New folder\models\yolov8n.pt
2026-04-10 09:15:20,447 - utils.speed_monitor - INFO - Speed monitor initialized: source=simulation, default=30.0 km/h
2026-04-10 09:15:20,452 - utils.data_logger - INFO - Data logger initialized: session=20260410_091520
2026-04-10 09:15:20,454 - __main__ - INFO - Video output: C:\Users\Ranjith S\Desktop\New folder\New folder\data\output_videos\output_20260410_091520.mp4
2026-04-10 09:15:20,454 - __main__ - INFO - System initialization complete
2026-04-10 09:15:20,459 - __main__ - INFO - System started with source: WhatsApp Video 2026-04-09 at 10.30.10 PM.mp4
2026-04-10 09:15:20,459 - __main__ - INFO - Resolution: 624x352
2026-04-10 09:15:20,459 - __main__ - INFO - Video FPS: 30.00
2026-04-10 09:15:20,459 - __main__ - INFO - Press 'q' to quit, 'p' to pause, '+/-' to adjust speed
2026-04-10 09:15:20,464 - __main__ - INFO - Press 's' to save screenshot, 'r' to reset stats
2026-04-10 09:15:22,177 - utils.alert_system - INFO - Alert cleared
2026-04-10 09:15:22,352 - utils.alert_system - INFO - Alert cleared
2026-04-10 09:15:22,429 - utils.alert_system - INFO - Alert cleared
2026-04-10 09:15:22,531 - utils.alert_system - INFO - Alert cleared
2026-04-10 09:15:22,636 - utils.alert_system - INFO - Alert cleared
2026-04-10 09:15:22,729 - utils.alert_system - INFO - Alert cleared
2026-04-10 09:15:22,828 - utils.alert_system - INFO - Alert cleared
2026-04-10 09:15:22,918 - utils.alert_system - INFO - Alert cleared
2026-04-10 09:15:23,042 - utils.alert_system - INFO - Alert cleared
2026-04-10 09:15:23,136 - utils.alert_system - INFO - Alert cleared
2026-04-10 09:15:23,229 - utils.alert_system - INFO - Alert cleared
2026-04-10 09:15:23,334 - utils.alert_system - INFO - Alert cleared
2026-04-10 09:15:23,435 - utils.alert_system - INFO - Alert cleared
2026-04-10 09:15:23,528 - utils.alert_system - INFO - Alert cleared
2026-04-10 09:15:23,616 - utils.alert_system - INFO - Alert cleared
2026-04-10 09:15:23,701 - utils.alert_system - INFO - Alert cleared
2026-04-10 09:15:23,786 - utils.alert_system - INFO - Alert cleared
2026-04-10 09:15:23,873 - utils.alert_system - INFO - Alert cleared
2026-04-10 09:15:23,978 - utils.alert_system - INFO - Alert cleared
2026-04-10 09:15:24,067 - utils.alert_system - INFO - Alert cleared
2026-04-10 09:15:24,155 - utils.alert_system - INFO - Alert cleared
2026-04-10 09:15:24,228 - utils.alert_system - INFO - Alert cleared
2026-04-10 09:15:24,331 - utils.alert_system - INFO - Alert cleared
2026-04-10 09:15:24,416 - utils.alert_system - INFO - Alert cleared
2026-04-10 09:15:24,517 - utils.alert_system - INFO - Alert cleared
2026-04-10 09:15:24,587 - utils.alert_system - INFO - Alert cleared
2026-04-10 09:15:24,688 - utils.alert_system - INFO - Alert cleared
2026-04-10 09:15:24,787 - utils.alert_system - INFO - Alert cleared
2026-04-10 09:15:24,887 - utils.alert_system - INFO - Alert cleared
2026-04-10 09:15:24,978 - utils.alert_system - INFO - Alert cleared
2026-04-10 09:15:25,098 - utils.alert_system - INFO - Alert cleared
2026-04-10 09:15:25,188 - utils.alert_system - INFO - Alert cleared
2026-04-10 09:15:25,289 - utils.alert_system - INFO - Alert cleared
2026-04-10 09:15:25,388 - utils.alert_system - INFO - Alert cleared
2026-04-10 09:15:25,478 - utils.alert_system - INFO - Alert cleared
2026-04-10 09:15:25,578 - utils.alert_system - INFO - Alert cleared
2026-04-10 09:15:25,667 - utils.alert_system - INFO - Alert cleared
2026-04-10 09:15:25,754 - utils.alert_system - INFO - Alert cleared
2026-04-10 09:15:25,829 - utils.alert_system - INFO - Alert cleared
2026-04-10 09:15:25,916 - utils.alert_system - INFO - Alert cleared
2026-04-10 09:15:26,001 - utils.alert_system - INFO - Alert cleared
2026-04-10 09:15:26,097 - utils.alert_system - INFO - Alert cleared
2026-04-10 09:15:26,166 - utils.alert_system - INFO - Alert cleared
2026-04-10 09:15:26,247 - utils.alert_system - INFO - Alert cleared
2026-04-10 09:15:26,335 - utils.alert_system - INFO - Alert cleared
2026-04-10 09:15:26,447 - utils.alert_system - INFO - Alert cleared
2026-04-10 09:15:26,517 - utils.alert_system - INFO - Alert cleared
2026-04-10 09:15:26,599 - utils.alert_system - INFO - Alert cleared
2026-04-10 09:15:26,698 - utils.alert_system - INFO - Alert cleared
2026-04-10 09:15:26,798 - utils.alert_system - INFO - Alert cleared
2026-04-10 09:15:26,879 - utils.alert_system - INFO - Alert cleared
2026-04-10 09:15:26,952 - utils.alert_system - INFO - Alert cleared
2026-04-10 09:15:27,036 - utils.alert_system - INFO - Alert cleared
2026-04-10 09:15:27,135 - utils.alert_system - INFO - Alert cleared
2026-04-10 09:15:27,216 - utils.alert_system - INFO - Alert cleared
2026-04-10 09:15:27,300 - utils.alert_system - INFO - Alert cleared
2026-04-10 09:15:27,406 - utils.alert_system - INFO - Alert cleared
2026-04-10 09:15:27,478 - utils.alert_system - INFO - Alert cleared
2026-04-10 09:15:27,566 - utils.alert_system - INFO - Alert cleared
2026-04-10 09:15:27,666 - utils.alert_system - INFO - Alert cleared
2026-04-10 09:15:27,766 - utils.alert_system - INFO - Alert cleared
2026-04-10 09:15:27,849 - utils.alert_system - INFO - Alert cleared
2026-04-10 09:15:27,932 - utils.alert_system - INFO - Alert cleared
2026-04-10 09:15:28,091 - utils.alert_system - INFO - Alert cleared
2026-04-10 09:15:28,166 - utils.alert_system - INFO - Alert cleared
2026-04-10 09:15:28,247 - utils.alert_system - INFO - Alert cleared
2026-04-10 09:15:28,328 - utils.alert_system - INFO - Alert cleared
2026-04-10 09:15:28,416 - utils.alert_system - INFO - Alert cleared
2026-04-10 09:15:28,510 - utils.alert_system - INFO - Alert cleared
2026-04-10 09:15:28,601 - utils.alert_system - INFO - Alert cleared
2026-04-10 09:15:28,697 - utils.alert_system - INFO - Alert cleared
2026-04-10 09:15:28,792 - utils.alert_system - INFO - Alert cleared
2026-04-10 09:15:28,883 - utils.alert_system - INFO - Alert cleared
2026-04-10 09:15:28,948 - utils.alert_system - INFO - Alert cleared
2026-04-10 09:15:29,036 - utils.alert_system - INFO - Alert cleared
2026-04-10 09:15:29,128 - utils.alert_system - INFO - Alert cleared
2026-04-10 09:15:29,203 - utils.alert_system - INFO - Alert cleared
2026-04-10 09:15:29,313 - utils.alert_system - INFO - Alert cleared
2026-04-10 09:15:29,403 - utils.alert_system - INFO - Alert cleared
2026-04-10 09:15:29,478 - utils.alert_system - INFO - Alert cleared
2026-04-10 09:15:29,543 - utils.alert_system - INFO - Alert cleared
2026-04-10 09:15:29,629 - utils.alert_system - INFO - Alert cleared
2026-04-10 09:15:29,716 - utils.alert_system - INFO - Alert cleared
2026-04-10 09:15:29,778 - utils.alert_system - INFO - Alert cleared
2026-04-10 09:15:29,859 - utils.alert_system - INFO - Alert cleared
2026-04-10 09:15:29,947 - utils.alert_system - INFO - Alert cleared
2026-04-10 09:15:30,034 - utils.alert_system - INFO - Alert cleared
2026-04-10 09:15:30,106 - utils.alert_system - INFO - Alert cleared
2026-04-10 09:15:30,183 - utils.alert_system - INFO - Alert cleared
2026-04-10 09:15:30,288 - utils.alert_system - INFO - Alert cleared
2026-04-10 09:15:30,372 - utils.alert_system - INFO - Alert cleared
2026-04-10 09:15:30,459 - utils.alert_system - INFO - Alert cleared
2026-04-10 09:15:30,549 - utils.alert_system - INFO - Alert cleared
2026-04-10 09:15:30,648 - utils.alert_system - INFO - Alert cleared
2026-04-10 09:15:30,736 - utils.alert_system - INFO - Alert cleared
2026-04-10 09:15:30,828 - utils.alert_system - INFO - Alert cleared
2026-04-10 09:15:30,909 - utils.alert_system - INFO - Alert cleared
2026-04-10 09:15:30,995 - utils.alert_system - INFO - Alert cleared
2026-04-10 09:15:31,077 - utils.alert_system - INFO - Alert cleared
2026-04-10 09:15:31,166 - utils.alert_system - INFO - Alert cleared
2026-04-10 09:15:31,247 - utils.alert_system - INFO - Alert cleared
2026-04-10 09:15:31,316 - utils.alert_system - INFO - Alert cleared
2026-04-10 09:15:31,383 - utils.alert_system - INFO - Alert cleared
2026-04-10 09:15:31,449 - utils.alert_system - INFO - Alert cleared
2026-04-10 09:15:31,540 - utils.alert_system - INFO - Alert cleared
2026-04-10 09:15:31,636 - utils.alert_system - INFO - Alert cleared
2026-04-10 09:15:31,710 - utils.alert_system - INFO - Alert cleared
2026-04-10 09:15:31,797 - utils.alert_system - INFO - Alert cleared
2026-04-10 09:15:31,867 - utils.alert_system - INFO - Alert cleared
2026-04-10 09:15:31,934 - utils.alert_system - INFO - Alert cleared
2026-04-10 09:15:32,028 - utils.alert_system - INFO - Alert cleared
2026-04-10 09:15:32,132 - utils.alert_system - INFO - Alert cleared
2026-04-10 09:15:32,232 - utils.alert_system - INFO - Alert cleared
2026-04-10 09:15:32,316 - utils.alert_system - INFO - Alert cleared
2026-04-10 09:15:32,401 - utils.alert_system - INFO - Alert cleared
2026-04-10 09:15:32,498 - utils.alert_system - INFO - Alert cleared
2026-04-10 09:15:32,555 - utils.alert_system - INFO - Alert cleared
2026-04-10 09:15:32,625 - utils.alert_system - INFO - Alert cleared
2026-04-10 09:15:32,725 - utils.alert_system - INFO - Alert cleared
2026-04-10 09:15:32,808 - utils.alert_system - INFO - Alert cleared
2026-04-10 09:15:32,892 - utils.alert_system - INFO - Alert cleared
2026-04-10 09:15:32,977 - utils.alert_system - INFO - Alert cleared
2026-04-10 09:15:33,051 - utils.alert_system - INFO - Alert cleared
2026-04-10 09:15:33,147 - utils.alert_system - INFO - Alert cleared
2026-04-10 09:15:33,228 - utils.alert_system - INFO - Alert cleared
2026-04-10 09:15:33,298 - utils.alert_system - INFO - Alert cleared
2026-04-10 09:15:33,378 - utils.alert_system - INFO - Alert cleared
2026-04-10 09:15:33,466 - utils.alert_system - INFO - Alert cleared
2026-04-10 09:15:33,539 - utils.alert_system - INFO - Alert cleared
2026-04-10 09:15:33,623 - utils.alert_system - INFO - Alert cleared
2026-04-10 09:15:33,703 - utils.alert_system - INFO - Alert cleared
2026-04-10 09:15:33,778 - utils.alert_system - INFO - Alert cleared
2026-04-10 09:15:33,859 - utils.alert_system - INFO - Alert cleared
2026-04-10 09:15:33,928 - utils.alert_system - INFO - Alert cleared
2026-04-10 09:15:34,028 - utils.alert_system - INFO - Alert cleared
2026-04-10 09:15:34,128 - utils.alert_system - INFO - Alert cleared
2026-04-10 09:15:34,229 - utils.alert_system - INFO - Alert cleared
2026-04-10 09:15:34,317 - utils.alert_system - INFO - Alert cleared
2026-04-10 09:15:34,399 - utils.alert_system - INFO - Alert cleared
2026-04-10 09:15:34,499 - utils.alert_system - INFO - Alert cleared
2026-04-10 09:15:34,566 - utils.alert_system - INFO - Alert cleared
2026-04-10 09:15:34,678 - utils.alert_system - INFO - Alert cleared
2026-04-10 09:15:34,760 - utils.alert_system - INFO - Alert cleared
2026-04-10 09:15:34,850 - utils.alert_system - INFO - Alert cleared
2026-04-10 09:15:34,939 - utils.alert_system - INFO - Alert cleared
2026-04-10 09:15:35,043 - utils.alert_system - INFO - Alert cleared
2026-04-10 09:15:35,138 - utils.alert_system - INFO - Alert cleared
2026-04-10 09:15:35,205 - utils.alert_system - INFO - Alert cleared
2026-04-10 09:15:35,272 - utils.alert_system - INFO - Alert cleared
2026-04-10 09:15:35,353 - utils.alert_system - INFO - Alert cleared
2026-04-10 09:15:35,447 - utils.alert_system - INFO - Alert cleared
2026-04-10 09:15:35,538 - utils.alert_system - INFO - Alert cleared
2026-04-10 09:15:35,628 - utils.alert_system - INFO - Alert cleared
2026-04-10 09:15:35,683 - utils.alert_system - INFO - Alert cleared
2026-04-10 09:15:35,752 - utils.alert_system - INFO - Alert cleared
2026-04-10 09:15:35,816 - utils.alert_system - INFO - Alert cleared
2026-04-10 09:15:35,917 - utils.alert_system - INFO - Alert cleared
2026-04-10 09:15:36,007 - utils.alert_system - INFO - Alert cleared
2026-04-10 09:15:36,066 - utils.alert_system - INFO - Alert cleared
2026-04-10 09:15:36,178 - utils.alert_system - INFO - Alert cleared
2026-04-10 09:15:36,267 - utils.alert_system - INFO - Alert cleared
2026-04-10 09:15:36,349 - utils.alert_system - INFO - Alert cleared
2026-04-10 09:15:36,422 - utils.alert_system - INFO - Alert cleared
2026-04-10 09:15:36,519 - utils.alert_system - INFO - Alert cleared
2026-04-10 09:15:36,616 - utils.alert_system - INFO - Alert cleared
2026-04-10 09:15:36,698 - utils.alert_system - INFO - Alert cleared
2026-04-10 09:15:36,788 - utils.alert_system - INFO - Alert cleared
2026-04-10 09:15:36,879 - utils.alert_system - INFO - Alert cleared
2026-04-10 09:15:36,978 - utils.alert_system - INFO - Alert cleared
2026-04-10 09:15:37,082 - utils.alert_system - INFO - Alert cleared
2026-04-10 09:15:37,154 - utils.alert_system - INFO - Alert cleared
2026-04-10 09:15:37,237 - utils.alert_system - INFO - Alert cleared
2026-04-10 09:15:37,328 - utils.alert_system - INFO - Alert cleared
2026-04-10 09:15:37,405 - utils.alert_system - INFO - Alert cleared
2026-04-10 09:15:37,516 - utils.alert_system - INFO - Alert cleared
2026-04-10 09:15:37,617 - utils.alert_system - INFO - Alert cleared
2026-04-10 09:15:37,716 - utils.alert_system - INFO - Alert cleared
2026-04-10 09:15:37,805 - utils.alert_system - INFO - Alert cleared
2026-04-10 09:15:37,903 - utils.alert_system - INFO - Alert cleared
2026-04-10 09:15:37,997 - utils.alert_system - INFO - Alert cleared
2026-04-10 09:15:38,087 - utils.alert_system - INFO - Alert cleared
2026-04-10 09:15:38,206 - utils.alert_system - INFO - Alert cleared
2026-04-10 09:15:38,286 - utils.alert_system - INFO - Alert cleared
2026-04-10 09:15:38,368 - utils.alert_system - INFO - Alert cleared
2026-04-10 09:15:38,451 - utils.alert_system - INFO - Alert cleared
2026-04-10 09:15:38,547 - utils.alert_system - INFO - Alert cleared
2026-04-10 09:15:38,647 - utils.alert_system - INFO - Alert cleared
2026-04-10 09:15:38,727 - utils.alert_system - INFO - Alert cleared
2026-04-10 09:15:38,790 - utils.alert_system - INFO - Alert cleared
2026-04-10 09:15:38,847 - utils.alert_system - INFO - Alert cleared
2026-04-10 09:15:38,948 - utils.alert_system - INFO - Alert cleared
2026-04-10 09:15:39,029 - utils.alert_system - INFO - Alert cleared
2026-04-10 09:15:39,128 - utils.alert_system - INFO - Alert cleared
2026-04-10 09:15:39,227 - utils.alert_system - INFO - Alert cleared
2026-04-10 09:15:39,334 - utils.alert_system - INFO - Alert cleared
2026-04-10 09:15:39,428 - utils.alert_system - INFO - Alert cleared
2026-04-10 09:15:39,518 - utils.alert_system - INFO - Alert cleared
2026-04-10 09:15:39,618 - utils.alert_system - INFO - Alert cleared
2026-04-10 09:15:39,699 - utils.alert_system - INFO - Alert cleared
2026-04-10 09:15:39,780 - utils.alert_system - INFO - Alert cleared
2026-04-10 09:15:39,850 - utils.alert_system - INFO - Alert cleared
2026-04-10 09:15:39,928 - utils.alert_system - INFO - Alert cleared
2026-04-10 09:15:40,020 - utils.alert_system - INFO - Alert cleared
2026-04-10 09:15:40,097 - utils.alert_system - INFO - Alert cleared
2026-04-10 09:15:40,197 - utils.alert_system - INFO - Alert cleared
2026-04-10 09:15:40,280 - utils.alert_system - INFO - Alert cleared
2026-04-10 09:15:40,378 - utils.alert_system - INFO - Alert cleared
2026-04-10 09:15:40,449 - utils.alert_system - INFO - Alert cleared
2026-04-10 09:15:40,536 - utils.alert_system - INFO - Alert cleared
2026-04-10 09:15:40,641 - utils.alert_system - INFO - Alert cleared
2026-04-10 09:15:40,736 - utils.alert_system - INFO - Alert cleared
2026-04-10 09:15:40,826 - utils.alert_system - INFO - Alert cleared
2026-04-10 09:15:40,916 - utils.alert_system - INFO - Alert cleared
2026-04-10 09:15:40,977 - utils.alert_system - INFO - Alert cleared
2026-04-10 09:15:41,080 - utils.alert_system - INFO - Alert cleared
2026-04-10 09:15:41,178 - utils.alert_system - INFO - Alert cleared
2026-04-10 09:15:41,243 - utils.alert_system - INFO - Alert cleared
2026-04-10 09:15:41,302 - utils.alert_system - INFO - Alert cleared
2026-04-10 09:15:41,397 - utils.alert_system - INFO - Alert cleared
2026-04-10 09:15:41,466 - utils.alert_system - INFO - Alert cleared
2026-04-10 09:15:41,529 - utils.alert_system - INFO - Alert cleared
2026-04-10 09:15:41,612 - utils.alert_system - INFO - Alert cleared
2026-04-10 09:15:41,676 - utils.alert_system - INFO - Alert cleared
2026-04-10 09:15:41,766 - utils.alert_system - INFO - Alert cleared
2026-04-10 09:15:41,867 - utils.alert_system - INFO - Alert cleared
2026-04-10 09:15:41,949 - utils.alert_system - INFO - Alert cleared
2026-04-10 09:15:42,039 - utils.alert_system - INFO - Alert cleared
2026-04-10 09:15:42,133 - utils.alert_system - INFO - Alert cleared
2026-04-10 09:15:42,233 - utils.alert_system - INFO - Alert cleared
2026-04-10 09:15:42,316 - utils.alert_system - INFO - Alert cleared
2026-04-10 09:15:42,399 - utils.alert_system - INFO - Alert cleared
2026-04-10 09:15:42,505 - utils.alert_system - INFO - Alert cleared
2026-04-10 09:15:42,599 - utils.alert_system - INFO - Alert cleared
2026-04-10 09:15:42,700 - utils.alert_system - INFO - Alert cleared
2026-04-10 09:15:42,805 - utils.alert_system - INFO - Alert cleared
2026-04-10 09:15:42,878 - utils.alert_system - INFO - Alert cleared
2026-04-10 09:15:42,966 - utils.alert_system - INFO - Alert cleared
2026-04-10 09:15:43,052 - utils.alert_system - INFO - Alert cleared
2026-04-10 09:15:43,125 - utils.alert_system - INFO - Alert cleared
2026-04-10 09:15:43,217 - utils.alert_system - INFO - Alert cleared
2026-04-10 09:15:43,311 - utils.alert_system - INFO - Alert cleared
2026-04-10 09:15:43,409 - utils.alert_system - INFO - Alert cleared
2026-04-10 09:15:43,490 - utils.alert_system - INFO - Alert cleared
2026-04-10 09:15:43,578 - utils.alert_system - INFO - Alert cleared
2026-04-10 09:15:43,647 - utils.alert_system - INFO - Alert cleared
2026-04-10 09:15:43,712 - utils.alert_system - INFO - Alert cleared
2026-04-10 09:15:43,797 - utils.alert_system - INFO - Alert cleared
2026-04-10 09:15:43,869 - utils.alert_system - INFO - Alert cleared
2026-04-10 09:15:43,948 - utils.alert_system - INFO - Alert cleared
2026-04-10 09:15:44,008 - utils.alert_system - INFO - Alert cleared
2026-04-10 09:15:44,095 - utils.alert_system - INFO - Alert cleared
2026-04-10 09:15:44,178 - utils.alert_system - INFO - Alert cleared
2026-04-10 09:15:44,278 - utils.alert_system - INFO - Alert cleared
2026-04-10 09:15:44,360 - utils.alert_system - INFO - Alert cleared
2026-04-10 09:15:44,447 - utils.alert_system - INFO - Alert cleared
2026-04-10 09:15:44,528 - utils.alert_system - INFO - Alert cleared
2026-04-10 09:15:44,624 - utils.alert_system - INFO - Alert cleared
2026-04-10 09:15:44,728 - utils.alert_system - INFO - Alert cleared
2026-04-10 09:15:44,800 - utils.alert_system - INFO - Alert cleared
2026-04-10 09:15:44,880 - utils.alert_system - INFO - Alert cleared
2026-04-10 09:15:44,947 - utils.alert_system - INFO - Alert cleared
2026-04-10 09:15:45,039 - utils.alert_system - INFO - Alert cleared
2026-04-10 09:15:45,120 - utils.alert_system - INFO - Alert cleared
2026-04-10 09:15:45,198 - utils.alert_system - INFO - Alert cleared
2026-04-10 09:15:45,277 - utils.alert_system - INFO - Alert cleared
2026-04-10 09:15:45,397 - utils.alert_system - INFO - Alert cleared
2026-04-10 09:15:45,489 - utils.alert_system - INFO - Alert cleared
2026-04-10 09:15:45,571 - utils.alert_system - INFO - Alert cleared
2026-04-10 09:15:45,649 - utils.alert_system - INFO - Alert cleared
2026-04-10 09:15:45,721 - utils.alert_system - INFO - Alert cleared
2026-04-10 09:15:45,798 - utils.alert_system - INFO - Alert cleared
2026-04-10 09:15:45,878 - utils.alert_system - INFO - Alert cleared
2026-04-10 09:15:45,954 - utils.alert_system - INFO - Alert cleared
2026-04-10 09:15:46,047 - utils.alert_system - INFO - Alert cleared
2026-04-10 09:15:46,128 - utils.alert_system - INFO - Alert cleared
2026-04-10 09:15:46,202 - utils.alert_system - INFO - Alert cleared
2026-04-10 09:15:46,306 - utils.alert_system - INFO - Alert cleared
2026-04-10 09:15:46,397 - utils.alert_system - INFO - Alert cleared
2026-04-10 09:15:46,485 - utils.alert_system - INFO - Alert cleared
2026-04-10 09:15:46,547 - utils.alert_system - INFO - Alert cleared
2026-04-10 09:15:46,616 - utils.alert_system - INFO - Alert cleared
2026-04-10 09:15:46,709 - utils.alert_system - INFO - Alert cleared
2026-04-10 09:15:46,798 - utils.alert_system - INFO - Alert cleared
2026-04-10 09:15:46,886 - utils.alert_system - INFO - Alert cleared
2026-04-10 09:15:46,967 - utils.alert_system - INFO - Alert cleared
2026-04-10 09:15:47,037 - utils.alert_system - INFO - Alert cleared
2026-04-10 09:15:47,137 - utils.alert_system - INFO - Alert cleared
2026-04-10 09:15:47,216 - utils.alert_system - INFO - Alert cleared
2026-04-10 09:15:47,290 - utils.alert_system - INFO - Alert cleared
2026-04-10 09:15:47,380 - utils.alert_system - INFO - Alert cleared
2026-04-10 09:15:47,466 - utils.alert_system - INFO - Alert cleared
2026-04-10 09:15:47,566 - utils.alert_system - INFO - Alert cleared
2026-04-10 09:15:47,665 - utils.alert_system - INFO - Alert cleared
2026-04-10 09:15:47,750 - utils.alert_system - INFO - Alert cleared
2026-04-10 09:15:47,819 - utils.alert_system - INFO - Alert cleared
2026-04-10 09:15:47,878 - utils.alert_system - INFO - Alert cleared
2026-04-10 09:15:47,997 - utils.alert_system - INFO - Alert cleared
2026-04-10 09:15:48,097 - utils.alert_system - INFO - Alert cleared
2026-04-10 09:15:48,184 - utils.alert_system - INFO - Alert cleared
2026-04-10 09:15:48,274 - utils.alert_system - INFO - Alert cleared
2026-04-10 09:15:48,366 - utils.alert_system - INFO - Alert cleared
2026-04-10 09:15:48,449 - utils.alert_system - INFO - Alert cleared
2026-04-10 09:15:48,528 - utils.alert_system - INFO - Alert cleared
2026-04-10 09:15:48,647 - utils.alert_system - INFO - Alert cleared
2026-04-10 09:15:48,716 - utils.alert_system - INFO - Alert cleared
2026-04-10 09:15:48,797 - utils.alert_system - INFO - Alert cleared
2026-04-10 09:15:48,861 - utils.alert_system - INFO - Alert cleared
2026-04-10 09:15:48,943 - utils.alert_system - INFO - Alert cleared
2026-04-10 09:15:49,034 - utils.alert_system - INFO - Alert cleared
2026-04-10 09:15:49,134 - utils.alert_system - INFO - Alert cleared
2026-04-10 09:15:49,231 - utils.alert_system - INFO - Alert cleared
2026-04-10 09:15:49,328 - utils.alert_system - INFO - Alert cleared
2026-04-10 09:15:49,417 - utils.alert_system - INFO - Alert cleared
2026-04-10 09:15:49,506 - utils.alert_system - INFO - Alert cleared
2026-04-10 09:15:49,619 - utils.alert_system - INFO - Alert cleared
2026-04-10 09:15:49,692 - utils.alert_system - INFO - Alert cleared
2026-04-10 09:15:49,782 - utils.alert_system - INFO - Alert cleared
2026-04-10 09:15:49,887 - utils.alert_system - INFO - Alert cleared
2026-04-10 09:15:49,969 - utils.alert_system - INFO - Alert cleared
2026-04-10 09:15:50,066 - utils.alert_system - INFO - Alert cleared
2026-04-10 09:15:50,149 - utils.alert_system - INFO - Alert cleared
2026-04-10 09:15:50,266 - utils.alert_system - INFO - Alert cleared
2026-04-10 09:15:50,351 - utils.alert_system - INFO - Alert cleared
2026-04-10 09:15:50,432 - utils.alert_system - INFO - Alert cleared
2026-04-10 09:15:50,516 - utils.alert_system - INFO - Alert cleared
2026-04-10 09:15:50,616 - utils.alert_system - INFO - Alert cleared
2026-04-10 09:15:50,693 - utils.alert_system - INFO - Alert cleared
2026-04-10 09:15:50,785 - utils.alert_system - INFO - Alert cleared
2026-04-10 09:15:50,860 - utils.alert_system - INFO - Alert cleared
2026-04-10 09:15:50,967 - utils.alert_system - INFO - Alert cleared
2026-04-10 09:15:51,066 - utils.alert_system - INFO - Alert cleared
2026-04-10 09:15:51,183 - utils.alert_system - INFO - Alert cleared
2026-04-10 09:15:51,247 - utils.alert_system - INFO - Alert cleared
2026-04-10 09:15:51,351 - utils.alert_system - INFO - Alert cleared
2026-04-10 09:15:51,416 - utils.alert_system - INFO - Alert cleared
2026-04-10 09:15:51,502 - utils.alert_system - INFO - Alert cleared
2026-04-10 09:15:51,616 - utils.alert_system - INFO - Alert cleared
2026-04-10 09:15:51,710 - utils.alert_system - INFO - Alert cleared
2026-04-10 09:15:51,797 - utils.alert_system - INFO - Alert cleared
2026-04-10 09:15:51,867 - utils.alert_system - INFO - Alert cleared
2026-04-10 09:15:51,953 - utils.alert_system - INFO - Alert cleared
2026-04-10 09:15:52,052 - utils.alert_system - INFO - Alert cleared
2026-04-10 09:15:52,147 - utils.alert_system - INFO - Alert cleared
2026-04-10 09:15:52,248 - utils.alert_system - INFO - Alert cleared
2026-04-10 09:15:52,317 - utils.alert_system - INFO - Alert cleared
2026-04-10 09:15:52,389 - utils.alert_system - INFO - Alert cleared
2026-04-10 09:15:52,454 - utils.alert_system - INFO - Alert cleared
2026-04-10 09:15:52,548 - utils.alert_system - INFO - Alert cleared
2026-04-10 09:15:52,628 - utils.alert_system - INFO - Alert cleared
2026-04-10 09:15:52,720 - utils.alert_system - INFO - Alert cleared
2026-04-10 09:15:52,832 - utils.alert_system - INFO - Alert cleared
2026-04-10 09:15:52,903 - utils.alert_system - INFO - Alert cleared
2026-04-10 09:15:53,009 - utils.alert_system - INFO - Alert cleared
2026-04-10 09:15:53,106 - utils.alert_system - INFO - Alert cleared
2026-04-10 09:15:53,197 - utils.alert_system - INFO - Alert cleared
2026-04-10 09:15:53,332 - utils.alert_system - INFO - Alert cleared
2026-04-10 09:15:53,466 - utils.alert_system - INFO - Alert cleared
2026-04-10 09:15:53,590 - utils.alert_system - INFO - Alert cleared
2026-04-10 09:15:53,733 - utils.alert_system - INFO - Alert cleared
2026-04-10 09:15:53,878 - utils.alert_system - INFO - Alert cleared
2026-04-10 09:15:53,966 - utils.alert_system - INFO - Alert cleared
2026-04-10 09:15:54,033 - utils.alert_system - INFO - Alert cleared
2026-04-10 09:15:54,128 - utils.alert_system - INFO - Alert cleared
2026-04-10 09:15:54,239 - utils.alert_system - INFO - Alert cleared
2026-04-10 09:15:54,351 - utils.alert_system - INFO - Alert cleared
2026-04-10 09:15:54,433 - utils.alert_system - INFO - Alert cleared
2026-04-10 09:15:54,566 - utils.alert_system - INFO - Alert cleared
2026-04-10 09:15:54,674 - utils.alert_system - INFO - Alert cleared
2026-04-10 09:15:54,766 - utils.alert_system - INFO - Alert cleared
2026-04-10 09:15:54,866 - utils.alert_system - INFO - Alert cleared
2026-04-10 09:15:54,934 - utils.alert_system - INFO - Alert cleared
2026-04-10 09:15:54,999 - utils.alert_system - INFO - Alert cleared
2026-04-10 09:15:55,116 - utils.alert_system - INFO - Alert cleared
2026-04-10 09:15:55,198 - utils.alert_system - INFO - Alert cleared
2026-04-10 09:15:55,277 - utils.alert_system - INFO - Alert cleared
2026-04-10 09:15:55,390 - utils.alert_system - INFO - Alert cleared
2026-04-10 09:15:55,478 - utils.alert_system - INFO - Alert cleared
2026-04-10 09:15:55,571 - utils.alert_system - INFO - Alert cleared
2026-04-10 09:15:55,649 - utils.alert_system - INFO - Alert cleared
2026-04-10 09:15:55,705 - utils.alert_system - INFO - Alert cleared
2026-04-10 09:15:55,801 - utils.alert_system - INFO - Alert cleared
2026-04-10 09:15:55,885 - utils.alert_system - INFO - Alert cleared
2026-04-10 09:15:55,977 - utils.alert_system - INFO - Alert cleared
2026-04-10 09:15:56,047 - utils.alert_system - INFO - Alert cleared
2026-04-10 09:15:56,136 - utils.alert_system - INFO - Alert cleared
2026-04-10 09:15:56,218 - utils.alert_system - INFO - Alert cleared
2026-04-10 09:15:56,297 - utils.alert_system - INFO - Alert cleared
2026-04-10 09:15:56,378 - utils.alert_system - INFO - Alert cleared
2026-04-10 09:15:56,446 - utils.alert_system - INFO - Alert cleared
2026-04-10 09:15:56,529 - utils.alert_system - INFO - Alert cleared
2026-04-10 09:15:56,628 - utils.alert_system - INFO - Alert cleared
2026-04-10 09:15:56,697 - utils.alert_system - INFO - Alert cleared
2026-04-10 09:15:56,800 - utils.alert_system - INFO - Alert cleared
2026-04-10 09:15:56,903 - utils.alert_system - INFO - Alert cleared
2026-04-10 09:15:56,998 - utils.alert_system - INFO - Alert cleared
2026-04-10 09:15:57,105 - utils.alert_system - INFO - Alert cleared
2026-04-10 09:15:57,203 - utils.alert_system - INFO - Alert cleared
2026-04-10 09:15:57,316 - utils.alert_system - INFO - Alert cleared
2026-04-10 09:15:57,416 - utils.alert_system - INFO - Alert cleared
2026-04-10 09:15:57,500 - utils.alert_system - INFO - Alert cleared
2026-04-10 09:15:57,598 - utils.alert_system - INFO - Alert cleared
2026-04-10 09:15:57,698 - utils.alert_system - INFO - Alert cleared
2026-04-10 09:15:57,806 - utils.alert_system - INFO - Alert cleared
2026-04-10 09:15:57,887 - utils.alert_system - INFO - Alert cleared
2026-04-10 09:15:57,980 - utils.alert_system - INFO - Alert cleared
2026-04-10 09:15:58,058 - utils.alert_system - INFO - Alert cleared
2026-04-10 09:15:58,149 - utils.alert_system - INFO - Alert cleared
2026-04-10 09:15:58,228 - utils.alert_system - INFO - Alert cleared
2026-04-10 09:15:58,299 - utils.alert_system - INFO - Alert cleared
2026-04-10 09:15:58,416 - utils.alert_system - INFO - Alert cleared
2026-04-10 09:15:58,485 - utils.alert_system - INFO - Alert cleared
2026-04-10 09:15:58,616 - utils.alert_system - INFO - Alert cleared
2026-04-10 09:15:58,739 - utils.alert_system - INFO - Alert cleared
2026-04-10 09:15:58,848 - utils.alert_system - INFO - Alert cleared
2026-04-10 09:15:58,948 - utils.alert_system - INFO - Alert cleared
2026-04-10 09:15:59,068 - utils.alert_system - INFO - Alert cleared
2026-04-10 09:15:59,178 - utils.alert_system - INFO - Alert cleared
2026-04-10 09:15:59,283 - utils.alert_system - INFO - Alert cleared
2026-04-10 09:15:59,427 - utils.alert_system - INFO - Alert cleared
2026-04-10 09:15:59,526 - utils.alert_system - INFO - Alert cleared
2026-04-10 09:15:59,622 - utils.alert_system - INFO - Alert cleared
2026-04-10 09:15:59,706 - utils.alert_system - INFO - Alert cleared
2026-04-10 09:15:59,818 - utils.alert_system - INFO - Alert cleared
2026-04-10 09:15:59,928 - utils.alert_system - INFO - Alert cleared
2026-04-10 09:16:00,034 - utils.alert_system - INFO - Alert cleared
2026-04-10 09:16:00,117 - utils.alert_system - INFO - Alert cleared
2026-04-10 09:16:00,222 - utils.alert_system - INFO - Alert cleared
2026-04-10 09:16:00,303 - utils.alert_system - INFO - Alert cleared
2026-04-10 09:16:00,400 - utils.alert_system - INFO - Alert cleared
2026-04-10 09:16:00,518 - utils.alert_system - INFO - Alert cleared
2026-04-10 09:16:00,621 - utils.alert_system - INFO - Alert cleared
2026-04-10 09:16:00,737 - utils.alert_system - INFO - Alert cleared
2026-04-10 09:16:00,827 - utils.alert_system - INFO - Alert cleared
2026-04-10 09:16:00,941 - utils.alert_system - INFO - Alert cleared
2026-04-10 09:16:01,097 - utils.alert_system - INFO - Alert cleared
2026-04-10 09:16:01,199 - utils.alert_system - INFO - Alert cleared
2026-04-10 09:16:01,289 - utils.alert_system - INFO - Alert cleared
2026-04-10 09:16:01,370 - utils.alert_system - INFO - Alert cleared
2026-04-10 09:16:01,470 - utils.alert_system - INFO - Alert cleared
2026-04-10 09:16:01,578 - utils.alert_system - INFO - Alert cleared
2026-04-10 09:16:01,666 - utils.alert_system - INFO - Alert cleared
2026-04-10 09:16:01,763 - utils.alert_system - INFO - Alert cleared
2026-04-10 09:16:01,883 - utils.alert_system - INFO - Alert cleared
2026-04-10 09:16:01,966 - utils.alert_system - INFO - Alert cleared
2026-04-10 09:16:02,054 - utils.alert_system - INFO - Alert cleared
2026-04-10 09:16:02,166 - utils.alert_system - INFO - Alert cleared
2026-04-10 09:16:02,282 - utils.alert_system - INFO - Alert cleared
2026-04-10 09:16:02,452 - utils.alert_system - INFO - Alert cleared
2026-04-10 09:16:02,628 - utils.alert_system - INFO - Alert cleared
2026-04-10 09:16:02,759 - utils.alert_system - INFO - Alert cleared
2026-04-10 09:16:02,845 - utils.alert_system - INFO - Alert cleared
2026-04-10 09:16:02,927 - utils.alert_system - INFO - Alert cleared
2026-04-10 09:16:03,028 - utils.alert_system - INFO - Alert cleared
2026-04-10 09:16:03,116 - utils.alert_system - INFO - Alert cleared
2026-04-10 09:16:03,228 - utils.alert_system - INFO - Alert cleared
2026-04-10 09:16:03,355 - utils.alert_system - INFO - Alert cleared
2026-04-10 09:16:03,469 - utils.alert_system - INFO - Alert cleared
2026-04-10 09:16:03,566 - utils.alert_system - INFO - Alert cleared
2026-04-10 09:16:03,649 - utils.alert_system - INFO - Alert cleared
2026-04-10 09:16:03,782 - utils.alert_system - INFO - Alert cleared
2026-04-10 09:16:03,878 - utils.alert_system - INFO - Alert cleared
2026-04-10 09:16:03,951 - utils.alert_system - INFO - Alert cleared
2026-04-10 09:16:04,127 - utils.alert_system - INFO - Alert cleared
2026-04-10 09:16:04,228 - utils.alert_system - INFO - Alert cleared
2026-04-10 09:16:04,339 - utils.alert_system - INFO - Alert cleared
2026-04-10 09:16:04,440 - utils.alert_system - INFO - Alert cleared
2026-04-10 09:16:04,519 - utils.alert_system - INFO - Alert cleared
2026-04-10 09:16:04,602 - utils.alert_system - INFO - Alert cleared
2026-04-10 09:16:04,697 - utils.alert_system - INFO - Alert cleared
2026-04-10 09:16:04,769 - utils.alert_system - INFO - Alert cleared
2026-04-10 09:16:04,907 - utils.alert_system - INFO - Alert cleared
2026-04-10 09:16:05,016 - utils.alert_system - INFO - Alert cleared
2026-04-10 09:16:05,128 - utils.alert_system - INFO - Alert cleared
2026-04-10 09:16:05,204 - utils.alert_system - INFO - Alert cleared
2026-04-10 09:16:05,300 - utils.alert_system - INFO - Alert cleared
2026-04-10 09:16:05,418 - utils.alert_system - INFO - Alert cleared
2026-04-10 09:16:05,528 - utils.alert_system - INFO - Alert cleared
2026-04-10 09:16:05,627 - utils.alert_system - INFO - Alert cleared
2026-04-10 09:16:05,730 - utils.alert_system - INFO - Alert cleared
2026-04-10 09:16:05,827 - utils.alert_system - INFO - Alert cleared
2026-04-10 09:16:05,928 - utils.alert_system - INFO - Alert cleared
2026-04-10 09:16:06,078 - utils.alert_system - INFO - Alert cleared
2026-04-10 09:16:06,148 - utils.alert_system - INFO - Alert cleared
2026-04-10 09:16:06,258 - utils.alert_system - INFO - Alert cleared
2026-04-10 09:16:06,348 - utils.alert_system - INFO - Alert cleared
2026-04-10 09:16:06,448 - utils.alert_system - INFO - Alert cleared
2026-04-10 09:16:06,528 - utils.alert_system - INFO - Alert cleared
2026-04-10 09:16:06,628 - utils.alert_system - INFO - Alert cleared
2026-04-10 09:16:06,748 - utils.alert_system - INFO - Alert cleared
2026-04-10 09:16:06,836 - utils.alert_system - INFO - Alert cleared
2026-04-10 09:16:06,932 - utils.alert_system - INFO - Alert cleared
2026-04-10 09:16:07,005 - utils.alert_system - INFO - Alert cleared
2026-04-10 09:16:07,116 - utils.alert_system - INFO - Alert cleared
2026-04-10 09:16:07,206 - utils.alert_system - INFO - Alert cleared
2026-04-10 09:16:07,297 - utils.alert_system - INFO - Alert cleared
2026-04-10 09:16:07,410 - utils.alert_system - INFO - Alert cleared
2026-04-10 09:16:07,529 - utils.alert_system - INFO - Alert cleared
2026-04-10 09:16:07,634 - utils.alert_system - INFO - Alert cleared
2026-04-10 09:16:07,749 - utils.alert_system - INFO - Alert cleared
2026-04-10 09:16:07,889 - utils.alert_system - INFO - Alert cleared
2026-04-10 09:16:08,026 - utils.alert_system - INFO - Alert cleared
2026-04-10 09:16:08,161 - utils.alert_system - INFO - Alert cleared
2026-04-10 09:16:08,305 - utils.alert_system - INFO - Alert cleared
2026-04-10 09:16:08,442 - utils.alert_system - INFO - Alert cleared
2026-04-10 09:16:08,589 - utils.alert_system - INFO - Alert cleared
2026-04-10 09:16:08,686 - utils.alert_system - INFO - Alert cleared
2026-04-10 09:16:08,778 - utils.alert_system - INFO - Alert cleared
2026-04-10 09:16:08,852 - utils.alert_system - INFO - Alert cleared
2026-04-10 09:16:08,947 - utils.alert_system - INFO - Alert cleared
2026-04-10 09:16:09,078 - utils.alert_system - INFO - Alert cleared
2026-04-10 09:16:09,168 - utils.alert_system - INFO - Alert cleared
2026-04-10 09:16:09,278 - utils.alert_system - INFO - Alert cleared
2026-04-10 09:16:09,369 - utils.alert_system - INFO - Alert cleared
2026-04-10 09:16:09,527 - utils.alert_system - INFO - Alert cleared
2026-04-10 09:16:09,716 - utils.alert_system - INFO - Alert cleared
2026-04-10 09:16:09,845 - utils.alert_system - INFO - Alert cleared
2026-04-10 09:16:09,966 - utils.alert_system - INFO - Alert cleared
2026-04-10 09:16:10,078 - utils.alert_system - INFO - Alert cleared
2026-04-10 09:16:10,196 - utils.alert_system - INFO - Alert cleared
2026-04-10 09:16:10,378 - utils.alert_system - INFO - Alert cleared
2026-04-10 09:16:10,529 - utils.alert_system - INFO - Alert cleared
2026-04-10 09:16:10,698 - utils.alert_system - INFO - Alert cleared
2026-04-10 09:16:10,828 - utils.alert_system - INFO - Alert cleared
2026-04-10 09:16:10,948 - utils.alert_system - INFO - Alert cleared
2026-04-10 09:16:11,066 - utils.alert_system - INFO - Alert cleared
2026-04-10 09:16:11,156 - utils.alert_system - INFO - Alert cleared
2026-04-10 09:16:11,263 - utils.alert_system - INFO - Alert cleared
2026-04-10 09:16:11,410 - utils.alert_system - INFO - Alert cleared
2026-04-10 09:16:11,516 - utils.alert_system - INFO - Alert cleared
2026-04-10 09:16:11,680 - utils.alert_system - INFO - Alert cleared
2026-04-10 09:16:11,810 - utils.alert_system - INFO - Alert cleared
2026-04-10 09:16:11,913 - utils.alert_system - INFO - Alert cleared
2026-04-10 09:16:12,000 - utils.alert_system - INFO - Alert cleared
2026-04-10 09:16:12,102 - utils.alert_system - INFO - Alert cleared
2026-04-10 09:16:12,200 - utils.alert_system - INFO - Alert cleared
2026-04-10 09:16:12,283 - utils.alert_system - INFO - Alert cleared
2026-04-10 09:16:12,388 - utils.alert_system - INFO - Alert cleared
2026-04-10 09:16:12,510 - utils.alert_system - INFO - Alert cleared
2026-04-10 09:16:12,610 - utils.alert_system - INFO - Alert cleared
2026-04-10 09:16:12,716 - utils.alert_system - INFO - Alert cleared
2026-04-10 09:16:12,816 - utils.alert_system - INFO - Alert cleared
2026-04-10 09:16:12,910 - utils.alert_system - INFO - Alert cleared
2026-04-10 09:16:13,005 - utils.alert_system - INFO - Alert cleared
2026-04-10 09:16:13,098 - utils.alert_system - INFO - Alert cleared
2026-04-10 09:16:13,211 - utils.alert_system - INFO - Alert cleared
2026-04-10 09:16:13,316 - utils.alert_system - INFO - Alert cleared
2026-04-10 09:16:13,428 - utils.alert_system - INFO - Alert cleared
2026-04-10 09:16:13,528 - utils.alert_system - INFO - Alert cleared
2026-04-10 09:16:13,637 - utils.alert_system - INFO - Alert cleared
2026-04-10 09:16:13,766 - utils.alert_system - INFO - Alert cleared
2026-04-10 09:16:13,877 - utils.alert_system - INFO - Alert cleared
2026-04-10 09:16:13,978 - utils.alert_system - INFO - Alert cleared
2026-04-10 09:16:14,070 - utils.alert_system - INFO - Alert cleared
2026-04-10 09:16:14,175 - utils.alert_system - INFO - Alert cleared
2026-04-10 09:16:14,266 - utils.alert_system - INFO - Alert cleared
2026-04-10 09:16:14,359 - utils.alert_system - INFO - Alert cleared
2026-04-10 09:16:14,450 - utils.alert_system - INFO - Alert cleared
2026-04-10 09:16:14,579 - utils.alert_system - INFO - Alert cleared
2026-04-10 09:16:14,716 - utils.alert_system - INFO - Alert cleared
2026-04-10 09:16:14,828 - utils.alert_system - INFO - Alert cleared
2026-04-10 09:16:14,916 - utils.alert_system - INFO - Alert cleared
2026-04-10 09:16:15,034 - utils.alert_system - INFO - Alert cleared
2026-04-10 09:16:15,147 - utils.alert_system - INFO - Alert cleared
2026-04-10 09:16:15,247 - utils.alert_system - INFO - Alert cleared
2026-04-10 09:16:15,337 - utils.alert_system - INFO - Alert cleared
2026-04-10 09:16:15,436 - utils.alert_system - INFO - Alert cleared
2026-04-10 09:16:15,554 - utils.alert_system - INFO - Alert cleared
2026-04-10 09:16:15,685 - utils.alert_system - INFO - Alert cleared
2026-04-10 09:16:15,778 - utils.alert_system - INFO - Alert cleared
2026-04-10 09:16:15,853 - utils.alert_system - INFO - Alert cleared
2026-04-10 09:16:15,978 - utils.alert_system - INFO - Alert cleared
2026-04-10 09:16:16,085 - utils.alert_system - INFO - Alert cleared
2026-04-10 09:16:16,168 - utils.alert_system - INFO - Alert cleared
2026-04-10 09:16:16,266 - utils.alert_system - INFO - Alert cleared
2026-04-10 09:16:16,397 - utils.alert_system - INFO - Alert cleared
2026-04-10 09:16:16,478 - utils.alert_system - INFO - Alert cleared
2026-04-10 09:16:16,566 - utils.alert_system - INFO - Alert cleared
2026-04-10 09:16:16,682 - utils.alert_system - INFO - Alert cleared
2026-04-10 09:16:16,806 - utils.alert_system - INFO - Alert cleared
2026-04-10 09:16:16,902 - utils.alert_system - INFO - Alert cleared
2026-04-10 09:16:17,030 - utils.alert_system - INFO - Alert cleared
2026-04-10 09:16:17,128 - utils.alert_system - INFO - Alert cleared
2026-04-10 09:16:17,243 - utils.alert_system - INFO - Alert cleared
2026-04-10 09:16:17,347 - utils.alert_system - INFO - Alert cleared
2026-04-10 09:16:17,417 - utils.alert_system - INFO - Alert cleared
2026-04-10 09:16:17,484 - utils.alert_system - INFO - Alert cleared
2026-04-10 09:16:17,597 - utils.alert_system - INFO - Alert cleared
2026-04-10 09:16:17,666 - utils.alert_system - INFO - Alert cleared
2026-04-10 09:16:17,749 - utils.alert_system - INFO - Alert cleared
2026-04-10 09:16:17,860 - utils.alert_system - INFO - Alert cleared
2026-04-10 09:16:17,978 - utils.alert_system - INFO - Alert cleared
2026-04-10 09:16:18,084 - utils.alert_system - INFO - Alert cleared
2026-04-10 09:16:18,151 - utils.alert_system - INFO - Alert cleared
2026-04-10 09:16:18,226 - utils.alert_system - INFO - Alert cleared
2026-04-10 09:16:18,328 - utils.alert_system - INFO - Alert cleared
2026-04-10 09:16:18,429 - utils.alert_system - INFO - Alert cleared
2026-04-10 09:16:18,516 - utils.alert_system - INFO - Alert cleared
2026-04-10 09:16:18,608 - utils.alert_system - INFO - Alert cleared
2026-04-10 09:16:18,728 - utils.alert_system - INFO - Alert cleared
2026-04-10 09:16:18,865 - utils.alert_system - INFO - Alert cleared
2026-04-10 09:16:18,977 - utils.alert_system - INFO - Alert cleared
2026-04-10 09:16:19,108 - utils.alert_system - INFO - Alert cleared
2026-04-10 09:16:19,216 - utils.alert_system - INFO - Alert cleared
2026-04-10 09:16:19,386 - utils.alert_system - INFO - Alert cleared
2026-04-10 09:16:19,513 - utils.alert_system - INFO - Alert cleared
2026-04-10 09:16:19,643 - utils.alert_system - INFO - Alert cleared
2026-04-10 09:16:19,767 - utils.alert_system - INFO - Alert cleared
2026-04-10 09:16:19,866 - utils.alert_system - INFO - Alert cleared
2026-04-10 09:16:19,974 - utils.alert_system - INFO - Alert cleared
2026-04-10 09:16:20,090 - utils.alert_system - INFO - Alert cleared
2026-04-10 09:16:20,217 - utils.alert_system - INFO - Alert cleared
2026-04-10 09:16:20,328 - utils.alert_system - INFO - Alert cleared
2026-04-10 09:16:20,415 - utils.alert_system - INFO - Alert cleared
2026-04-10 09:16:20,528 - utils.alert_system - INFO - Alert cleared
2026-04-10 09:16:20,647 - utils.alert_system - INFO - Alert cleared
2026-04-10 09:16:20,766 - utils.alert_system - INFO - Alert cleared
2026-04-10 09:16:20,878 - utils.alert_system - INFO - Alert cleared
2026-04-10 09:16:21,097 - utils.alert_system - INFO - Alert cleared
2026-04-10 09:16:21,180 - utils.alert_system - INFO - Alert cleared
2026-04-10 09:16:21,316 - utils.alert_system - INFO - Alert cleared
2026-04-10 09:16:21,428 - utils.alert_system - INFO - Alert cleared
2026-04-10 09:16:21,531 - utils.alert_system - INFO - Alert cleared
2026-04-10 09:16:21,649 - utils.alert_system - INFO - Alert cleared
2026-04-10 09:16:21,756 - utils.alert_system - INFO - Alert cleared
2026-04-10 09:16:21,858 - utils.alert_system - INFO - Alert cleared
2026-04-10 09:16:21,948 - utils.alert_system - INFO - Alert cleared
2026-04-10 09:16:22,066 - utils.alert_system - INFO - Alert cleared
2026-04-10 09:16:22,190 - utils.alert_system - INFO - Alert cleared
2026-04-10 09:16:22,279 - utils.alert_system - INFO - Alert cleared
2026-04-10 09:16:22,390 - utils.alert_system - INFO - Alert cleared
2026-04-10 09:16:22,598 - utils.alert_system - INFO - Alert cleared
2026-04-10 09:16:22,738 - utils.alert_system - INFO - Alert cleared
2026-04-10 09:16:22,837 - utils.alert_system - INFO - Alert cleared
2026-04-10 09:16:22,929 - utils.alert_system - INFO - Alert cleared
2026-04-10 09:16:23,047 - utils.alert_system - INFO - Alert cleared
2026-04-10 09:16:23,148 - utils.alert_system - INFO - Alert cleared
2026-04-10 09:16:23,247 - utils.alert_system - INFO - Alert cleared
2026-04-10 09:16:23,347 - utils.alert_system - INFO - Alert cleared
2026-04-10 09:16:23,473 - utils.alert_system - INFO - Alert cleared
2026-04-10 09:16:23,550 - utils.alert_system - INFO - Alert cleared
2026-04-10 09:16:23,647 - utils.alert_system - INFO - Alert cleared
2026-04-10 09:16:23,897 - utils.alert_system - INFO - Alert cleared
2026-04-10 09:16:23,981 - utils.alert_system - INFO - Alert cleared
2026-04-10 09:16:24,066 - utils.alert_system - INFO - Alert cleared
2026-04-10 09:16:24,166 - utils.alert_system - INFO - Alert cleared
2026-04-10 09:16:24,266 - utils.alert_system - INFO - Alert cleared
2026-04-10 09:16:24,345 - utils.alert_system - INFO - Alert cleared
2026-04-10 09:16:24,443 - utils.alert_system - INFO - Alert cleared
2026-04-10 09:16:24,536 - utils.alert_system - INFO - Alert cleared
2026-04-10 09:16:24,648 - utils.alert_system - INFO - Alert cleared
2026-04-10 09:16:24,754 - utils.alert_system - INFO - Alert cleared
2026-04-10 09:16:24,850 - utils.alert_system - INFO - Alert cleared
2026-04-10 09:16:24,970 - utils.alert_system - INFO - Alert cleared
2026-04-10 09:16:25,095 - utils.alert_system - INFO - Alert cleared
2026-04-10 09:16:25,188 - utils.alert_system - INFO - Alert cleared
2026-04-10 09:16:25,297 - utils.alert_system - INFO - Alert cleared
2026-04-10 09:16:25,385 - utils.alert_system - INFO - Alert cleared
2026-04-10 09:16:25,528 - utils.alert_system - INFO - Alert cleared
2026-04-10 09:16:25,648 - utils.alert_system - INFO - Alert cleared
2026-04-10 09:16:25,768 - utils.alert_system - INFO - Alert cleared
2026-04-10 09:16:25,898 - utils.alert_system - INFO - Alert cleared
2026-04-10 09:16:25,966 - utils.alert_system - INFO - Alert cleared
2026-04-10 09:16:26,047 - utils.alert_system - INFO - Alert cleared
2026-04-10 09:16:26,116 - utils.alert_system - INFO - Alert cleared
2026-04-10 09:16:26,227 - utils.alert_system - INFO - Alert cleared
2026-04-10 09:16:26,316 - utils.alert_system - INFO - Alert cleared
2026-04-10 09:16:26,409 - utils.alert_system - INFO - Alert cleared
2026-04-10 09:16:26,513 - utils.alert_system - INFO - Alert cleared
2026-04-10 09:16:26,600 - utils.alert_system - INFO - Alert cleared
2026-04-10 09:16:26,728 - utils.alert_system - INFO - Alert cleared
2026-04-10 09:16:26,827 - utils.alert_system - INFO - Alert cleared
2026-04-10 09:16:26,932 - utils.alert_system - INFO - Alert cleared
2026-04-10 09:16:27,066 - utils.alert_system - INFO - Alert cleared
2026-04-10 09:16:27,150 - utils.alert_system - INFO - Alert cleared
2026-04-10 09:16:27,248 - utils.alert_system - INFO - Alert cleared
2026-04-10 09:16:27,348 - utils.alert_system - INFO - Alert cleared
2026-04-10 09:16:27,447 - utils.alert_system - INFO - Alert cleared
2026-04-10 09:16:27,536 - utils.alert_system - INFO - Alert cleared
2026-04-10 09:16:27,650 - utils.alert_system - INFO - Alert cleared
2026-04-10 09:16:27,740 - utils.alert_system - INFO - Alert cleared
2026-04-10 09:16:27,828 - utils.alert_system - INFO - Alert cleared
2026-04-10 09:16:27,928 - utils.alert_system - INFO - Alert cleared
2026-04-10 09:16:28,001 - utils.alert_system - INFO - Alert cleared
2026-04-10 09:16:28,103 - utils.alert_system - INFO - Alert cleared
2026-04-10 09:16:28,203 - utils.alert_system - INFO - Alert cleared
2026-04-10 09:16:28,302 - utils.alert_system - INFO - Alert cleared
2026-04-10 09:16:28,366 - utils.alert_system - INFO - Alert cleared
2026-04-10 09:16:28,468 - utils.alert_system - INFO - Alert cleared
2026-04-10 09:16:28,547 - utils.alert_system - INFO - Alert cleared
2026-04-10 09:16:28,611 - utils.alert_system - INFO - Alert cleared
2026-04-10 09:16:28,750 - utils.alert_system - INFO - Alert cleared
2026-04-10 09:16:28,861 - utils.alert_system - WARNING - Alert: WARNING | Distance: 16.6m | TTC: 2.0s
2026-04-10 09:16:28,861 - __main__ - ERROR - Error in main loop: name 'cv2' is not defined
Traceback (most recent call last):
  File "C:\Users\Ranjith S\Desktop\New folder\New folder\main.py", line 183, in start
    self._main_loop()
  File "C:\Users\Ranjith S\Desktop\New folder\New folder\main.py", line 202, in _main_loop
    processed_frame = self.process_frame(frame)
  File "C:\Users\Ranjith S\Desktop\New folder\New folder\main.py", line 317, in process_frame
    annotated_frame = self.alert_system.get_visual_overlay(annotated_frame)
  File "C:\Users\Ranjith S\Desktop\New folder\New folder\utils\alert_system.py", line 269, in get_visual_overlay
    cv2.rectangle(frame, (0, 0), (w-1, h-1), color, thickness)
NameError: name 'cv2' is not defined
2026-04-10 09:16:28,866 - __main__ - INFO - Cleaning up...
2026-04-10 09:16:29,368 - utils.alert_system - INFO - Alert cleared
2026-04-10 09:16:29,368 - utils.alert_system - INFO - Alert system cleaned up
2026-04-10 09:16:29,368 - utils.speed_monitor - INFO - Stopped speed monitoring
2026-04-10 09:16:29,368 - __main__ - INFO - ==================================================
2026-04-10 09:16:29,368 - __main__ - INFO - Session Summary:
2026-04-10 09:16:29,368 - __main__ - INFO - ==================================================
2026-04-10 09:16:29,368 - __main__ - INFO -   session_id: 20260410_091520
2026-04-10 09:16:29,368 - __main__ - INFO -   duration: 68.91622948646545
2026-04-10 09:16:29,368 - __main__ - INFO -   total_frames: 691
2026-04-10 09:16:29,368 - __main__ - INFO -   total_detections: 6
2026-04-10 09:16:29,368 - __main__ - INFO -   alerts_triggered: 0
2026-04-10 09:16:29,368 - __main__ - INFO -   average_speed: 30.0
2026-04-10 09:16:29,368 - __main__ - INFO -   top_detected: [('cow', 6)]
2026-04-10 09:16:29,368 - utils.data_logger - INFO - Session saved: 20260410_091520
2026-04-10 09:16:29,368 - utils.data_logger - INFO -   Frames: 691
2026-04-10 09:16:29,368 - utils.data_logger - INFO -   Detections: 6
2026-04-10 09:16:29,368 - utils.data_logger - INFO -   Alerts: 0
2026-04-10 09:16:29,411 - __main__ - INFO - Cleanup complete
2026-04-10 09:22:15,655 - __main__ - INFO - ==================================================
2026-04-10 09:22:15,655 - __main__ - INFO - Animal Collision Avoidance System Initializing
2026-04-10 09:22:15,655 - __main__ - INFO - ==================================================
2026-04-10 09:22:15,655 - __main__ - INFO - Loading model: C:\Users\Ranjith S\Desktop\New folder\New folder\models\yolov8n.pt
2026-04-10 09:22:15,655 - models.detector - INFO - Using device: cpu
2026-04-10 09:22:15,688 - models.detector - INFO - Model loaded from C:\Users\Ranjith S\Desktop\New folder\New folder\models\yolov8n.pt
2026-04-10 09:22:15,688 - utils.speed_monitor - INFO - Speed monitor initialized: source=simulation, default=30.0 km/h
2026-04-10 09:22:15,688 - utils.data_logger - INFO - Data logger initialized: session=20260410_092215
2026-04-10 09:22:15,688 - __main__ - INFO - Video output: C:\Users\Ranjith S\Desktop\New folder\New folder\data\output_videos\output_20260410_092215.mp4
2026-04-10 09:22:15,693 - __main__ - INFO - System initialization complete
2026-04-10 09:22:15,697 - __main__ - INFO - System started with source: WhatsApp Video 2026-04-10 at 9.17.37 AM.mp4
2026-04-10 09:22:15,697 - __main__ - INFO - Resolution: 640x360
2026-04-10 09:22:15,697 - __main__ - INFO - Video FPS: 30.00
2026-04-10 09:22:15,697 - __main__ - INFO - Press 'q' to quit, 'p' to pause, '+/-' to adjust speed
2026-04-10 09:22:15,697 - __main__ - INFO - Press 's' to save screenshot, 'r' to reset stats
2026-04-10 09:22:17,474 - utils.alert_system - INFO - Alert cleared
2026-04-10 09:22:17,666 - utils.alert_system - INFO - Alert cleared
2026-04-10 09:22:17,732 - utils.alert_system - INFO - Alert cleared
2026-04-10 09:22:17,828 - utils.alert_system - INFO - Alert cleared
2026-04-10 09:22:17,916 - utils.alert_system - INFO - Alert cleared
2026-04-10 09:22:18,025 - utils.alert_system - INFO - Alert cleared
2026-04-10 09:22:18,138 - utils.alert_system - INFO - Alert cleared
2026-04-10 09:22:18,228 - utils.alert_system - INFO - Alert cleared
2026-04-10 09:22:18,328 - utils.alert_system - INFO - Alert cleared
2026-04-10 09:22:18,423 - utils.alert_system - INFO - Alert cleared
2026-04-10 09:22:18,530 - utils.alert_system - INFO - Alert cleared
2026-04-10 09:22:18,648 - utils.alert_system - INFO - Alert cleared
2026-04-10 09:22:18,766 - utils.alert_system - INFO - Alert cleared
2026-04-10 09:22:18,849 - utils.alert_system - INFO - Alert cleared
2026-04-10 09:22:18,930 - utils.alert_system - INFO - Alert cleared
2026-04-10 09:22:19,039 - utils.alert_system - INFO - Alert cleared
2026-04-10 09:22:19,148 - utils.alert_system - INFO - Alert cleared
2026-04-10 09:22:19,248 - utils.alert_system - INFO - Alert cleared
2026-04-10 09:22:19,316 - utils.alert_system - INFO - Alert cleared
2026-04-10 09:22:19,416 - utils.alert_system - INFO - Alert cleared
2026-04-10 09:22:19,497 - utils.alert_system - INFO - Alert cleared
2026-04-10 09:22:19,566 - utils.alert_system - INFO - Alert cleared
2026-04-10 09:22:19,641 - utils.alert_system - INFO - Alert cleared
2026-04-10 09:22:19,747 - utils.alert_system - INFO - Alert cleared
2026-04-10 09:22:19,866 - utils.alert_system - INFO - Alert cleared
2026-04-10 09:22:19,941 - utils.alert_system - INFO - Alert cleared
2026-04-10 09:22:20,030 - utils.alert_system - INFO - Alert cleared
2026-04-10 09:22:20,131 - utils.alert_system - INFO - Alert cleared
2026-04-10 09:22:20,223 - utils.alert_system - INFO - Alert cleared
2026-04-10 09:22:20,341 - utils.alert_system - INFO - Alert cleared
2026-04-10 09:22:20,431 - utils.alert_system - INFO - Alert cleared
2026-04-10 09:22:20,530 - utils.alert_system - INFO - Alert cleared
2026-04-10 09:22:20,599 - utils.alert_system - INFO - Alert cleared
2026-04-10 09:22:20,672 - utils.alert_system - INFO - Alert cleared
2026-04-10 09:22:20,816 - utils.alert_system - INFO - Alert cleared
2026-04-10 09:22:20,916 - utils.alert_system - INFO - Alert cleared
2026-04-10 09:22:21,028 - utils.alert_system - INFO - Alert cleared
2026-04-10 09:22:21,104 - utils.alert_system - INFO - Alert cleared
2026-04-10 09:22:21,214 - utils.alert_system - INFO - Alert cleared
2026-04-10 09:22:21,281 - utils.alert_system - INFO - Alert cleared
2026-04-10 09:22:21,373 - utils.alert_system - INFO - Alert cleared
2026-04-10 09:22:21,469 - utils.alert_system - INFO - Alert cleared
2026-04-10 09:22:21,547 - utils.alert_system - INFO - Alert cleared
2026-04-10 09:22:21,666 - utils.alert_system - INFO - Alert cleared
2026-04-10 09:22:21,730 - utils.alert_system - INFO - Alert cleared
2026-04-10 09:22:21,852 - utils.alert_system - INFO - Alert cleared
2026-04-10 09:22:21,981 - utils.alert_system - INFO - Alert cleared
2026-04-10 09:22:22,052 - utils.alert_system - INFO - Alert cleared
2026-04-10 09:22:22,128 - utils.alert_system - INFO - Alert cleared
2026-04-10 09:22:22,238 - utils.alert_system - INFO - Alert cleared
2026-04-10 09:22:22,330 - utils.alert_system - INFO - Alert cleared
2026-04-10 09:22:22,405 - utils.alert_system - INFO - Alert cleared
2026-04-10 09:22:22,500 - utils.alert_system - INFO - Alert cleared
2026-04-10 09:22:22,602 - utils.alert_system - INFO - Alert cleared
2026-04-10 09:22:22,682 - utils.alert_system - INFO - Alert cleared
2026-04-10 09:22:22,786 - utils.alert_system - INFO - Alert cleared
2026-04-10 09:22:22,880 - utils.alert_system - INFO - Alert cleared
2026-04-10 09:22:22,974 - utils.alert_system - INFO - Alert cleared
2026-04-10 09:22:23,047 - utils.alert_system - INFO - Alert cleared
2026-04-10 09:22:23,148 - utils.alert_system - INFO - Alert cleared
2026-04-10 09:22:23,243 - utils.alert_system - INFO - Alert cleared
2026-04-10 09:22:23,361 - utils.alert_system - INFO - Alert cleared
2026-04-10 09:22:23,434 - utils.alert_system - INFO - Alert cleared
2026-04-10 09:22:23,539 - utils.alert_system - INFO - Alert cleared
2026-04-10 09:22:23,653 - utils.alert_system - INFO - Alert cleared
2026-04-10 09:22:23,728 - utils.alert_system - INFO - Alert cleared
2026-04-10 09:22:23,801 - utils.alert_system - INFO - Alert cleared
2026-04-10 09:22:23,944 - utils.alert_system - INFO - Alert cleared
2026-04-10 09:22:24,048 - utils.alert_system - INFO - Alert cleared
2026-04-10 09:22:24,143 - utils.alert_system - INFO - Alert cleared
2026-04-10 09:22:24,236 - utils.alert_system - INFO - Alert cleared
2026-04-10 09:22:24,328 - utils.alert_system - INFO - Alert cleared
2026-04-10 09:22:24,447 - utils.alert_system - INFO - Alert cleared
2026-04-10 09:22:24,593 - utils.alert_system - INFO - Alert cleared
2026-04-10 09:22:24,664 - utils.alert_system - INFO - Alert cleared
2026-04-10 09:22:24,782 - utils.alert_system - INFO - Alert cleared
2026-04-10 09:22:24,869 - utils.alert_system - INFO - Alert cleared
2026-04-10 09:22:24,967 - utils.alert_system - INFO - Alert cleared
2026-04-10 09:22:25,049 - utils.alert_system - INFO - Alert cleared
2026-04-10 09:22:25,138 - utils.alert_system - INFO - Alert cleared
2026-04-10 09:22:25,278 - utils.alert_system - INFO - Alert cleared
2026-04-10 09:22:25,347 - utils.alert_system - INFO - Alert cleared
2026-04-10 09:22:25,461 - utils.alert_system - INFO - Alert cleared
2026-04-10 09:22:25,662 - utils.alert_system - INFO - Alert cleared
2026-04-10 09:22:25,761 - utils.alert_system - INFO - Alert cleared
2026-04-10 09:22:25,903 - utils.alert_system - INFO - Alert cleared
2026-04-10 09:22:25,980 - utils.alert_system - INFO - Alert cleared
2026-04-10 09:22:26,047 - utils.alert_system - INFO - Alert cleared
2026-04-10 09:22:26,136 - utils.alert_system - INFO - Alert cleared
2026-04-10 09:22:26,208 - utils.alert_system - INFO - Alert cleared
2026-04-10 09:22:26,302 - utils.alert_system - INFO - Alert cleared
2026-04-10 09:22:26,381 - utils.alert_system - INFO - Alert cleared
2026-04-10 09:22:26,488 - utils.alert_system - INFO - Alert cleared
2026-04-10 09:22:26,577 - utils.alert_system - INFO - Alert cleared
2026-04-10 09:22:26,679 - utils.alert_system - INFO - Alert cleared
2026-04-10 09:22:26,795 - utils.alert_system - INFO - Alert cleared
2026-04-10 09:22:26,849 - utils.alert_system - INFO - Alert cleared
2026-04-10 09:22:26,925 - utils.alert_system - INFO - Alert cleared
2026-04-10 09:22:27,033 - utils.alert_system - INFO - Alert cleared
2026-04-10 09:22:27,129 - utils.alert_system - INFO - Alert cleared
2026-04-10 09:22:27,202 - utils.alert_system - INFO - Alert cleared
2026-04-10 09:22:27,282 - utils.alert_system - INFO - Alert cleared
2026-04-10 09:22:27,378 - utils.alert_system - INFO - Alert cleared
2026-04-10 09:22:27,438 - utils.alert_system - INFO - Alert cleared
2026-04-10 09:22:27,529 - utils.alert_system - INFO - Alert cleared
2026-04-10 09:22:27,597 - utils.alert_system - INFO - Alert cleared
2026-04-10 09:22:27,753 - utils.alert_system - INFO - Alert cleared
2026-04-10 09:22:27,837 - utils.alert_system - INFO - Alert cleared
2026-04-10 09:22:27,921 - utils.alert_system - INFO - Alert cleared
2026-04-10 09:22:28,033 - utils.alert_system - INFO - Alert cleared
2026-04-10 09:22:28,106 - utils.alert_system - INFO - Alert cleared
2026-04-10 09:22:28,238 - utils.alert_system - INFO - Alert cleared
2026-04-10 09:22:28,348 - utils.alert_system - INFO - Alert cleared
2026-04-10 09:22:28,428 - utils.alert_system - INFO - Alert cleared
2026-04-10 09:22:28,499 - utils.alert_system - INFO - Alert cleared
2026-04-10 09:22:28,597 - utils.alert_system - INFO - Alert cleared
2026-04-10 09:22:28,679 - utils.alert_system - INFO - Alert cleared
2026-04-10 09:22:28,771 - utils.alert_system - INFO - Alert cleared
2026-04-10 09:22:28,837 - utils.alert_system - INFO - Alert cleared
2026-04-10 09:22:28,937 - utils.alert_system - INFO - Alert cleared
2026-04-10 09:22:29,009 - utils.alert_system - INFO - Alert cleared
2026-04-10 09:22:29,089 - utils.alert_system - INFO - Alert cleared
2026-04-10 09:22:29,166 - utils.alert_system - INFO - Alert cleared
2026-04-10 09:22:29,286 - utils.alert_system - INFO - Alert cleared
2026-04-10 09:22:29,403 - utils.alert_system - INFO - Alert cleared
2026-04-10 09:22:29,480 - utils.alert_system - INFO - Alert cleared
2026-04-10 09:22:29,566 - utils.alert_system - INFO - Alert cleared
2026-04-10 09:22:29,629 - utils.alert_system - INFO - Alert cleared
2026-04-10 09:22:29,711 - utils.alert_system - INFO - Alert cleared
2026-04-10 09:22:29,789 - utils.alert_system - INFO - Alert cleared
2026-04-10 09:22:29,903 - utils.alert_system - INFO - Alert cleared
2026-04-10 09:22:29,985 - utils.alert_system - INFO - Alert cleared
2026-04-10 09:22:30,076 - utils.alert_system - INFO - Alert cleared
2026-04-10 09:22:30,166 - utils.alert_system - INFO - Alert cleared
2026-04-10 09:22:30,261 - utils.alert_system - INFO - Alert cleared
2026-04-10 09:22:30,345 - utils.alert_system - INFO - Alert cleared
2026-04-10 09:22:30,437 - utils.alert_system - INFO - Alert cleared
2026-04-10 09:22:30,553 - utils.alert_system - INFO - Alert cleared
2026-04-10 09:22:30,656 - utils.alert_system - INFO - Alert cleared
2026-04-10 09:22:30,761 - utils.alert_system - INFO - Alert cleared
2026-04-10 09:22:30,855 - utils.alert_system - INFO - Alert cleared
2026-04-10 09:22:30,978 - utils.alert_system - INFO - Alert cleared
2026-04-10 09:22:31,066 - utils.alert_system - INFO - Alert cleared
2026-04-10 09:22:31,177 - utils.alert_system - INFO - Alert cleared
2026-04-10 09:22:31,628 - utils.alert_system - INFO - Alert cleared
2026-04-10 09:22:31,828 - utils.alert_system - INFO - Alert cleared
2026-04-10 09:22:32,078 - utils.alert_system - INFO - Alert cleared
2026-04-10 09:22:32,232 - utils.alert_system - INFO - Alert cleared
2026-04-10 09:22:32,340 - utils.alert_system - INFO - Alert cleared
2026-04-10 09:22:32,528 - utils.alert_system - INFO - Alert cleared
2026-04-10 09:22:32,698 - utils.alert_system - INFO - Alert cleared
2026-04-10 09:22:32,984 - utils.alert_system - INFO - Alert cleared
2026-04-10 09:22:33,116 - utils.alert_system - INFO - Alert cleared
2026-04-10 09:22:33,256 - utils.alert_system - INFO - Alert cleared
2026-04-10 09:22:33,377 - utils.alert_system - INFO - Alert cleared
2026-04-10 09:22:33,530 - utils.alert_system - INFO - Alert cleared
2026-04-10 09:22:33,697 - utils.alert_system - INFO - Alert cleared
2026-04-10 09:22:33,877 - utils.alert_system - INFO - Alert cleared
2026-04-10 09:22:34,044 - utils.alert_system - INFO - Alert cleared
2026-04-10 09:22:34,211 - utils.alert_system - INFO - Alert cleared
2026-04-10 09:22:34,367 - utils.alert_system - INFO - Alert cleared
2026-04-10 09:22:34,486 - utils.alert_system - INFO - Alert cleared
2026-04-10 09:22:34,635 - utils.alert_system - INFO - Alert cleared
2026-04-10 09:22:34,810 - utils.alert_system - INFO - Alert cleared
2026-04-10 09:22:34,979 - utils.alert_system - INFO - Alert cleared
2026-04-10 09:22:35,132 - utils.alert_system - INFO - Alert cleared
2026-04-10 09:22:35,311 - utils.alert_system - INFO - Alert cleared
2026-04-10 09:22:35,516 - utils.alert_system - INFO - Alert cleared
2026-04-10 09:22:35,653 - utils.alert_system - INFO - Alert cleared
2026-04-10 09:22:35,744 - utils.alert_system - INFO - Alert cleared
2026-04-10 09:22:35,831 - utils.alert_system - INFO - Alert cleared
2026-04-10 09:22:35,919 - utils.alert_system - INFO - Alert cleared
2026-04-10 09:22:36,027 - utils.alert_system - INFO - Alert cleared
2026-04-10 09:22:36,098 - utils.alert_system - INFO - Alert cleared
2026-04-10 09:22:36,185 - utils.alert_system - INFO - Alert cleared
2026-04-10 09:22:36,313 - utils.alert_system - INFO - Alert cleared
2026-04-10 09:22:36,406 - utils.alert_system - INFO - Alert cleared
2026-04-10 09:22:36,774 - utils.alert_system - INFO - Alert cleared
2026-04-10 09:22:36,931 - utils.alert_system - INFO - Alert cleared
2026-04-10 09:22:37,027 - utils.alert_system - INFO - Alert cleared
2026-04-10 09:22:37,122 - utils.alert_system - INFO - Alert cleared
2026-04-10 09:22:37,271 - utils.alert_system - INFO - Alert cleared
2026-04-10 09:22:37,367 - utils.alert_system - INFO - Alert cleared
2026-04-10 09:22:37,497 - utils.alert_system - INFO - Alert cleared
2026-04-10 09:22:37,603 - utils.alert_system - INFO - Alert cleared
2026-04-10 09:22:37,677 - utils.alert_system - INFO - Alert cleared
2026-04-10 09:22:37,789 - utils.alert_system - INFO - Alert cleared
2026-04-10 09:22:37,876 - utils.alert_system - INFO - Alert cleared
2026-04-10 09:22:37,947 - utils.alert_system - INFO - Alert cleared
2026-04-10 09:22:38,020 - utils.alert_system - INFO - Alert cleared
2026-04-10 09:22:38,086 - utils.alert_system - INFO - Alert cleared
2026-04-10 09:22:38,178 - utils.alert_system - INFO - Alert cleared
2026-04-10 09:22:38,266 - utils.alert_system - INFO - Alert cleared
2026-04-10 09:22:38,330 - utils.alert_system - INFO - Alert cleared
2026-04-10 09:22:38,397 - utils.alert_system - INFO - Alert cleared
2026-04-10 09:22:38,487 - utils.alert_system - INFO - Alert cleared
2026-04-10 09:22:38,573 - utils.alert_system - INFO - Alert cleared
2026-04-10 09:22:38,672 - utils.alert_system - INFO - Alert cleared
2026-04-10 09:22:38,728 - utils.alert_system - INFO - Alert cleared
2026-04-10 09:22:38,818 - utils.alert_system - INFO - Alert cleared
2026-04-10 09:22:38,919 - utils.alert_system - INFO - Alert cleared
2026-04-10 09:22:38,999 - utils.alert_system - INFO - Alert cleared
2026-04-10 09:22:39,102 - utils.alert_system - INFO - Alert cleared
2026-04-10 09:22:39,178 - utils.alert_system - INFO - Alert cleared
2026-04-10 09:22:39,299 - utils.alert_system - INFO - Alert cleared
2026-04-10 09:22:39,383 - utils.alert_system - INFO - Alert cleared
2026-04-10 09:22:39,481 - utils.alert_system - INFO - Alert cleared
2026-04-10 09:22:39,591 - utils.alert_system - INFO - Alert cleared
2026-04-10 09:22:39,686 - utils.alert_system - INFO - Alert cleared
2026-04-10 09:22:39,751 - utils.alert_system - INFO - Alert cleared
2026-04-10 09:22:39,867 - utils.alert_system - INFO - Alert cleared
2026-04-10 09:22:39,933 - utils.alert_system - INFO - Alert cleared
2026-04-10 09:22:40,032 - utils.alert_system - INFO - Alert cleared
2026-04-10 09:22:40,120 - utils.alert_system - INFO - Alert cleared
2026-04-10 09:22:40,198 - utils.alert_system - INFO - Alert cleared
2026-04-10 09:22:40,278 - utils.alert_system - INFO - Alert cleared
2026-04-10 09:22:40,351 - utils.alert_system - INFO - Alert cleared
2026-04-10 09:22:40,449 - utils.alert_system - INFO - Alert cleared
2026-04-10 09:22:40,532 - utils.alert_system - INFO - Alert cleared
2026-04-10 09:22:40,619 - utils.alert_system - INFO - Alert cleared
2026-04-10 09:22:40,716 - utils.alert_system - INFO - Alert cleared
2026-04-10 09:22:40,790 - utils.alert_system - INFO - Alert cleared
2026-04-10 09:22:40,878 - utils.alert_system - INFO - Alert cleared
2026-04-10 09:22:40,970 - utils.alert_system - INFO - Alert cleared
2026-04-10 09:22:41,110 - utils.alert_system - INFO - Alert cleared
2026-04-10 09:22:41,177 - utils.alert_system - INFO - Alert cleared
2026-04-10 09:22:41,278 - utils.alert_system - INFO - Alert cleared
2026-04-10 09:22:41,378 - utils.alert_system - INFO - Alert cleared
2026-04-10 09:22:41,470 - utils.alert_system - INFO - Alert cleared
2026-04-10 09:22:41,576 - utils.alert_system - INFO - Alert cleared
2026-04-10 09:22:41,655 - utils.alert_system - INFO - Alert cleared
2026-04-10 09:22:41,748 - utils.alert_system - INFO - Alert cleared
2026-04-10 09:22:41,843 - utils.alert_system - INFO - Alert cleared
2026-04-10 09:22:41,927 - utils.alert_system - INFO - Alert cleared
2026-04-10 09:22:42,021 - utils.alert_system - INFO - Alert cleared
2026-04-10 09:22:42,121 - utils.alert_system - INFO - Alert cleared
2026-04-10 09:22:42,198 - utils.alert_system - INFO - Alert cleared
2026-04-10 09:22:42,278 - utils.alert_system - INFO - Alert cleared
2026-04-10 09:22:42,348 - utils.alert_system - INFO - Alert cleared
2026-04-10 09:22:42,428 - utils.alert_system - INFO - Alert cleared
2026-04-10 09:22:42,516 - utils.alert_system - INFO - Alert cleared
2026-04-10 09:22:42,585 - utils.alert_system - INFO - Alert cleared
2026-04-10 09:22:42,678 - utils.alert_system - INFO - Alert cleared
2026-04-10 09:22:42,780 - utils.alert_system - INFO - Alert cleared
2026-04-10 09:22:42,904 - utils.alert_system - INFO - Alert cleared
2026-04-10 09:22:42,992 - utils.alert_system - INFO - Alert cleared
2026-04-10 09:22:43,070 - utils.alert_system - INFO - Alert cleared
2026-04-10 09:22:43,153 - utils.alert_system - INFO - Alert cleared
2026-04-10 09:22:43,256 - utils.alert_system - INFO - Alert cleared
2026-04-10 09:22:43,338 - utils.alert_system - INFO - Alert cleared
2026-04-10 09:22:43,411 - utils.alert_system - INFO - Alert cleared
2026-04-10 09:22:43,485 - utils.alert_system - INFO - Alert cleared
2026-04-10 09:22:43,587 - utils.alert_system - INFO - Alert cleared
2026-04-10 09:22:43,660 - utils.alert_system - INFO - Alert cleared
2026-04-10 09:22:43,766 - utils.alert_system - INFO - Alert cleared
2026-04-10 09:22:43,844 - utils.alert_system - INFO - Alert cleared
2026-04-10 09:22:43,916 - utils.alert_system - INFO - Alert cleared
2026-04-10 09:22:43,984 - utils.alert_system - INFO - Alert cleared
2026-04-10 09:22:44,057 - utils.alert_system - INFO - Alert cleared
2026-04-10 09:22:44,192 - utils.alert_system - INFO - Alert cleared
2026-04-10 09:22:44,247 - utils.alert_system - INFO - Alert cleared
2026-04-10 09:22:44,367 - utils.alert_system - INFO - Alert cleared
2026-04-10 09:22:44,434 - utils.alert_system - INFO - Alert cleared
2026-04-10 09:22:44,550 - utils.alert_system - INFO - Alert cleared
2026-04-10 09:22:44,632 - utils.alert_system - INFO - Alert cleared
2026-04-10 09:22:44,727 - utils.alert_system - INFO - Alert cleared
2026-04-10 09:22:44,825 - utils.alert_system - INFO - Alert cleared
2026-04-10 09:22:44,900 - utils.alert_system - INFO - Alert cleared
2026-04-10 09:22:44,984 - utils.alert_system - INFO - Alert cleared
2026-04-10 09:22:45,090 - utils.alert_system - INFO - Alert cleared
2026-04-10 09:22:45,200 - utils.alert_system - INFO - Alert cleared
2026-04-10 09:22:45,280 - utils.alert_system - INFO - Alert cleared
2026-04-10 09:22:45,378 - utils.alert_system - INFO - Alert cleared
2026-04-10 09:22:45,458 - utils.alert_system - INFO - Alert cleared
2026-04-10 09:22:45,534 - utils.alert_system - INFO - Alert cleared
2026-04-10 09:22:45,627 - utils.alert_system - INFO - Alert cleared
2026-04-10 09:22:45,690 - utils.alert_system - INFO - Alert cleared
2026-04-10 09:22:45,783 - utils.alert_system - INFO - Alert cleared
2026-04-10 09:22:45,873 - utils.alert_system - INFO - Alert cleared
2026-04-10 09:22:45,978 - utils.alert_system - INFO - Alert cleared
2026-04-10 09:22:46,068 - utils.alert_system - INFO - Alert cleared
2026-04-10 09:22:46,133 - utils.alert_system - INFO - Alert cleared
2026-04-10 09:22:46,246 - utils.alert_system - INFO - Alert cleared
2026-04-10 09:22:46,335 - utils.alert_system - INFO - Alert cleared
2026-04-10 09:22:46,420 - utils.alert_system - INFO - Alert cleared
2026-04-10 09:22:46,538 - utils.alert_system - INFO - Alert cleared
2026-04-10 09:22:46,604 - utils.alert_system - INFO - Alert cleared
2026-04-10 09:22:46,713 - utils.alert_system - INFO - Alert cleared
2026-04-10 09:22:46,818 - utils.alert_system - INFO - Alert cleared
2026-04-10 09:22:46,905 - utils.alert_system - INFO - Alert cleared
2026-04-10 09:22:46,978 - utils.alert_system - INFO - Alert cleared
2026-04-10 09:22:47,068 - utils.alert_system - INFO - Alert cleared
2026-04-10 09:22:47,149 - utils.alert_system - INFO - Alert cleared
2026-04-10 09:22:47,236 - utils.alert_system - INFO - Alert cleared
2026-04-10 09:22:47,329 - utils.alert_system - INFO - Alert cleared
2026-04-10 09:22:47,408 - utils.alert_system - INFO - Alert cleared
2026-04-10 09:22:47,499 - utils.alert_system - INFO - Alert cleared
2026-04-10 09:22:47,578 - utils.alert_system - INFO - Alert cleared
2026-04-10 09:22:47,694 - utils.alert_system - INFO - Alert cleared
2026-04-10 09:22:47,785 - utils.alert_system - INFO - Alert cleared
2026-04-10 09:22:47,902 - utils.alert_system - INFO - Alert cleared
2026-04-10 09:22:48,048 - utils.alert_system - INFO - Alert cleared
2026-04-10 09:22:48,136 - utils.alert_system - INFO - Alert cleared
2026-04-10 09:22:48,230 - utils.alert_system - INFO - Alert cleared
2026-04-10 09:22:48,305 - utils.alert_system - INFO - Alert cleared
2026-04-10 09:22:48,408 - utils.alert_system - INFO - Alert cleared
2026-04-10 09:22:48,484 - utils.alert_system - INFO - Alert cleared
2026-04-10 09:22:48,601 - utils.alert_system - INFO - Alert cleared
2026-04-10 09:22:48,697 - utils.alert_system - INFO - Alert cleared
2026-04-10 09:22:48,778 - utils.alert_system - INFO - Alert cleared
2026-04-10 09:22:48,866 - utils.alert_system - INFO - Alert cleared
2026-04-10 09:22:48,963 - utils.alert_system - INFO - Alert cleared
2026-04-10 09:22:49,031 - utils.alert_system - INFO - Alert cleared
2026-04-10 09:22:49,131 - utils.alert_system - INFO - Alert cleared
2026-04-10 09:22:49,197 - utils.alert_system - INFO - Alert cleared
2026-04-10 09:22:49,263 - utils.alert_system - INFO - Alert cleared
2026-04-10 09:22:49,333 - utils.alert_system - INFO - Alert cleared
2026-04-10 09:22:49,416 - utils.alert_system - INFO - Alert cleared
2026-04-10 09:22:49,486 - utils.alert_system - INFO - Alert cleared
2026-04-10 09:22:49,578 - utils.alert_system - INFO - Alert cleared
2026-04-10 09:22:49,631 - utils.alert_system - INFO - Alert cleared
2026-04-10 09:22:49,724 - utils.alert_system - INFO - Alert cleared
2026-04-10 09:22:49,801 - utils.alert_system - INFO - Alert cleared
2026-04-10 09:22:49,901 - utils.alert_system - INFO - Alert cleared
2026-04-10 09:22:50,001 - utils.alert_system - INFO - Alert cleared
2026-04-10 09:22:50,106 - utils.alert_system - INFO - Alert cleared
2026-04-10 09:22:50,198 - utils.alert_system - INFO - Alert cleared
2026-04-10 09:22:50,297 - utils.alert_system - INFO - Alert cleared
2026-04-10 09:22:50,416 - utils.alert_system - INFO - Alert cleared
2026-04-10 09:22:50,478 - utils.alert_system - INFO - Alert cleared
2026-04-10 09:22:50,578 - utils.alert_system - INFO - Alert cleared
2026-04-10 09:22:50,656 - utils.alert_system - INFO - Alert cleared
2026-04-10 09:22:50,749 - utils.alert_system - INFO - Alert cleared
2026-04-10 09:22:50,834 - utils.alert_system - INFO - Alert cleared
2026-04-10 09:22:50,917 - utils.alert_system - INFO - Alert cleared
2026-04-10 09:22:51,001 - utils.alert_system - INFO - Alert cleared
2026-04-10 09:22:51,092 - utils.alert_system - INFO - Alert cleared
2026-04-10 09:22:51,158 - utils.alert_system - INFO - Alert cleared
2026-04-10 09:22:51,257 - utils.alert_system - INFO - Alert cleared
2026-04-10 09:22:51,331 - utils.alert_system - INFO - Alert cleared
2026-04-10 09:22:51,397 - utils.alert_system - INFO - Alert cleared
2026-04-10 09:22:51,466 - utils.alert_system - INFO - Alert cleared
2026-04-10 09:22:51,566 - utils.alert_system - INFO - Alert cleared
2026-04-10 09:22:51,636 - utils.alert_system - INFO - Alert cleared
2026-04-10 09:22:51,728 - utils.alert_system - INFO - Alert cleared
2026-04-10 09:22:51,829 - utils.alert_system - INFO - Alert cleared
2026-04-10 09:22:51,928 - utils.alert_system - INFO - Alert cleared
2026-04-10 09:22:51,992 - utils.alert_system - INFO - Alert cleared
2026-04-10 09:22:52,079 - utils.alert_system - INFO - Alert cleared
2026-04-10 09:22:52,167 - utils.alert_system - INFO - Alert cleared
2026-04-10 09:22:52,235 - utils.alert_system - INFO - Alert cleared
2026-04-10 09:22:52,320 - utils.alert_system - INFO - Alert cleared
2026-04-10 09:22:52,378 - utils.alert_system - INFO - Alert cleared
2026-04-10 09:22:52,448 - utils.alert_system - INFO - Alert cleared
2026-04-10 09:22:52,528 - utils.alert_system - INFO - Alert cleared
2026-04-10 09:22:52,601 - utils.alert_system - INFO - Alert cleared
2026-04-10 09:22:52,690 - utils.alert_system - INFO - Alert cleared
2026-04-10 09:22:52,807 - utils.alert_system - INFO - Alert cleared
2026-04-10 09:22:52,898 - utils.alert_system - INFO - Alert cleared
2026-04-10 09:22:52,990 - utils.alert_system - INFO - Alert cleared
2026-04-10 09:22:53,066 - utils.alert_system - INFO - Alert cleared
2026-04-10 09:22:53,178 - utils.alert_system - INFO - Alert cleared
2026-04-10 09:22:53,264 - utils.alert_system - INFO - Alert cleared
2026-04-10 09:22:53,349 - utils.alert_system - INFO - Alert cleared
2026-04-10 09:22:53,439 - utils.alert_system - INFO - Alert cleared
2026-04-10 09:22:53,509 - utils.alert_system - INFO - Alert cleared
2026-04-10 09:22:53,585 - utils.alert_system - INFO - Alert cleared
2026-04-10 09:22:53,691 - utils.alert_system - INFO - Alert cleared
2026-04-10 09:22:53,794 - utils.alert_system - INFO - Alert cleared
2026-04-10 09:22:53,889 - utils.alert_system - INFO - Alert cleared
2026-04-10 09:22:53,977 - utils.alert_system - INFO - Alert cleared
2026-04-10 09:22:54,066 - utils.alert_system - INFO - Alert cleared
2026-04-10 09:22:54,148 - utils.alert_system - INFO - Alert cleared
2026-04-10 09:22:54,227 - utils.alert_system - INFO - Alert cleared
2026-04-10 09:22:54,306 - utils.alert_system - INFO - Alert cleared
2026-04-10 09:22:54,378 - utils.alert_system - INFO - Alert cleared
2026-04-10 09:22:54,464 - utils.alert_system - INFO - Alert cleared
2026-04-10 09:22:54,553 - utils.alert_system - INFO - Alert cleared
2026-04-10 09:22:54,666 - utils.alert_system - INFO - Alert cleared
2026-04-10 09:22:54,740 - utils.alert_system - INFO - Alert cleared
2026-04-10 09:22:54,826 - utils.alert_system - INFO - Alert cleared
2026-04-10 09:22:54,899 - utils.alert_system - INFO - Alert cleared
2026-04-10 09:22:54,992 - utils.alert_system - INFO - Alert cleared
2026-04-10 09:22:55,087 - utils.alert_system - INFO - Alert cleared
2026-04-10 09:22:55,198 - utils.alert_system - INFO - Alert cleared
2026-04-10 09:22:55,280 - utils.alert_system - INFO - Alert cleared
2026-04-10 09:22:55,366 - utils.alert_system - INFO - Alert cleared
2026-04-10 09:22:55,442 - utils.alert_system - INFO - Alert cleared
2026-04-10 09:22:55,518 - utils.alert_system - INFO - Alert cleared
2026-04-10 09:22:55,616 - utils.alert_system - INFO - Alert cleared
2026-04-10 09:22:55,703 - utils.alert_system - INFO - Alert cleared
2026-04-10 09:22:55,782 - utils.alert_system - INFO - Alert cleared
2026-04-10 09:22:55,910 - utils.alert_system - INFO - Alert cleared
2026-04-10 09:22:55,998 - utils.alert_system - INFO - Alert cleared
2026-04-10 09:22:56,080 - utils.alert_system - INFO - Alert cleared
2026-04-10 09:22:56,153 - utils.alert_system - INFO - Alert cleared
2026-04-10 09:22:56,247 - utils.alert_system - INFO - Alert cleared
2026-04-10 09:22:56,316 - utils.alert_system - INFO - Alert cleared
2026-04-10 09:22:56,397 - utils.alert_system - INFO - Alert cleared
2026-04-10 09:22:56,478 - utils.alert_system - INFO - Alert cleared
2026-04-10 09:22:56,548 - utils.alert_system - INFO - Alert cleared
2026-04-10 09:22:56,616 - utils.alert_system - INFO - Alert cleared
2026-04-10 09:22:56,721 - utils.alert_system - INFO - Alert cleared
2026-04-10 09:22:56,808 - utils.alert_system - INFO - Alert cleared
2026-04-10 09:22:56,902 - utils.alert_system - INFO - Alert cleared
2026-04-10 09:22:56,999 - utils.alert_system - INFO - Alert cleared
2026-04-10 09:22:57,081 - utils.alert_system - INFO - Alert cleared
2026-04-10 09:22:57,168 - utils.alert_system - INFO - Alert cleared
2026-04-10 09:22:57,248 - utils.alert_system - INFO - Alert cleared
2026-04-10 09:22:57,351 - utils.alert_system - INFO - Alert cleared
2026-04-10 09:22:57,457 - utils.alert_system - INFO - Alert cleared
2026-04-10 09:22:57,530 - utils.alert_system - INFO - Alert cleared
2026-04-10 09:22:57,597 - utils.alert_system - INFO - Alert cleared
2026-04-10 09:22:57,686 - utils.alert_system - INFO - Alert cleared
2026-04-10 09:22:57,778 - utils.alert_system - INFO - Alert cleared
2026-04-10 09:22:57,918 - utils.alert_system - INFO - Alert cleared
2026-04-10 09:22:57,998 - utils.alert_system - INFO - Alert cleared
2026-04-10 09:22:58,097 - utils.alert_system - INFO - Alert cleared
2026-04-10 09:22:58,226 - utils.alert_system - INFO - Alert cleared
2026-04-10 09:22:58,317 - utils.alert_system - INFO - Alert cleared
2026-04-10 09:22:58,413 - utils.alert_system - INFO - Alert cleared
2026-04-10 09:22:58,478 - utils.alert_system - INFO - Alert cleared
2026-04-10 09:22:58,593 - utils.alert_system - INFO - Alert cleared
2026-04-10 09:22:58,698 - utils.alert_system - INFO - Alert cleared
2026-04-10 09:22:58,784 - utils.alert_system - INFO - Alert cleared
2026-04-10 09:22:58,918 - utils.alert_system - INFO - Alert cleared
2026-04-10 09:22:58,997 - utils.alert_system - INFO - Alert cleared
2026-04-10 09:22:59,089 - utils.alert_system - INFO - Alert cleared
2026-04-10 09:22:59,166 - utils.alert_system - INFO - Alert cleared
2026-04-10 09:22:59,285 - utils.alert_system - INFO - Alert cleared
2026-04-10 09:22:59,350 - utils.alert_system - INFO - Alert cleared
2026-04-10 09:22:59,456 - utils.alert_system - INFO - Alert cleared
2026-04-10 09:22:59,554 - utils.alert_system - INFO - Alert cleared
2026-04-10 09:22:59,654 - utils.alert_system - INFO - Alert cleared
2026-04-10 09:22:59,730 - utils.alert_system - INFO - Alert cleared
2026-04-10 09:22:59,824 - utils.alert_system - INFO - Alert cleared
2026-04-10 09:22:59,897 - utils.alert_system - INFO - Alert cleared
2026-04-10 09:23:00,016 - utils.alert_system - INFO - Alert cleared
2026-04-10 09:23:00,116 - utils.alert_system - INFO - Alert cleared
2026-04-10 09:23:00,197 - utils.alert_system - INFO - Alert cleared
2026-04-10 09:23:00,332 - utils.alert_system - INFO - Alert cleared
2026-04-10 09:23:00,425 - utils.alert_system - INFO - Alert cleared
2026-04-10 09:23:00,520 - utils.alert_system - INFO - Alert cleared
2026-04-10 09:23:00,593 - utils.alert_system - INFO - Alert cleared
2026-04-10 09:23:00,680 - utils.alert_system - INFO - Alert cleared
2026-04-10 09:23:00,767 - utils.alert_system - INFO - Alert cleared
2026-04-10 09:23:00,847 - utils.alert_system - INFO - Alert cleared
2026-04-10 09:23:00,928 - utils.alert_system - INFO - Alert cleared
2026-04-10 09:23:01,028 - utils.alert_system - INFO - Alert cleared
2026-04-10 09:23:01,097 - utils.alert_system - INFO - Alert cleared
2026-04-10 09:23:01,188 - utils.alert_system - INFO - Alert cleared
2026-04-10 09:23:01,254 - utils.alert_system - INFO - Alert cleared
2026-04-10 09:23:01,342 - utils.alert_system - INFO - Alert cleared
2026-04-10 09:23:01,444 - utils.alert_system - INFO - Alert cleared
2026-04-10 09:23:01,536 - utils.alert_system - INFO - Alert cleared
2026-04-10 09:23:01,635 - utils.alert_system - INFO - Alert cleared
2026-04-10 09:23:01,728 - utils.alert_system - INFO - Alert cleared
2026-04-10 09:23:01,827 - utils.alert_system - INFO - Alert cleared
2026-04-10 09:23:01,903 - utils.alert_system - INFO - Alert cleared
2026-04-10 09:23:01,985 - utils.alert_system - INFO - Alert cleared
2026-04-10 09:23:02,073 - utils.alert_system - INFO - Alert cleared
2026-04-10 09:23:02,164 - utils.alert_system - INFO - Alert cleared
2026-04-10 09:23:02,228 - utils.alert_system - INFO - Alert cleared
2026-04-10 09:23:02,306 - utils.alert_system - INFO - Alert cleared
2026-04-10 09:23:02,405 - utils.alert_system - INFO - Alert cleared
2026-04-10 09:23:02,484 - utils.alert_system - INFO - Alert cleared
2026-04-10 09:23:02,555 - utils.alert_system - INFO - Alert cleared
2026-04-10 09:23:02,637 - utils.alert_system - INFO - Alert cleared
2026-04-10 09:23:02,706 - utils.alert_system - INFO - Alert cleared
2026-04-10 09:23:02,779 - utils.alert_system - INFO - Alert cleared
2026-04-10 09:23:02,850 - utils.alert_system - INFO - Alert cleared
2026-04-10 09:23:02,931 - utils.alert_system - INFO - Alert cleared
2026-04-10 09:23:03,011 - utils.alert_system - INFO - Alert cleared
2026-04-10 09:23:03,107 - utils.alert_system - INFO - Alert cleared
2026-04-10 09:23:03,201 - utils.alert_system - INFO - Alert cleared
2026-04-10 09:23:03,298 - utils.alert_system - INFO - Alert cleared
2026-04-10 09:23:03,385 - utils.alert_system - INFO - Alert cleared
2026-04-10 09:23:03,455 - utils.alert_system - INFO - Alert cleared
2026-04-10 09:23:03,549 - utils.alert_system - INFO - Alert cleared
2026-04-10 09:23:03,616 - utils.alert_system - INFO - Alert cleared
2026-04-10 09:23:03,686 - utils.alert_system - INFO - Alert cleared
2026-04-10 09:23:03,752 - utils.alert_system - INFO - Alert cleared
2026-04-10 09:23:03,842 - utils.alert_system - INFO - Alert cleared
2026-04-10 09:23:03,916 - utils.alert_system - INFO - Alert cleared
2026-04-10 09:23:03,999 - utils.alert_system - INFO - Alert cleared
2026-04-10 09:23:04,081 - utils.alert_system - INFO - Alert cleared
2026-04-10 09:23:04,167 - utils.alert_system - INFO - Alert cleared
2026-04-10 09:23:04,252 - utils.alert_system - INFO - Alert cleared
2026-04-10 09:23:04,348 - utils.alert_system - INFO - Alert cleared
2026-04-10 09:23:04,417 - utils.alert_system - INFO - Alert cleared
2026-04-10 09:23:04,490 - utils.alert_system - INFO - Alert cleared
2026-04-10 09:23:04,569 - utils.alert_system - INFO - Alert cleared
2026-04-10 09:23:04,648 - utils.alert_system - INFO - Alert cleared
2026-04-10 09:23:04,729 - utils.alert_system - INFO - Alert cleared
2026-04-10 09:23:04,816 - utils.alert_system - INFO - Alert cleared
2026-04-10 09:23:04,901 - utils.alert_system - INFO - Alert cleared
2026-04-10 09:23:04,967 - utils.alert_system - INFO - Alert cleared
2026-04-10 09:23:05,048 - utils.alert_system - INFO - Alert cleared
2026-04-10 09:23:05,143 - utils.alert_system - INFO - Alert cleared
2026-04-10 09:23:05,235 - utils.alert_system - INFO - Alert cleared
2026-04-10 09:23:05,316 - utils.alert_system - INFO - Alert cleared
2026-04-10 09:23:05,397 - utils.alert_system - INFO - Alert cleared
2026-04-10 09:23:05,527 - utils.alert_system - INFO - Alert cleared
2026-04-10 09:23:05,616 - utils.alert_system - INFO - Alert cleared
2026-04-10 09:23:05,716 - utils.alert_system - INFO - Alert cleared
2026-04-10 09:23:05,785 - utils.alert_system - INFO - Alert cleared
2026-04-10 09:23:05,875 - utils.alert_system - INFO - Alert cleared
2026-04-10 09:23:05,956 - utils.alert_system - INFO - Alert cleared
2026-04-10 09:23:06,045 - utils.alert_system - INFO - Alert cleared
2026-04-10 09:23:06,142 - utils.alert_system - INFO - Alert cleared
2026-04-10 09:23:06,246 - utils.alert_system - INFO - Alert cleared
2026-04-10 09:23:06,327 - utils.alert_system - INFO - Alert cleared
2026-04-10 09:23:06,428 - utils.alert_system - INFO - Alert cleared
2026-04-10 09:23:06,514 - utils.alert_system - INFO - Alert cleared
2026-04-10 09:23:06,595 - utils.alert_system - INFO - Alert cleared
2026-04-10 09:23:06,666 - utils.alert_system - INFO - Alert cleared
2026-04-10 09:23:06,735 - utils.alert_system - INFO - Alert cleared
2026-04-10 09:23:06,854 - utils.alert_system - INFO - Alert cleared
2026-04-10 09:23:06,968 - utils.alert_system - INFO - Alert cleared
2026-04-10 09:23:07,055 - utils.alert_system - INFO - Alert cleared
2026-04-10 09:23:07,155 - utils.alert_system - INFO - Alert cleared
2026-04-10 09:23:07,247 - utils.alert_system - INFO - Alert cleared
2026-04-10 09:23:07,336 - utils.alert_system - INFO - Alert cleared
2026-04-10 09:23:07,410 - utils.alert_system - WARNING - Alert: WARNING | Distance: 16.2m | TTC: 1.9s
2026-04-10 09:23:07,411 - __main__ - ERROR - Error in main loop: name 'cv2' is not defined
Traceback (most recent call last):
  File "C:\Users\Ranjith S\Desktop\New folder\New folder\main.py", line 183, in start
    self._main_loop()
  File "C:\Users\Ranjith S\Desktop\New folder\New folder\main.py", line 202, in _main_loop
    processed_frame = self.process_frame(frame)
  File "C:\Users\Ranjith S\Desktop\New folder\New folder\main.py", line 317, in process_frame
    annotated_frame = self.alert_system.get_visual_overlay(annotated_frame)
  File "C:\Users\Ranjith S\Desktop\New folder\New folder\utils\alert_system.py", line 269, in get_visual_overlay
    cv2.rectangle(frame, (0, 0), (w-1, h-1), color, thickness)
NameError: name 'cv2' is not defined
2026-04-10 09:23:07,411 - __main__ - INFO - Cleaning up...
2026-04-10 09:23:07,920 - utils.alert_system - INFO - Alert cleared
2026-04-10 09:23:07,921 - utils.alert_system - INFO - Alert system cleaned up
2026-04-10 09:23:07,921 - utils.speed_monitor - INFO - Stopped speed monitoring
2026-04-10 09:23:07,921 - __main__ - INFO - ==================================================
2026-04-10 09:23:07,921 - __main__ - INFO - Session Summary:
2026-04-10 09:23:07,921 - __main__ - INFO - ==================================================
2026-04-10 09:23:07,921 - __main__ - INFO -   session_id: 20260410_092215
2026-04-10 09:23:07,921 - __main__ - INFO -   duration: 52.233797788619995
2026-04-10 09:23:07,921 - __main__ - INFO -   total_frames: 523
2026-04-10 09:23:07,921 - __main__ - INFO -   total_detections: 1
2026-04-10 09:23:07,921 - __main__ - INFO -   alerts_triggered: 0
2026-04-10 09:23:07,921 - __main__ - INFO -   average_speed: 30.0
2026-04-10 09:23:07,921 - __main__ - INFO -   top_detected: [('cow', 1)]
2026-04-10 09:23:07,921 - utils.data_logger - INFO - Session saved: 20260410_092215
2026-04-10 09:23:07,921 - utils.data_logger - INFO -   Frames: 523
2026-04-10 09:23:07,921 - utils.data_logger - INFO -   Detections: 1
2026-04-10 09:23:07,921 - utils.data_logger - INFO -   Alerts: 0
2026-04-10 09:23:07,936 - __main__ - INFO - Cleanup complete
2026-04-10 09:23:39,327 - __main__ - INFO - ==================================================
2026-04-10 09:23:39,327 - __main__ - INFO - Animal Collision Avoidance System Initializing
2026-04-10 09:23:39,327 - __main__ - INFO - ==================================================
2026-04-10 09:23:39,327 - __main__ - INFO - Loading model: C:\Users\Ranjith S\Desktop\New folder\New folder\models\yolov8n.pt
2026-04-10 09:23:39,327 - models.detector - INFO - Using device: cpu
2026-04-10 09:23:39,359 - models.detector - INFO - Model loaded from C:\Users\Ranjith S\Desktop\New folder\New folder\models\yolov8n.pt
2026-04-10 09:23:39,359 - utils.speed_monitor - INFO - Speed monitor initialized: source=simulation, default=30.0 km/h
2026-04-10 09:23:39,359 - utils.data_logger - INFO - Data logger initialized: session=20260410_092339
2026-04-10 09:23:39,363 - __main__ - INFO - Video output: C:\Users\Ranjith S\Desktop\New folder\New folder\data\output_videos\output_20260410_092339.mp4
2026-04-10 09:23:39,363 - __main__ - INFO - System initialization complete
2026-04-10 09:23:39,371 - __main__ - INFO - System started with source: WhatsApp Video 2026-04-10 at 9.17.37 AM.mp4
2026-04-10 09:23:39,371 - __main__ - INFO - Resolution: 640x360
2026-04-10 09:23:39,371 - __main__ - INFO - Video FPS: 30.00
2026-04-10 09:23:39,371 - __main__ - INFO - Press 'q' to quit, 'p' to pause, '+/-' to adjust speed
2026-04-10 09:23:39,371 - __main__ - INFO - Press 's' to save screenshot, 'r' to reset stats
2026-04-10 09:23:41,099 - utils.alert_system - INFO - Alert cleared
2026-04-10 09:23:41,261 - utils.alert_system - INFO - Alert cleared
2026-04-10 09:23:41,348 - utils.alert_system - INFO - Alert cleared
2026-04-10 09:23:41,466 - utils.alert_system - INFO - Alert cleared
2026-04-10 09:23:41,548 - utils.alert_system - INFO - Alert cleared
2026-04-10 09:23:41,652 - utils.alert_system - INFO - Alert cleared
2026-04-10 09:23:41,747 - utils.alert_system - INFO - Alert cleared
2026-04-10 09:23:41,830 - utils.alert_system - INFO - Alert cleared
2026-04-10 09:23:41,920 - utils.alert_system - INFO - Alert cleared
2026-04-10 09:23:42,016 - utils.alert_system - INFO - Alert cleared
2026-04-10 09:23:42,103 - utils.alert_system - INFO - Alert cleared
2026-04-10 09:23:42,197 - utils.alert_system - INFO - Alert cleared
2026-04-10 09:23:42,287 - utils.alert_system - INFO - Alert cleared
2026-04-10 09:23:42,363 - utils.alert_system - INFO - Alert cleared
2026-04-10 09:23:42,444 - utils.alert_system - INFO - Alert cleared
2026-04-10 09:23:42,516 - utils.alert_system - INFO - Alert cleared
2026-04-10 09:23:42,616 - utils.alert_system - INFO - Alert cleared
2026-04-10 09:23:42,700 - utils.alert_system - INFO - Alert cleared
2026-04-10 09:23:42,794 - utils.alert_system - INFO - Alert cleared
2026-04-10 09:23:42,871 - utils.alert_system - INFO - Alert cleared
2026-04-10 09:23:42,993 - utils.alert_system - INFO - Alert cleared
2026-04-10 09:23:43,097 - utils.alert_system - INFO - Alert cleared
2026-04-10 09:23:43,183 - utils.alert_system - INFO - Alert cleared
2026-04-10 09:23:43,297 - utils.alert_system - INFO - Alert cleared
2026-04-10 09:23:43,378 - utils.alert_system - INFO - Alert cleared
2026-04-10 09:23:43,478 - utils.alert_system - INFO - Alert cleared
2026-04-10 09:23:43,564 - utils.alert_system - INFO - Alert cleared
2026-04-10 09:23:43,666 - utils.alert_system - INFO - Alert cleared
2026-04-10 09:23:43,761 - utils.alert_system - INFO - Alert cleared
2026-04-10 09:23:43,850 - utils.alert_system - INFO - Alert cleared
2026-04-10 09:23:43,948 - utils.alert_system - INFO - Alert cleared
2026-04-10 09:23:44,047 - utils.alert_system - INFO - Alert cleared
2026-04-10 09:23:44,117 - utils.alert_system - INFO - Alert cleared
2026-04-10 09:23:44,220 - utils.alert_system - INFO - Alert cleared
2026-04-10 09:23:44,316 - utils.alert_system - INFO - Alert cleared
2026-04-10 09:23:44,385 - utils.alert_system - INFO - Alert cleared
2026-04-10 09:23:44,466 - utils.alert_system - INFO - Alert cleared
2026-04-10 09:23:44,528 - utils.alert_system - INFO - Alert cleared
2026-04-10 09:23:44,597 - utils.alert_system - INFO - Alert cleared
2026-04-10 09:23:44,686 - utils.alert_system - INFO - Alert cleared
2026-04-10 09:23:44,783 - utils.alert_system - INFO - Alert cleared
2026-04-10 09:23:44,878 - utils.alert_system - INFO - Alert cleared
2026-04-10 09:23:45,001 - utils.alert_system - INFO - Alert cleared
2026-04-10 09:23:45,093 - utils.alert_system - INFO - Alert cleared
2026-04-10 09:23:45,189 - utils.alert_system - INFO - Alert cleared
2026-04-10 09:23:45,299 - utils.alert_system - INFO - Alert cleared
2026-04-10 09:23:45,381 - utils.alert_system - INFO - Alert cleared
2026-04-10 09:23:45,467 - utils.alert_system - INFO - Alert cleared
2026-04-10 09:23:45,547 - utils.alert_system - INFO - Alert cleared
2026-04-10 09:23:45,631 - utils.alert_system - INFO - Alert cleared
2026-04-10 09:23:45,728 - utils.alert_system - INFO - Alert cleared
2026-04-10 09:23:45,828 - utils.alert_system - INFO - Alert cleared
2026-04-10 09:23:45,916 - utils.alert_system - INFO - Alert cleared
2026-04-10 09:23:46,023 - utils.alert_system - INFO - Alert cleared
2026-04-10 09:23:46,113 - utils.alert_system - INFO - Alert cleared
2026-04-10 09:23:46,197 - utils.alert_system - INFO - Alert cleared
2026-04-10 09:23:46,284 - utils.alert_system - INFO - Alert cleared
2026-04-10 09:23:46,371 - utils.alert_system - INFO - Alert cleared
2026-04-10 09:23:46,462 - utils.alert_system - INFO - Alert cleared
2026-04-10 09:23:46,530 - utils.alert_system - INFO - Alert cleared
2026-04-10 09:23:46,603 - utils.alert_system - INFO - Alert cleared
2026-04-10 09:23:46,690 - utils.alert_system - INFO - Alert cleared
2026-04-10 09:23:46,766 - utils.alert_system - INFO - Alert cleared
2026-04-10 09:23:46,855 - utils.alert_system - INFO - Alert cleared
2026-04-10 09:23:46,969 - utils.alert_system - INFO - Alert cleared
2026-04-10 09:23:47,066 - utils.alert_system - INFO - Alert cleared
2026-04-10 09:23:47,148 - utils.alert_system - INFO - Alert cleared
2026-04-10 09:23:47,242 - utils.alert_system - INFO - Alert cleared
2026-04-10 09:23:47,342 - utils.alert_system - INFO - Alert cleared
2026-04-10 09:23:47,448 - utils.alert_system - INFO - Alert cleared
2026-04-10 09:23:47,519 - utils.alert_system - INFO - Alert cleared
2026-04-10 09:23:47,605 - utils.alert_system - INFO - Alert cleared
2026-04-10 09:23:47,670 - utils.alert_system - INFO - Alert cleared
2026-04-10 09:23:47,751 - utils.alert_system - INFO - Alert cleared
2026-04-10 09:23:47,870 - utils.alert_system - INFO - Alert cleared
2026-04-10 09:23:47,971 - utils.alert_system - INFO - Alert cleared
2026-04-10 09:23:48,071 - utils.alert_system - INFO - Alert cleared
2026-04-10 09:23:48,154 - utils.alert_system - INFO - Alert cleared
2026-04-10 09:23:48,242 - utils.alert_system - INFO - Alert cleared
2026-04-10 09:23:48,347 - utils.alert_system - INFO - Alert cleared
2026-04-10 09:23:48,435 - utils.alert_system - INFO - Alert cleared
2026-04-10 09:23:48,505 - utils.alert_system - INFO - Alert cleared
2026-04-10 09:23:48,585 - utils.alert_system - INFO - Alert cleared
2026-04-10 09:23:48,693 - utils.alert_system - INFO - Alert cleared
2026-04-10 09:23:48,766 - utils.alert_system - INFO - Alert cleared
2026-04-10 09:23:48,829 - utils.alert_system - INFO - Alert cleared
2026-04-10 09:23:48,916 - utils.alert_system - INFO - Alert cleared
2026-04-10 09:23:48,978 - utils.alert_system - INFO - Alert cleared
2026-04-10 09:23:49,062 - utils.alert_system - INFO - Alert cleared
2026-04-10 09:23:49,147 - utils.alert_system - INFO - Alert cleared
2026-04-10 09:23:49,222 - utils.alert_system - INFO - Alert cleared
2026-04-10 09:23:49,310 - utils.alert_system - INFO - Alert cleared
2026-04-10 09:23:49,390 - utils.alert_system - INFO - Alert cleared
2026-04-10 09:23:49,477 - utils.alert_system - INFO - Alert cleared
2026-04-10 09:23:49,566 - utils.alert_system - INFO - Alert cleared
2026-04-10 09:23:49,628 - utils.alert_system - INFO - Alert cleared
2026-04-10 09:23:49,716 - utils.alert_system - INFO - Alert cleared
2026-04-10 09:23:49,829 - utils.alert_system - INFO - Alert cleared
2026-04-10 09:23:49,899 - utils.alert_system - INFO - Alert cleared
2026-04-10 09:23:49,978 - utils.alert_system - INFO - Alert cleared
2026-04-10 09:23:50,078 - utils.alert_system - INFO - Alert cleared
2026-04-10 09:23:50,178 - utils.alert_system - INFO - Alert cleared
2026-04-10 09:23:50,247 - utils.alert_system - INFO - Alert cleared
2026-04-10 09:23:50,316 - utils.alert_system - INFO - Alert cleared
2026-04-10 09:23:50,391 - utils.alert_system - INFO - Alert cleared
2026-04-10 09:23:50,488 - utils.alert_system - INFO - Alert cleared
2026-04-10 09:23:50,580 - utils.alert_system - INFO - Alert cleared
2026-04-10 09:23:50,684 - utils.alert_system - INFO - Alert cleared
2026-04-10 09:23:50,766 - utils.alert_system - INFO - Alert cleared
2026-04-10 09:23:50,859 - utils.alert_system - INFO - Alert cleared
2026-04-10 09:23:50,947 - utils.alert_system - INFO - Alert cleared
2026-04-10 09:23:51,016 - utils.alert_system - INFO - Alert cleared
2026-04-10 09:23:51,103 - utils.alert_system - INFO - Alert cleared
2026-04-10 09:23:51,197 - utils.alert_system - INFO - Alert cleared
2026-04-10 09:23:51,293 - utils.alert_system - INFO - Alert cleared
2026-04-10 09:23:51,398 - utils.alert_system - INFO - Alert cleared
2026-04-10 09:23:51,501 - utils.alert_system - INFO - Alert cleared
2026-04-10 09:23:51,588 - utils.alert_system - INFO - Alert cleared
2026-04-10 09:23:51,693 - utils.alert_system - INFO - Alert cleared
2026-04-10 09:23:51,782 - utils.alert_system - INFO - Alert cleared
2026-04-10 09:23:51,878 - utils.alert_system - INFO - Alert cleared
2026-04-10 09:23:51,966 - utils.alert_system - INFO - Alert cleared
2026-04-10 09:23:52,030 - utils.alert_system - INFO - Alert cleared
2026-04-10 09:23:52,130 - utils.alert_system - INFO - Alert cleared
2026-04-10 09:23:52,216 - utils.alert_system - INFO - Alert cleared
2026-04-10 09:23:52,316 - utils.alert_system - INFO - Alert cleared
2026-04-10 09:23:52,416 - utils.alert_system - INFO - Alert cleared
2026-04-10 09:23:52,506 - utils.alert_system - INFO - Alert cleared
2026-04-10 09:23:52,588 - utils.alert_system - INFO - Alert cleared
2026-04-10 09:23:52,694 - utils.alert_system - INFO - Alert cleared
2026-04-10 09:23:52,766 - utils.alert_system - INFO - Alert cleared
2026-04-10 09:23:52,831 - utils.alert_system - INFO - Alert cleared
2026-04-10 09:23:52,897 - utils.alert_system - INFO - Alert cleared
2026-04-10 09:23:52,984 - utils.alert_system - INFO - Alert cleared
2026-04-10 09:23:53,091 - utils.alert_system - INFO - Alert cleared
2026-04-10 09:23:53,178 - utils.alert_system - INFO - Alert cleared
2026-04-10 09:23:53,266 - utils.alert_system - INFO - Alert cleared
2026-04-10 09:23:53,373 - utils.alert_system - INFO - Alert cleared
2026-04-10 09:23:53,469 - utils.alert_system - INFO - Alert cleared
2026-04-10 09:23:53,549 - utils.alert_system - INFO - Alert cleared
2026-04-10 09:23:53,679 - utils.alert_system - INFO - Alert cleared
2026-04-10 09:23:53,756 - utils.alert_system - INFO - Alert cleared
2026-04-10 09:23:53,852 - utils.alert_system - INFO - Alert cleared
2026-04-10 09:23:53,940 - utils.alert_system - INFO - Alert cleared
2026-04-10 09:23:54,016 - utils.alert_system - INFO - Alert cleared
2026-04-10 09:23:54,128 - utils.alert_system - INFO - Alert cleared
2026-04-10 09:23:54,203 - utils.alert_system - INFO - Alert cleared
2026-04-10 09:23:54,304 - utils.alert_system - INFO - Alert cleared
2026-04-10 09:23:54,397 - utils.alert_system - INFO - Alert cleared
2026-04-10 09:23:54,499 - utils.alert_system - INFO - Alert cleared
2026-04-10 09:23:54,583 - utils.alert_system - INFO - Alert cleared
2026-04-10 09:23:54,653 - utils.alert_system - INFO - Alert cleared
2026-04-10 09:23:54,728 - utils.alert_system - INFO - Alert cleared
2026-04-10 09:23:54,848 - utils.alert_system - INFO - Alert cleared
2026-04-10 09:23:54,947 - utils.alert_system - INFO - Alert cleared
2026-04-10 09:23:55,019 - utils.alert_system - INFO - Alert cleared
2026-04-10 09:23:55,119 - utils.alert_system - INFO - Alert cleared
2026-04-10 09:23:55,178 - utils.alert_system - INFO - Alert cleared
2026-04-10 09:23:55,267 - utils.alert_system - INFO - Alert cleared
2026-04-10 09:23:55,367 - utils.alert_system - INFO - Alert cleared
2026-04-10 09:23:55,443 - utils.alert_system - INFO - Alert cleared
2026-04-10 09:23:55,532 - utils.alert_system - INFO - Alert cleared
2026-04-10 09:23:55,629 - utils.alert_system - INFO - Alert cleared
2026-04-10 09:23:55,716 - utils.alert_system - INFO - Alert cleared
2026-04-10 09:23:55,798 - utils.alert_system - INFO - Alert cleared
2026-04-10 09:23:55,882 - utils.alert_system - INFO - Alert cleared
2026-04-10 09:23:55,949 - utils.alert_system - INFO - Alert cleared
2026-04-10 09:23:56,032 - utils.alert_system - INFO - Alert cleared
2026-04-10 09:23:56,099 - utils.alert_system - INFO - Alert cleared
2026-04-10 09:23:56,185 - utils.alert_system - INFO - Alert cleared
2026-04-10 09:23:56,267 - utils.alert_system - INFO - Alert cleared
2026-04-10 09:23:56,342 - utils.alert_system - INFO - Alert cleared
2026-04-10 09:23:56,428 - utils.alert_system - INFO - Alert cleared
2026-04-10 09:23:56,498 - utils.alert_system - INFO - Alert cleared
2026-04-10 09:23:56,600 - utils.alert_system - INFO - Alert cleared
2026-04-10 09:23:56,666 - utils.alert_system - INFO - Alert cleared
2026-04-10 09:23:56,766 - utils.alert_system - INFO - Alert cleared
2026-04-10 09:23:56,867 - utils.alert_system - INFO - Alert cleared
2026-04-10 09:23:56,957 - utils.alert_system - INFO - Alert cleared
2026-04-10 09:23:57,048 - utils.alert_system - INFO - Alert cleared
2026-04-10 09:23:57,136 - utils.alert_system - INFO - Alert cleared
2026-04-10 09:23:57,231 - utils.alert_system - INFO - Alert cleared
2026-04-10 09:23:57,321 - utils.alert_system - INFO - Alert cleared
2026-04-10 09:23:57,402 - utils.alert_system - INFO - Alert cleared
2026-04-10 09:23:57,478 - utils.alert_system - INFO - Alert cleared
2026-04-10 09:23:57,566 - utils.alert_system - INFO - Alert cleared
2026-04-10 09:23:57,666 - utils.alert_system - INFO - Alert cleared
2026-04-10 09:23:57,766 - utils.alert_system - INFO - Alert cleared
2026-04-10 09:23:57,848 - utils.alert_system - INFO - Alert cleared
2026-04-10 09:23:57,928 - utils.alert_system - INFO - Alert cleared
2026-04-10 09:23:57,993 - utils.alert_system - INFO - Alert cleared
2026-04-10 09:23:58,078 - utils.alert_system - INFO - Alert cleared
2026-04-10 09:23:58,188 - utils.alert_system - INFO - Alert cleared
2026-04-10 09:23:58,288 - utils.alert_system - INFO - Alert cleared
2026-04-10 09:23:58,389 - utils.alert_system - INFO - Alert cleared
2026-04-10 09:23:58,489 - utils.alert_system - INFO - Alert cleared
2026-04-10 09:23:58,580 - utils.alert_system - INFO - Alert cleared
2026-04-10 09:23:58,678 - utils.alert_system - INFO - Alert cleared
2026-04-10 09:23:58,797 - utils.alert_system - INFO - Alert cleared
2026-04-10 09:23:58,878 - utils.alert_system - INFO - Alert cleared
2026-04-10 09:23:58,969 - utils.alert_system - INFO - Alert cleared
2026-04-10 09:23:59,067 - utils.alert_system - INFO - Alert cleared
2026-04-10 09:23:59,158 - utils.alert_system - INFO - Alert cleared
2026-04-10 09:23:59,247 - utils.alert_system - INFO - Alert cleared
2026-04-10 09:23:59,330 - utils.alert_system - INFO - Alert cleared
2026-04-10 09:23:59,429 - utils.alert_system - INFO - Alert cleared
2026-04-10 09:23:59,527 - utils.alert_system - INFO - Alert cleared
2026-04-10 09:23:59,624 - utils.alert_system - INFO - Alert cleared
2026-04-10 09:23:59,697 - utils.alert_system - INFO - Alert cleared
2026-04-10 09:23:59,773 - utils.alert_system - INFO - Alert cleared
2026-04-10 09:23:59,859 - utils.alert_system - INFO - Alert cleared
2026-04-10 09:23:59,978 - utils.alert_system - INFO - Alert cleared
2026-04-10 09:24:00,036 - utils.alert_system - INFO - Alert cleared
2026-04-10 09:24:00,119 - utils.alert_system - INFO - Alert cleared
2026-04-10 09:24:00,209 - utils.alert_system - INFO - Alert cleared
2026-04-10 09:24:00,297 - utils.alert_system - INFO - Alert cleared
2026-04-10 09:24:00,406 - utils.alert_system - INFO - Alert cleared
2026-04-10 09:24:00,501 - utils.alert_system - INFO - Alert cleared
2026-04-10 09:24:00,591 - utils.alert_system - INFO - Alert cleared
2026-04-10 09:24:00,716 - utils.alert_system - INFO - Alert cleared
2026-04-10 09:24:00,838 - utils.alert_system - INFO - Alert cleared
2026-04-10 09:24:00,928 - utils.alert_system - INFO - Alert cleared
2026-04-10 09:24:01,019 - utils.alert_system - INFO - Alert cleared
2026-04-10 09:24:01,086 - utils.alert_system - INFO - Alert cleared
2026-04-10 09:24:01,193 - utils.alert_system - INFO - Alert cleared
2026-04-10 09:24:01,278 - utils.alert_system - INFO - Alert cleared
2026-04-10 09:24:01,378 - utils.alert_system - INFO - Alert cleared
2026-04-10 09:24:01,477 - utils.alert_system - INFO - Alert cleared
2026-04-10 09:24:01,554 - utils.alert_system - INFO - Alert cleared
2026-04-10 09:24:01,622 - utils.alert_system - INFO - Alert cleared
2026-04-10 09:24:01,707 - utils.alert_system - INFO - Alert cleared
2026-04-10 09:24:01,793 - utils.alert_system - INFO - Alert cleared
2026-04-10 09:24:01,870 - utils.alert_system - INFO - Alert cleared
2026-04-10 09:24:01,969 - utils.alert_system - INFO - Alert cleared
2026-04-10 09:24:02,034 - utils.alert_system - INFO - Alert cleared
2026-04-10 09:24:02,121 - utils.alert_system - INFO - Alert cleared
2026-04-10 09:24:02,201 - utils.alert_system - INFO - Alert cleared
2026-04-10 09:24:02,283 - utils.alert_system - INFO - Alert cleared
2026-04-10 09:24:02,366 - utils.alert_system - INFO - Alert cleared
2026-04-10 09:24:02,467 - utils.alert_system - INFO - Alert cleared
2026-04-10 09:24:02,555 - utils.alert_system - INFO - Alert cleared
2026-04-10 09:24:02,639 - utils.alert_system - INFO - Alert cleared
2026-04-10 09:24:02,728 - utils.alert_system - INFO - Alert cleared
2026-04-10 09:24:02,836 - utils.alert_system - INFO - Alert cleared
2026-04-10 09:24:02,950 - utils.alert_system - INFO - Alert cleared
2026-04-10 09:24:03,030 - utils.alert_system - INFO - Alert cleared
2026-04-10 09:24:03,134 - utils.alert_system - INFO - Alert cleared
2026-04-10 09:24:03,218 - utils.alert_system - INFO - Alert cleared
2026-04-10 09:24:03,302 - utils.alert_system - INFO - Alert cleared
2026-04-10 09:24:03,397 - utils.alert_system - INFO - Alert cleared
2026-04-10 09:24:03,479 - utils.alert_system - INFO - Alert cleared
2026-04-10 09:24:03,551 - utils.alert_system - INFO - Alert cleared
2026-04-10 09:24:03,657 - utils.alert_system - INFO - Alert cleared
2026-04-10 09:24:03,752 - utils.alert_system - INFO - Alert cleared
2026-04-10 09:24:03,850 - utils.alert_system - INFO - Alert cleared
2026-04-10 09:24:03,948 - utils.alert_system - INFO - Alert cleared
2026-04-10 09:24:04,050 - utils.alert_system - INFO - Alert cleared
2026-04-10 09:24:04,154 - utils.alert_system - INFO - Alert cleared
2026-04-10 09:24:04,228 - utils.alert_system - INFO - Alert cleared
2026-04-10 09:24:04,308 - utils.alert_system - INFO - Alert cleared
2026-04-10 09:24:04,400 - utils.alert_system - INFO - Alert cleared
2026-04-10 09:24:04,498 - utils.alert_system - INFO - Alert cleared
2026-04-10 09:24:04,598 - utils.alert_system - INFO - Alert cleared
2026-04-10 09:24:04,666 - utils.alert_system - INFO - Alert cleared
2026-04-10 09:24:04,747 - utils.alert_system - INFO - Alert cleared
2026-04-10 09:24:04,851 - utils.alert_system - INFO - Alert cleared
2026-04-10 09:24:04,936 - utils.alert_system - INFO - Alert cleared
2026-04-10 09:24:05,047 - utils.alert_system - INFO - Alert cleared
2026-04-10 09:24:05,134 - utils.alert_system - INFO - Alert cleared
2026-04-10 09:24:05,222 - utils.alert_system - INFO - Alert cleared
2026-04-10 09:24:05,300 - utils.alert_system - INFO - Alert cleared
2026-04-10 09:24:05,386 - utils.alert_system - INFO - Alert cleared
2026-04-10 09:24:05,460 - utils.alert_system - INFO - Alert cleared
2026-04-10 09:24:05,547 - utils.alert_system - INFO - Alert cleared
2026-04-10 09:24:05,606 - utils.alert_system - INFO - Alert cleared
2026-04-10 09:24:05,700 - utils.alert_system - INFO - Alert cleared
2026-04-10 09:24:05,756 - utils.alert_system - INFO - Alert cleared
2026-04-10 09:24:05,849 - utils.alert_system - INFO - Alert cleared
2026-04-10 09:24:05,928 - utils.alert_system - INFO - Alert cleared
2026-04-10 09:24:06,028 - utils.alert_system - INFO - Alert cleared
2026-04-10 09:24:06,134 - utils.alert_system - INFO - Alert cleared
2026-04-10 09:24:06,242 - utils.alert_system - INFO - Alert cleared
2026-04-10 09:24:06,301 - utils.alert_system - INFO - Alert cleared
2026-04-10 09:24:06,382 - utils.alert_system - INFO - Alert cleared
2026-04-10 09:24:06,478 - utils.alert_system - INFO - Alert cleared
2026-04-10 09:24:06,548 - utils.alert_system - INFO - Alert cleared
2026-04-10 09:24:06,660 - utils.alert_system - INFO - Alert cleared
2026-04-10 09:24:06,748 - utils.alert_system - INFO - Alert cleared
2026-04-10 09:24:06,847 - utils.alert_system - INFO - Alert cleared
2026-04-10 09:24:06,952 - utils.alert_system - INFO - Alert cleared
2026-04-10 09:24:07,054 - utils.alert_system - INFO - Alert cleared
2026-04-10 09:24:07,168 - utils.alert_system - INFO - Alert cleared
2026-04-10 09:24:07,328 - utils.alert_system - INFO - Alert cleared
2026-04-10 09:24:07,428 - utils.alert_system - INFO - Alert cleared
2026-04-10 09:24:07,536 - utils.alert_system - INFO - Alert cleared
2026-04-10 09:24:07,607 - utils.alert_system - INFO - Alert cleared
2026-04-10 09:24:07,689 - utils.alert_system - INFO - Alert cleared
2026-04-10 09:24:07,789 - utils.alert_system - INFO - Alert cleared
2026-04-10 09:24:07,866 - utils.alert_system - INFO - Alert cleared
2026-04-10 09:24:07,931 - utils.alert_system - INFO - Alert cleared
2026-04-10 09:24:08,028 - utils.alert_system - INFO - Alert cleared
2026-04-10 09:24:08,116 - utils.alert_system - INFO - Alert cleared
2026-04-10 09:24:08,198 - utils.alert_system - INFO - Alert cleared
2026-04-10 09:24:08,333 - utils.alert_system - INFO - Alert cleared
2026-04-10 09:24:08,404 - utils.alert_system - INFO - Alert cleared
2026-04-10 09:24:08,509 - utils.alert_system - INFO - Alert cleared
2026-04-10 09:24:08,580 - utils.alert_system - INFO - Alert cleared
2026-04-10 09:24:08,706 - utils.alert_system - INFO - Alert cleared
2026-04-10 09:24:08,797 - utils.alert_system - INFO - Alert cleared
2026-04-10 09:24:08,883 - utils.alert_system - INFO - Alert cleared
2026-04-10 09:24:08,966 - utils.alert_system - INFO - Alert cleared
2026-04-10 09:24:09,067 - utils.alert_system - INFO - Alert cleared
2026-04-10 09:24:09,133 - utils.alert_system - INFO - Alert cleared
2026-04-10 09:24:09,236 - utils.alert_system - INFO - Alert cleared
2026-04-10 09:24:09,324 - utils.alert_system - INFO - Alert cleared
2026-04-10 09:24:09,397 - utils.alert_system - INFO - Alert cleared
2026-04-10 09:24:09,478 - utils.alert_system - INFO - Alert cleared
2026-04-10 09:24:09,569 - utils.alert_system - INFO - Alert cleared
2026-04-10 09:24:09,666 - utils.alert_system - INFO - Alert cleared
2026-04-10 09:24:09,753 - utils.alert_system - INFO - Alert cleared
2026-04-10 09:24:09,848 - utils.alert_system - INFO - Alert cleared
2026-04-10 09:24:09,934 - utils.alert_system - INFO - Alert cleared
2026-04-10 09:24:10,028 - utils.alert_system - INFO - Alert cleared
2026-04-10 09:24:10,099 - utils.alert_system - INFO - Alert cleared
2026-04-10 09:24:10,236 - utils.alert_system - INFO - Alert cleared
2026-04-10 09:24:10,316 - utils.alert_system - INFO - Alert cleared
2026-04-10 09:24:10,416 - utils.alert_system - INFO - Alert cleared
2026-04-10 09:24:10,516 - utils.alert_system - INFO - Alert cleared
2026-04-10 09:24:10,597 - utils.alert_system - INFO - Alert cleared
2026-04-10 09:24:10,707 - utils.alert_system - INFO - Alert cleared
2026-04-10 09:24:10,807 - utils.alert_system - INFO - Alert cleared
2026-04-10 09:24:10,898 - utils.alert_system - INFO - Alert cleared
2026-04-10 09:24:10,978 - utils.alert_system - INFO - Alert cleared
2026-04-10 09:24:11,078 - utils.alert_system - INFO - Alert cleared
2026-04-10 09:24:11,162 - utils.alert_system - INFO - Alert cleared
2026-04-10 09:24:11,248 - utils.alert_system - INFO - Alert cleared
2026-04-10 09:24:11,358 - utils.alert_system - INFO - Alert cleared
2026-04-10 09:24:11,428 - utils.alert_system - INFO - Alert cleared
2026-04-10 09:24:11,516 - utils.alert_system - INFO - Alert cleared
2026-04-10 09:24:11,616 - utils.alert_system - INFO - Alert cleared
2026-04-10 09:24:11,716 - utils.alert_system - INFO - Alert cleared
2026-04-10 09:24:11,828 - utils.alert_system - INFO - Alert cleared
2026-04-10 09:24:11,897 - utils.alert_system - INFO - Alert cleared
2026-04-10 09:24:11,949 - utils.alert_system - INFO - Alert cleared
2026-04-10 09:24:12,042 - utils.alert_system - INFO - Alert cleared
2026-04-10 09:24:12,139 - utils.alert_system - INFO - Alert cleared
2026-04-10 09:24:12,243 - utils.alert_system - INFO - Alert cleared
2026-04-10 09:24:12,329 - utils.alert_system - INFO - Alert cleared
2026-04-10 09:24:12,410 - utils.alert_system - INFO - Alert cleared
2026-04-10 09:24:12,497 - utils.alert_system - INFO - Alert cleared
2026-04-10 09:24:12,578 - utils.alert_system - INFO - Alert cleared
2026-04-10 09:24:12,681 - utils.alert_system - INFO - Alert cleared
2026-04-10 09:24:12,753 - utils.alert_system - INFO - Alert cleared
2026-04-10 09:24:12,848 - utils.alert_system - INFO - Alert cleared
2026-04-10 09:24:12,934 - utils.alert_system - INFO - Alert cleared
2026-04-10 09:24:13,016 - utils.alert_system - INFO - Alert cleared
2026-04-10 09:24:13,096 - utils.alert_system - INFO - Alert cleared
2026-04-10 09:24:13,178 - utils.alert_system - INFO - Alert cleared
2026-04-10 09:24:13,278 - utils.alert_system - INFO - Alert cleared
2026-04-10 09:24:13,411 - utils.alert_system - INFO - Alert cleared
2026-04-10 09:24:13,511 - utils.alert_system - INFO - Alert cleared
2026-04-10 09:24:13,578 - utils.alert_system - INFO - Alert cleared
2026-04-10 09:24:13,700 - utils.alert_system - INFO - Alert cleared
2026-04-10 09:24:13,778 - utils.alert_system - INFO - Alert cleared
2026-04-10 09:24:13,867 - utils.alert_system - INFO - Alert cleared
2026-04-10 09:24:13,958 - utils.alert_system - INFO - Alert cleared
2026-04-10 09:24:14,054 - utils.alert_system - INFO - Alert cleared
2026-04-10 09:24:14,151 - utils.alert_system - INFO - Alert cleared
2026-04-10 09:24:14,228 - utils.alert_system - INFO - Alert cleared
2026-04-10 09:24:14,348 - utils.alert_system - INFO - Alert cleared
2026-04-10 09:24:14,430 - utils.alert_system - INFO - Alert cleared
2026-04-10 09:24:14,521 - utils.alert_system - INFO - Alert cleared
2026-04-10 09:24:14,613 - utils.alert_system - INFO - Alert cleared
2026-04-10 09:24:14,682 - utils.alert_system - INFO - Alert cleared
2026-04-10 09:24:14,767 - utils.alert_system - INFO - Alert cleared
2026-04-10 09:24:14,886 - utils.alert_system - INFO - Alert cleared
2026-04-10 09:24:14,980 - utils.alert_system - INFO - Alert cleared
2026-04-10 09:24:15,119 - utils.alert_system - INFO - Alert cleared
2026-04-10 09:24:15,217 - utils.alert_system - INFO - Alert cleared
2026-04-10 09:24:15,298 - utils.alert_system - INFO - Alert cleared
2026-04-10 09:24:15,378 - utils.alert_system - INFO - Alert cleared
2026-04-10 09:24:15,458 - utils.alert_system - INFO - Alert cleared
2026-04-10 09:24:15,540 - utils.alert_system - INFO - Alert cleared
2026-04-10 09:24:15,630 - utils.alert_system - INFO - Alert cleared
2026-04-10 09:24:15,717 - utils.alert_system - INFO - Alert cleared
2026-04-10 09:24:15,780 - utils.alert_system - INFO - Alert cleared
2026-04-10 09:24:15,870 - utils.alert_system - INFO - Alert cleared
2026-04-10 09:24:15,957 - utils.alert_system - INFO - Alert cleared
2026-04-10 09:24:16,047 - utils.alert_system - INFO - Alert cleared
2026-04-10 09:24:16,148 - utils.alert_system - INFO - Alert cleared
2026-04-10 09:24:16,247 - utils.alert_system - INFO - Alert cleared
2026-04-10 09:24:16,316 - utils.alert_system - INFO - Alert cleared
2026-04-10 09:24:16,398 - utils.alert_system - INFO - Alert cleared
2026-04-10 09:24:16,497 - utils.alert_system - INFO - Alert cleared
2026-04-10 09:24:16,625 - utils.alert_system - INFO - Alert cleared
2026-04-10 09:24:16,729 - utils.alert_system - INFO - Alert cleared
2026-04-10 09:24:16,816 - utils.alert_system - INFO - Alert cleared
2026-04-10 09:24:16,897 - utils.alert_system - INFO - Alert cleared
2026-04-10 09:24:16,980 - utils.alert_system - INFO - Alert cleared
2026-04-10 09:24:17,332 - utils.alert_system - INFO - Alert cleared
2026-04-10 09:24:17,398 - utils.alert_system - INFO - Alert cleared
2026-04-10 09:24:17,487 - utils.alert_system - INFO - Alert cleared
2026-04-10 09:24:17,569 - utils.alert_system - INFO - Alert cleared
2026-04-10 09:24:17,661 - utils.alert_system - INFO - Alert cleared
2026-04-10 09:24:17,750 - utils.alert_system - INFO - Alert cleared
2026-04-10 09:24:17,853 - utils.alert_system - INFO - Alert cleared
2026-04-10 09:24:17,933 - utils.alert_system - INFO - Alert cleared
2026-04-10 09:24:18,038 - utils.alert_system - INFO - Alert cleared
2026-04-10 09:24:18,128 - utils.alert_system - INFO - Alert cleared
2026-04-10 09:24:18,199 - utils.alert_system - INFO - Alert cleared
2026-04-10 09:24:18,282 - utils.alert_system - INFO - Alert cleared
2026-04-10 09:24:18,372 - utils.alert_system - INFO - Alert cleared
2026-04-10 09:24:18,478 - utils.alert_system - INFO - Alert cleared
2026-04-10 09:24:18,598 - utils.alert_system - INFO - Alert cleared
2026-04-10 09:24:18,684 - utils.alert_system - INFO - Alert cleared
2026-04-10 09:24:18,766 - utils.alert_system - INFO - Alert cleared
2026-04-10 09:24:18,867 - utils.alert_system - INFO - Alert cleared
2026-04-10 09:24:18,966 - utils.alert_system - INFO - Alert cleared
2026-04-10 09:24:19,051 - utils.alert_system - INFO - Alert cleared
2026-04-10 09:24:19,147 - utils.alert_system - INFO - Alert cleared
2026-04-10 09:24:19,267 - utils.alert_system - INFO - Alert cleared
2026-04-10 09:24:19,384 - utils.alert_system - INFO - Alert cleared
2026-04-10 09:24:19,468 - utils.alert_system - INFO - Alert cleared
2026-04-10 09:24:19,560 - utils.alert_system - INFO - Alert cleared
2026-04-10 09:24:19,648 - utils.alert_system - INFO - Alert cleared
2026-04-10 09:24:19,730 - utils.alert_system - INFO - Alert cleared
2026-04-10 09:24:19,821 - utils.alert_system - INFO - Alert cleared
2026-04-10 09:24:19,950 - utils.alert_system - INFO - Alert cleared
2026-04-10 09:24:20,040 - utils.alert_system - INFO - Alert cleared
2026-04-10 09:24:20,127 - utils.alert_system - INFO - Alert cleared
2026-04-10 09:24:20,209 - utils.alert_system - INFO - Alert cleared
2026-04-10 09:24:20,297 - utils.alert_system - INFO - Alert cleared
2026-04-10 09:24:20,397 - utils.alert_system - INFO - Alert cleared
2026-04-10 09:24:20,497 - utils.alert_system - INFO - Alert cleared
2026-04-10 09:24:20,585 - utils.alert_system - INFO - Alert cleared
2026-04-10 09:24:20,648 - utils.alert_system - INFO - Alert cleared
2026-04-10 09:24:20,736 - utils.alert_system - INFO - Alert cleared
2026-04-10 09:24:20,839 - utils.alert_system - INFO - Alert cleared
2026-04-10 09:24:20,907 - utils.alert_system - INFO - Alert cleared
2026-04-10 09:24:20,979 - utils.alert_system - INFO - Alert cleared
2026-04-10 09:24:21,075 - utils.alert_system - INFO - Alert cleared
2026-04-10 09:24:21,159 - utils.alert_system - INFO - Alert cleared
2026-04-10 09:24:21,228 - utils.alert_system - INFO - Alert cleared
2026-04-10 09:24:21,306 - utils.alert_system - INFO - Alert cleared
2026-04-10 09:24:21,408 - utils.alert_system - INFO - Alert cleared
2026-04-10 09:24:21,498 - utils.alert_system - INFO - Alert cleared
2026-04-10 09:24:21,617 - utils.alert_system - INFO - Alert cleared
2026-04-10 09:24:21,707 - utils.alert_system - INFO - Alert cleared
2026-04-10 09:24:21,803 - utils.alert_system - INFO - Alert cleared
2026-04-10 09:24:21,901 - utils.alert_system - INFO - Alert cleared
2026-04-10 09:24:22,026 - utils.alert_system - INFO - Alert cleared
2026-04-10 09:24:22,129 - utils.alert_system - INFO - Alert cleared
2026-04-10 09:24:22,216 - utils.alert_system - INFO - Alert cleared
2026-04-10 09:24:22,317 - utils.alert_system - INFO - Alert cleared
2026-04-10 09:24:22,407 - utils.alert_system - INFO - Alert cleared
2026-04-10 09:24:22,498 - utils.alert_system - INFO - Alert cleared
2026-04-10 09:24:22,577 - utils.alert_system - INFO - Alert cleared
2026-04-10 09:24:22,677 - utils.alert_system - INFO - Alert cleared
2026-04-10 09:24:22,753 - utils.alert_system - INFO - Alert cleared
2026-04-10 09:24:22,840 - utils.alert_system - INFO - Alert cleared
2026-04-10 09:24:22,917 - utils.alert_system - INFO - Alert cleared
2026-04-10 09:24:22,998 - utils.alert_system - INFO - Alert cleared
2026-04-10 09:24:23,116 - utils.alert_system - INFO - Alert cleared
2026-04-10 09:24:23,177 - utils.alert_system - INFO - Alert cleared
2026-04-10 09:24:23,265 - utils.alert_system - INFO - Alert cleared
2026-04-10 09:24:23,347 - utils.alert_system - INFO - Alert cleared
2026-04-10 09:24:23,436 - utils.alert_system - INFO - Alert cleared
2026-04-10 09:24:23,516 - utils.alert_system - INFO - Alert cleared
2026-04-10 09:24:23,602 - utils.alert_system - INFO - Alert cleared
2026-04-10 09:24:23,688 - utils.alert_system - INFO - Alert cleared
2026-04-10 09:24:23,778 - utils.alert_system - INFO - Alert cleared
2026-04-10 09:24:23,866 - utils.alert_system - INFO - Alert cleared
2026-04-10 09:24:23,935 - utils.alert_system - INFO - Alert cleared
2026-04-10 09:24:24,001 - utils.alert_system - INFO - Alert cleared
2026-04-10 09:24:24,088 - utils.alert_system - INFO - Alert cleared
2026-04-10 09:24:24,163 - utils.alert_system - INFO - Alert cleared
2026-04-10 09:24:24,235 - utils.alert_system - INFO - Alert cleared
2026-04-10 09:24:24,331 - utils.alert_system - INFO - Alert cleared
2026-04-10 09:24:24,432 - utils.alert_system - INFO - Alert cleared
2026-04-10 09:24:24,502 - utils.alert_system - INFO - Alert cleared
2026-04-10 09:24:24,577 - utils.alert_system - INFO - Alert cleared
2026-04-10 09:24:24,647 - utils.alert_system - INFO - Alert cleared
2026-04-10 09:24:24,738 - utils.alert_system - INFO - Alert cleared
2026-04-10 09:24:24,831 - utils.alert_system - INFO - Alert cleared
2026-04-10 09:24:24,916 - utils.alert_system - INFO - Alert cleared
2026-04-10 09:24:24,978 - utils.alert_system - INFO - Alert cleared
2026-04-10 09:24:25,047 - utils.alert_system - INFO - Alert cleared
2026-04-10 09:24:25,151 - utils.alert_system - INFO - Alert cleared
2026-04-10 09:24:25,232 - utils.alert_system - INFO - Alert cleared
2026-04-10 09:24:25,303 - utils.alert_system - INFO - Alert cleared
2026-04-10 09:24:25,370 - utils.alert_system - INFO - Alert cleared
2026-04-10 09:24:25,444 - utils.alert_system - INFO - Alert cleared
2026-04-10 09:24:25,528 - utils.alert_system - INFO - Alert cleared
2026-04-10 09:24:25,602 - utils.alert_system - INFO - Alert cleared
2026-04-10 09:24:25,716 - utils.alert_system - INFO - Alert cleared
2026-04-10 09:24:25,802 - utils.alert_system - INFO - Alert cleared
2026-04-10 09:24:25,899 - utils.alert_system - INFO - Alert cleared
2026-04-10 09:24:25,996 - utils.alert_system - INFO - Alert cleared
2026-04-10 09:24:26,103 - utils.alert_system - INFO - Alert cleared
2026-04-10 09:24:26,179 - utils.alert_system - INFO - Alert cleared
2026-04-10 09:24:26,284 - utils.alert_system - INFO - Alert cleared
2026-04-10 09:24:26,358 - utils.alert_system - INFO - Alert cleared
2026-04-10 09:24:26,444 - utils.alert_system - INFO - Alert cleared
2026-04-10 09:24:26,519 - utils.alert_system - INFO - Alert cleared
2026-04-10 09:24:26,602 - utils.alert_system - INFO - Alert cleared
2026-04-10 09:24:26,701 - utils.alert_system - INFO - Alert cleared
2026-04-10 09:24:26,782 - utils.alert_system - INFO - Alert cleared
2026-04-10 09:24:26,850 - utils.alert_system - INFO - Alert cleared
2026-04-10 09:24:26,924 - utils.alert_system - INFO - Alert cleared
2026-04-10 09:24:27,016 - utils.alert_system - INFO - Alert cleared
2026-04-10 09:24:27,095 - utils.alert_system - INFO - Alert cleared
2026-04-10 09:24:27,147 - utils.alert_system - INFO - Alert cleared
2026-04-10 09:24:27,233 - utils.alert_system - INFO - Alert cleared
2026-04-10 09:24:27,335 - utils.alert_system - INFO - Alert cleared
2026-04-10 09:24:27,423 - utils.alert_system - INFO - Alert cleared
2026-04-10 09:24:27,517 - utils.alert_system - INFO - Alert cleared
2026-04-10 09:24:27,666 - utils.alert_system - INFO - Alert cleared
2026-04-10 09:24:27,766 - utils.alert_system - INFO - Alert cleared
2026-04-10 09:24:27,870 - utils.alert_system - INFO - Alert cleared
2026-04-10 09:24:27,974 - utils.alert_system - INFO - Alert cleared
2026-04-10 09:24:28,057 - utils.alert_system - INFO - Alert cleared
2026-04-10 09:24:28,178 - utils.alert_system - INFO - Alert cleared
2026-04-10 09:24:28,253 - utils.alert_system - INFO - Alert cleared
2026-04-10 09:24:28,359 - utils.alert_system - WARNING - Alert: WARNING | Distance: 16.2m | TTC: 1.9s
2026-04-10 09:24:28,360 - __main__ - ERROR - Error in main loop: name 'cv2' is not defined
Traceback (most recent call last):
  File "C:\Users\Ranjith S\Desktop\New folder\New folder\main.py", line 183, in start
    self._main_loop()
  File "C:\Users\Ranjith S\Desktop\New folder\New folder\main.py", line 202, in _main_loop
    processed_frame = self.process_frame(frame)
  File "C:\Users\Ranjith S\Desktop\New folder\New folder\main.py", line 317, in process_frame
    annotated_frame = self.alert_system.get_visual_overlay(annotated_frame)
  File "C:\Users\Ranjith S\Desktop\New folder\New folder\utils\alert_system.py", line 269, in get_visual_overlay
    cv2.rectangle(frame, (0, 0), (w-1, h-1), color, thickness)
NameError: name 'cv2' is not defined
2026-04-10 09:24:28,360 - __main__ - INFO - Cleaning up...
2026-04-10 09:24:28,869 - utils.alert_system - INFO - Alert cleared
2026-04-10 09:24:28,869 - utils.alert_system - INFO - Alert system cleaned up
2026-04-10 09:24:28,869 - utils.speed_monitor - INFO - Stopped speed monitoring
2026-04-10 09:24:28,869 - __main__ - INFO - ==================================================
2026-04-10 09:24:28,869 - __main__ - INFO - Session Summary:
2026-04-10 09:24:28,869 - __main__ - INFO - ==================================================
2026-04-10 09:24:28,869 - __main__ - INFO -   session_id: 20260410_092339
2026-04-10 09:24:28,869 - __main__ - INFO -   duration: 49.509772062301636
2026-04-10 09:24:28,869 - __main__ - INFO -   total_frames: 523
2026-04-10 09:24:28,869 - __main__ - INFO -   total_detections: 1
2026-04-10 09:24:28,869 - __main__ - INFO -   alerts_triggered: 0
2026-04-10 09:24:28,869 - __main__ - INFO -   average_speed: 30.0
2026-04-10 09:24:28,869 - __main__ - INFO -   top_detected: [('cow', 1)]
2026-04-10 09:24:28,873 - utils.data_logger - INFO - Session saved: 20260410_092339
2026-04-10 09:24:28,883 - utils.data_logger - INFO -   Frames: 523
2026-04-10 09:24:28,884 - utils.data_logger - INFO -   Detections: 1
2026-04-10 09:24:28,885 - utils.data_logger - INFO -   Alerts: 0
2026-04-10 09:24:28,928 - __main__ - INFO - Cleanup complete
2026-04-10 09:25:37,272 - __main__ - INFO - ==================================================
2026-04-10 09:25:37,272 - __main__ - INFO - Animal Collision Avoidance System Initializing
2026-04-10 09:25:37,272 - __main__ - INFO - ==================================================
2026-04-10 09:25:37,277 - __main__ - INFO - Loading model: C:\Users\Ranjith S\Desktop\New folder\New folder\models\yolov8n.pt
2026-04-10 09:25:37,277 - models.detector - INFO - Using device: cpu
2026-04-10 09:25:37,301 - models.detector - INFO - Model loaded from C:\Users\Ranjith S\Desktop\New folder\New folder\models\yolov8n.pt
2026-04-10 09:25:37,304 - utils.speed_monitor - INFO - Speed monitor initialized: source=simulation, default=30.0 km/h
2026-04-10 09:25:37,305 - utils.data_logger - INFO - Data logger initialized: session=20260410_092537
2026-04-10 09:25:37,305 - __main__ - INFO - Video output: C:\Users\Ranjith S\Desktop\New folder\New folder\data\output_videos\output_20260410_092537.mp4
2026-04-10 09:25:37,305 - __main__ - INFO - System initialization complete
2026-04-10 09:25:37,316 - __main__ - INFO - System started with source: WhatsApp Video 2026-04-10 at 9.17.37 AM.mp4
2026-04-10 09:25:37,316 - __main__ - INFO - Resolution: 640x360
2026-04-10 09:25:37,316 - __main__ - INFO - Video FPS: 30.00
2026-04-10 09:25:37,316 - __main__ - INFO - Press 'q' to quit, 'p' to pause, '+/-' to adjust speed
2026-04-10 09:25:37,316 - __main__ - INFO - Press 's' to save screenshot, 'r' to reset stats
2026-04-10 09:25:39,052 - utils.alert_system - INFO - Alert cleared
2026-04-10 09:25:39,178 - utils.alert_system - INFO - Alert cleared
2026-04-10 09:25:39,259 - utils.alert_system - INFO - Alert cleared
2026-04-10 09:25:39,348 - utils.alert_system - INFO - Alert cleared
2026-04-10 09:25:39,451 - utils.alert_system - INFO - Alert cleared
2026-04-10 09:25:39,542 - utils.alert_system - INFO - Alert cleared
2026-04-10 09:25:39,647 - utils.alert_system - INFO - Alert cleared
2026-04-10 09:25:39,703 - utils.alert_system - INFO - Alert cleared
2026-04-10 09:25:39,797 - utils.alert_system - INFO - Alert cleared
2026-04-10 09:25:39,882 - utils.alert_system - INFO - Alert cleared
2026-04-10 09:25:39,982 - utils.alert_system - INFO - Alert cleared
2026-04-10 09:25:40,051 - utils.alert_system - INFO - Alert cleared
2026-04-10 09:25:40,156 - utils.alert_system - INFO - Alert cleared
2026-04-10 09:25:40,246 - utils.alert_system - INFO - Alert cleared
2026-04-10 09:25:40,316 - utils.alert_system - INFO - Alert cleared
2026-04-10 09:25:40,385 - utils.alert_system - INFO - Alert cleared
2026-04-10 09:25:40,473 - utils.alert_system - INFO - Alert cleared
2026-04-10 09:25:40,528 - utils.alert_system - INFO - Alert cleared
2026-04-10 09:25:40,605 - utils.alert_system - INFO - Alert cleared
2026-04-10 09:25:40,697 - utils.alert_system - INFO - Alert cleared
2026-04-10 09:25:40,789 - utils.alert_system - INFO - Alert cleared
2026-04-10 09:25:40,878 - utils.alert_system - INFO - Alert cleared
2026-04-10 09:25:40,978 - utils.alert_system - INFO - Alert cleared
2026-04-10 09:25:41,048 - utils.alert_system - INFO - Alert cleared
2026-04-10 09:25:41,149 - utils.alert_system - INFO - Alert cleared
2026-04-10 09:25:41,234 - utils.alert_system - INFO - Alert cleared
2026-04-10 09:25:41,428 - utils.alert_system - INFO - Alert cleared
2026-04-10 09:25:41,730 - utils.alert_system - INFO - Alert cleared
2026-04-10 09:25:41,799 - utils.alert_system - INFO - Alert cleared
2026-04-10 09:25:41,879 - utils.alert_system - INFO - Alert cleared
2026-04-10 09:25:41,975 - utils.alert_system - INFO - Alert cleared
2026-04-10 09:25:42,031 - utils.alert_system - INFO - Alert cleared
2026-04-10 09:25:42,116 - utils.alert_system - INFO - Alert cleared
2026-04-10 09:25:42,216 - utils.alert_system - INFO - Alert cleared
2026-04-10 09:25:42,328 - utils.alert_system - INFO - Alert cleared
2026-04-10 09:25:42,762 - utils.alert_system - INFO - Alert cleared
2026-04-10 09:25:42,866 - utils.alert_system - INFO - Alert cleared
2026-04-10 09:25:42,958 - utils.alert_system - INFO - Alert cleared
2026-04-10 09:25:43,048 - utils.alert_system - INFO - Alert cleared
2026-04-10 09:25:43,141 - utils.alert_system - INFO - Alert cleared
2026-04-10 09:25:43,228 - utils.alert_system - INFO - Alert cleared
2026-04-10 09:25:43,316 - utils.alert_system - INFO - Alert cleared
2026-04-10 09:25:43,398 - utils.alert_system - INFO - Alert cleared
2026-04-10 09:25:43,466 - utils.alert_system - INFO - Alert cleared
2026-04-10 09:25:43,548 - utils.alert_system - INFO - Alert cleared
2026-04-10 09:25:43,627 - utils.alert_system - INFO - Alert cleared
2026-04-10 09:25:43,717 - utils.alert_system - INFO - Alert cleared
2026-04-10 09:25:43,800 - utils.alert_system - INFO - Alert cleared
2026-04-10 09:25:43,878 - utils.alert_system - INFO - Alert cleared
2026-04-10 09:25:43,979 - utils.alert_system - INFO - Alert cleared
2026-04-10 09:25:44,057 - utils.alert_system - INFO - Alert cleared
2026-04-10 09:25:44,131 - utils.alert_system - INFO - Alert cleared
2026-04-10 09:25:44,197 - utils.alert_system - INFO - Alert cleared
2026-04-10 09:25:44,279 - utils.alert_system - INFO - Alert cleared
2026-04-10 09:25:44,348 - utils.alert_system - INFO - Alert cleared
2026-04-10 09:25:44,430 - utils.alert_system - INFO - Alert cleared
2026-04-10 09:25:44,516 - utils.alert_system - INFO - Alert cleared
2026-04-10 09:25:44,616 - utils.alert_system - INFO - Alert cleared
2026-04-10 09:25:44,703 - utils.alert_system - INFO - Alert cleared
2026-04-10 09:25:44,766 - utils.alert_system - INFO - Alert cleared
2026-04-10 09:25:44,828 - utils.alert_system - INFO - Alert cleared
2026-04-10 09:25:44,910 - utils.alert_system - INFO - Alert cleared
2026-04-10 09:25:45,002 - utils.alert_system - INFO - Alert cleared
2026-04-10 09:25:45,092 - utils.alert_system - INFO - Alert cleared
2026-04-10 09:25:45,188 - utils.alert_system - INFO - Alert cleared
2026-04-10 09:25:45,278 - utils.alert_system - INFO - Alert cleared
2026-04-10 09:25:45,371 - utils.alert_system - INFO - Alert cleared
2026-04-10 09:25:45,466 - utils.alert_system - INFO - Alert cleared
2026-04-10 09:25:45,549 - utils.alert_system - INFO - Alert cleared
2026-04-10 09:25:45,647 - utils.alert_system - INFO - Alert cleared
2026-04-10 09:25:45,727 - utils.alert_system - INFO - Alert cleared
2026-04-10 09:25:45,821 - utils.alert_system - INFO - Alert cleared
2026-04-10 09:25:45,928 - utils.alert_system - INFO - Alert cleared
2026-04-10 09:25:46,028 - utils.alert_system - INFO - Alert cleared
2026-04-10 09:25:46,127 - utils.alert_system - INFO - Alert cleared
2026-04-10 09:25:46,222 - utils.alert_system - INFO - Alert cleared
2026-04-10 09:25:46,309 - utils.alert_system - INFO - Alert cleared
2026-04-10 09:25:46,397 - utils.alert_system - INFO - Alert cleared
2026-04-10 09:25:46,516 - utils.alert_system - INFO - Alert cleared
2026-04-10 09:25:46,619 - utils.alert_system - INFO - Alert cleared
2026-04-10 09:25:46,713 - utils.alert_system - INFO - Alert cleared
2026-04-10 09:25:46,798 - utils.alert_system - INFO - Alert cleared
2026-04-10 09:25:46,889 - utils.alert_system - INFO - Alert cleared
2026-04-10 09:25:46,980 - utils.alert_system - INFO - Alert cleared
2026-04-10 09:25:47,073 - utils.alert_system - INFO - Alert cleared
2026-04-10 09:25:47,155 - utils.alert_system - INFO - Alert cleared
2026-04-10 09:25:47,266 - utils.alert_system - INFO - Alert cleared
2026-04-10 09:25:47,366 - utils.alert_system - INFO - Alert cleared
2026-04-10 09:25:47,434 - utils.alert_system - INFO - Alert cleared
2026-04-10 09:25:47,516 - utils.alert_system - INFO - Alert cleared
2026-04-10 09:25:47,616 - utils.alert_system - INFO - Alert cleared
2026-04-10 09:25:47,684 - utils.alert_system - INFO - Alert cleared
2026-04-10 09:25:47,770 - utils.alert_system - INFO - Alert cleared
2026-04-10 09:25:47,867 - utils.alert_system - INFO - Alert cleared
2026-04-10 09:25:47,956 - utils.alert_system - INFO - Alert cleared
2026-04-10 09:25:48,024 - utils.alert_system - INFO - Alert cleared
2026-04-10 09:25:48,097 - utils.alert_system - INFO - Alert cleared
2026-04-10 09:25:48,179 - utils.alert_system - INFO - Alert cleared
2026-04-10 09:25:48,279 - utils.alert_system - INFO - Alert cleared
2026-04-10 09:25:48,380 - utils.alert_system - INFO - Alert cleared
2026-04-10 09:25:48,466 - utils.alert_system - INFO - Alert cleared
2026-04-10 09:25:48,558 - utils.alert_system - INFO - Alert cleared
2026-04-10 09:25:48,648 - utils.alert_system - INFO - Alert cleared
2026-04-10 09:25:48,753 - utils.alert_system - INFO - Alert cleared
2026-04-10 09:25:48,842 - utils.alert_system - INFO - Alert cleared
2026-04-10 09:25:48,928 - utils.alert_system - INFO - Alert cleared
2026-04-10 09:25:49,028 - utils.alert_system - INFO - Alert cleared
2026-04-10 09:25:49,101 - utils.alert_system - INFO - Alert cleared
2026-04-10 09:25:49,173 - utils.alert_system - INFO - Alert cleared
2026-04-10 09:25:49,228 - utils.alert_system - INFO - Alert cleared
2026-04-10 09:25:49,319 - utils.alert_system - INFO - Alert cleared
2026-04-10 09:25:49,416 - utils.alert_system - INFO - Alert cleared
2026-04-10 09:25:49,509 - utils.alert_system - INFO - Alert cleared
2026-04-10 09:25:49,589 - utils.alert_system - INFO - Alert cleared
2026-04-10 09:25:49,669 - utils.alert_system - INFO - Alert cleared
2026-04-10 09:25:49,775 - utils.alert_system - INFO - Alert cleared
2026-04-10 09:25:49,878 - utils.alert_system - INFO - Alert cleared
2026-04-10 09:25:49,978 - utils.alert_system - INFO - Alert cleared
2026-04-10 09:25:50,057 - utils.alert_system - INFO - Alert cleared
2026-04-10 09:25:50,132 - utils.alert_system - INFO - Alert cleared
2026-04-10 09:25:50,216 - utils.alert_system - INFO - Alert cleared
2026-04-10 09:25:50,313 - utils.alert_system - INFO - Alert cleared
2026-04-10 09:25:50,414 - utils.alert_system - INFO - Alert cleared
2026-04-10 09:25:50,516 - utils.alert_system - INFO - Alert cleared
2026-04-10 09:25:50,599 - utils.alert_system - INFO - Alert cleared
2026-04-10 09:25:50,688 - utils.alert_system - INFO - Alert cleared
2026-04-10 09:25:50,788 - utils.alert_system - INFO - Alert cleared
2026-04-10 09:25:50,857 - utils.alert_system - INFO - Alert cleared
2026-04-10 09:25:50,932 - utils.alert_system - INFO - Alert cleared
2026-04-10 09:25:51,016 - utils.alert_system - INFO - Alert cleared
2026-04-10 09:25:51,105 - utils.alert_system - INFO - Alert cleared
2026-04-10 09:25:51,188 - utils.alert_system - INFO - Alert cleared
2026-04-10 09:25:51,266 - utils.alert_system - INFO - Alert cleared
2026-04-10 09:25:51,351 - utils.alert_system - INFO - Alert cleared
2026-04-10 09:25:51,467 - utils.alert_system - INFO - Alert cleared
2026-04-10 09:25:51,528 - utils.alert_system - INFO - Alert cleared
2026-04-10 09:25:51,599 - utils.alert_system - INFO - Alert cleared
2026-04-10 09:25:51,682 - utils.alert_system - INFO - Alert cleared
2026-04-10 09:25:51,767 - utils.alert_system - INFO - Alert cleared
2026-04-10 09:25:51,842 - utils.alert_system - INFO - Alert cleared
2026-04-10 09:25:51,941 - utils.alert_system - INFO - Alert cleared
2026-04-10 09:25:52,042 - utils.alert_system - INFO - Alert cleared
2026-04-10 09:25:52,130 - utils.alert_system - INFO - Alert cleared
2026-04-10 09:25:52,219 - utils.alert_system - INFO - Alert cleared
2026-04-10 09:25:52,310 - utils.alert_system - INFO - Alert cleared
2026-04-10 09:25:52,398 - utils.alert_system - INFO - Alert cleared
2026-04-10 09:25:52,491 - utils.alert_system - INFO - Alert cleared
2026-04-10 09:25:52,566 - utils.alert_system - INFO - Alert cleared
2026-04-10 09:25:52,666 - utils.alert_system - INFO - Alert cleared
2026-04-10 09:25:52,743 - utils.alert_system - INFO - Alert cleared
2026-04-10 09:25:52,830 - utils.alert_system - INFO - Alert cleared
2026-04-10 09:25:52,948 - utils.alert_system - INFO - Alert cleared
2026-04-10 09:25:53,063 - utils.alert_system - INFO - Alert cleared
2026-04-10 09:25:53,167 - utils.alert_system - INFO - Alert cleared
2026-04-10 09:25:53,251 - utils.alert_system - INFO - Alert cleared
2026-04-10 09:25:53,337 - utils.alert_system - INFO - Alert cleared
2026-04-10 09:25:53,420 - utils.alert_system - INFO - Alert cleared
2026-04-10 09:25:53,517 - utils.alert_system - INFO - Alert cleared
2026-04-10 09:25:53,598 - utils.alert_system - INFO - Alert cleared
2026-04-10 09:25:53,685 - utils.alert_system - INFO - Alert cleared
2026-04-10 09:25:53,782 - utils.alert_system - INFO - Alert cleared
2026-04-10 09:25:53,878 - utils.alert_system - INFO - Alert cleared
2026-04-10 09:25:53,958 - utils.alert_system - INFO - Alert cleared
2026-04-10 09:25:54,066 - utils.alert_system - INFO - Alert cleared
2026-04-10 09:25:54,133 - utils.alert_system - INFO - Alert cleared
2026-04-10 09:25:54,223 - utils.alert_system - INFO - Alert cleared
2026-04-10 09:25:54,304 - utils.alert_system - INFO - Alert cleared
2026-04-10 09:25:54,393 - utils.alert_system - INFO - Alert cleared
2026-04-10 09:25:54,478 - utils.alert_system - INFO - Alert cleared
2026-04-10 09:25:54,561 - utils.alert_system - INFO - Alert cleared
2026-04-10 09:25:54,966 - utils.alert_system - INFO - Alert cleared
2026-04-10 09:25:55,074 - utils.alert_system - INFO - Alert cleared
2026-04-10 09:25:55,155 - utils.alert_system - INFO - Alert cleared
2026-04-10 09:25:55,252 - utils.alert_system - INFO - Alert cleared
2026-04-10 09:25:55,347 - utils.alert_system - INFO - Alert cleared
2026-04-10 09:25:55,446 - utils.alert_system - INFO - Alert cleared
2026-04-10 09:25:55,547 - utils.alert_system - INFO - Alert cleared
2026-04-10 09:25:55,616 - utils.alert_system - INFO - Alert cleared
2026-04-10 09:25:55,680 - utils.alert_system - INFO - Alert cleared
2026-04-10 09:25:55,747 - utils.alert_system - INFO - Alert cleared
2026-04-10 09:25:55,829 - utils.alert_system - INFO - Alert cleared
2026-04-10 09:25:55,916 - utils.alert_system - INFO - Alert cleared
2026-04-10 09:25:55,986 - utils.alert_system - INFO - Alert cleared
2026-04-10 09:25:56,047 - utils.alert_system - INFO - Alert cleared
2026-04-10 09:25:56,132 - utils.alert_system - INFO - Alert cleared
2026-04-10 09:25:56,218 - utils.alert_system - INFO - Alert cleared
2026-04-10 09:25:56,303 - utils.alert_system - INFO - Alert cleared
2026-04-10 09:25:56,335 - __main__ - INFO - Speed decreased to 25.0 km/h
2026-04-10 09:25:56,429 - utils.alert_system - INFO - Alert cleared
2026-04-10 09:25:56,499 - utils.alert_system - INFO - Alert cleared
2026-04-10 09:25:56,590 - utils.alert_system - INFO - Alert cleared
2026-04-10 09:25:56,686 - utils.alert_system - INFO - Alert cleared
2026-04-10 09:25:56,779 - utils.alert_system - INFO - Alert cleared
2026-04-10 09:25:56,867 - utils.alert_system - INFO - Alert cleared
2026-04-10 09:25:56,969 - utils.alert_system - INFO - Alert cleared
2026-04-10 09:25:57,051 - utils.alert_system - INFO - Alert cleared
2026-04-10 09:25:57,141 - utils.alert_system - INFO - Alert cleared
2026-04-10 09:25:57,230 - utils.alert_system - INFO - Alert cleared
2026-04-10 09:25:57,317 - utils.alert_system - INFO - Alert cleared
2026-04-10 09:25:57,416 - utils.alert_system - INFO - Alert cleared
2026-04-10 09:25:57,533 - utils.alert_system - INFO - Alert cleared
2026-04-10 09:25:57,628 - utils.alert_system - INFO - Alert cleared
2026-04-10 09:25:57,716 - utils.alert_system - INFO - Alert cleared
2026-04-10 09:25:57,816 - utils.alert_system - INFO - Alert cleared
2026-04-10 09:25:57,904 - utils.alert_system - INFO - Alert cleared
2026-04-10 09:25:58,006 - utils.alert_system - INFO - Alert cleared
2026-04-10 09:25:58,088 - utils.alert_system - INFO - Alert cleared
2026-04-10 09:25:58,178 - utils.alert_system - INFO - Alert cleared
2026-04-10 09:25:58,247 - utils.alert_system - INFO - Alert cleared
2026-04-10 09:25:58,319 - utils.alert_system - INFO - Alert cleared
2026-04-10 09:25:58,387 - utils.alert_system - INFO - Alert cleared
2026-04-10 09:25:58,469 - utils.alert_system - INFO - Alert cleared
2026-04-10 09:25:58,584 - utils.alert_system - INFO - Alert cleared
2026-04-10 09:25:58,682 - utils.alert_system - INFO - Alert cleared
2026-04-10 09:25:58,747 - utils.alert_system - INFO - Alert cleared
2026-04-10 09:25:58,852 - utils.alert_system - INFO - Alert cleared
2026-04-10 09:25:58,947 - utils.alert_system - INFO - Alert cleared
2026-04-10 09:25:59,030 - utils.alert_system - INFO - Alert cleared
2026-04-10 09:25:59,201 - utils.alert_system - INFO - Alert cleared
2026-04-10 09:25:59,279 - utils.alert_system - INFO - Alert cleared
2026-04-10 09:25:59,294 - __main__ - INFO - Speed decreased to 20.0 km/h
2026-04-10 09:25:59,385 - utils.alert_system - INFO - Alert cleared
2026-04-10 09:25:59,458 - utils.alert_system - INFO - Alert cleared
2026-04-10 09:25:59,534 - utils.alert_system - INFO - Alert cleared
2026-04-10 09:25:59,604 - utils.alert_system - INFO - Alert cleared
2026-04-10 09:25:59,697 - utils.alert_system - INFO - Alert cleared
2026-04-10 09:25:59,787 - utils.alert_system - INFO - Alert cleared
2026-04-10 09:25:59,883 - utils.alert_system - INFO - Alert cleared
2026-04-10 09:25:59,967 - utils.alert_system - INFO - Alert cleared
2026-04-10 09:26:00,059 - utils.alert_system - INFO - Alert cleared
2026-04-10 09:26:00,128 - utils.alert_system - INFO - Alert cleared
2026-04-10 09:26:00,209 - utils.alert_system - INFO - Alert cleared
2026-04-10 09:26:00,293 - utils.alert_system - INFO - Alert cleared
2026-04-10 09:26:00,389 - utils.alert_system - INFO - Alert cleared
2026-04-10 09:26:00,488 - utils.alert_system - INFO - Alert cleared
2026-04-10 09:26:00,547 - utils.alert_system - INFO - Alert cleared
2026-04-10 09:26:00,638 - utils.alert_system - INFO - Alert cleared
2026-04-10 09:26:00,718 - utils.alert_system - INFO - Alert cleared
2026-04-10 09:26:00,803 - utils.alert_system - INFO - Alert cleared
2026-04-10 09:26:00,890 - utils.alert_system - INFO - Alert cleared
2026-04-10 09:26:00,987 - utils.alert_system - INFO - Alert cleared
2026-04-10 09:26:01,085 - utils.alert_system - INFO - Alert cleared
2026-04-10 09:26:01,190 - utils.alert_system - INFO - Alert cleared
2026-04-10 09:26:01,287 - utils.alert_system - INFO - Alert cleared
2026-04-10 09:26:01,382 - utils.alert_system - INFO - Alert cleared
2026-04-10 09:26:01,467 - utils.alert_system - INFO - Alert cleared
2026-04-10 09:26:01,567 - utils.alert_system - INFO - Alert cleared
2026-04-10 09:26:01,628 - utils.alert_system - INFO - Alert cleared
2026-04-10 09:26:01,728 - utils.alert_system - INFO - Alert cleared
2026-04-10 09:26:01,799 - utils.alert_system - INFO - Alert cleared
2026-04-10 09:26:01,879 - utils.alert_system - INFO - Alert cleared
2026-04-10 09:26:01,977 - utils.alert_system - INFO - Alert cleared
2026-04-10 09:26:02,048 - utils.alert_system - INFO - Alert cleared
2026-04-10 09:26:02,149 - utils.alert_system - INFO - Alert cleared
2026-04-10 09:26:02,216 - utils.alert_system - INFO - Alert cleared
2026-04-10 09:26:02,316 - utils.alert_system - INFO - Alert cleared
2026-04-10 09:26:02,406 - utils.alert_system - INFO - Alert cleared
2026-04-10 09:26:02,508 - utils.alert_system - INFO - Alert cleared
2026-04-10 09:26:02,578 - utils.alert_system - INFO - Alert cleared
2026-04-10 09:26:02,666 - utils.alert_system - INFO - Alert cleared
2026-04-10 09:26:02,778 - utils.alert_system - INFO - Alert cleared
2026-04-10 09:26:02,867 - utils.alert_system - INFO - Alert cleared
2026-04-10 09:26:02,956 - utils.alert_system - INFO - Alert cleared
2026-04-10 09:26:03,016 - utils.alert_system - INFO - Alert cleared
2026-04-10 09:26:03,150 - utils.alert_system - INFO - Alert cleared
2026-04-10 09:26:03,150 - __main__ - INFO - Speed decreased to 15.0 km/h
2026-04-10 09:26:03,207 - utils.alert_system - INFO - Alert cleared
2026-04-10 09:26:03,299 - utils.alert_system - INFO - Alert cleared
2026-04-10 09:26:03,366 - utils.alert_system - INFO - Alert cleared
2026-04-10 09:26:03,466 - utils.alert_system - INFO - Alert cleared
2026-04-10 09:26:03,547 - utils.alert_system - INFO - Alert cleared
2026-04-10 09:26:03,634 - utils.alert_system - INFO - Alert cleared
2026-04-10 09:26:03,728 - utils.alert_system - INFO - Alert cleared
2026-04-10 09:26:03,828 - utils.alert_system - INFO - Alert cleared
2026-04-10 09:26:03,916 - utils.alert_system - INFO - Alert cleared
2026-04-10 09:26:03,978 - utils.alert_system - INFO - Alert cleared
2026-04-10 09:26:04,077 - utils.alert_system - INFO - Alert cleared
2026-04-10 09:26:04,178 - utils.alert_system - INFO - Alert cleared
2026-04-10 09:26:04,278 - utils.alert_system - INFO - Alert cleared
2026-04-10 09:26:04,337 - utils.alert_system - INFO - Alert cleared
2026-04-10 09:26:04,420 - utils.alert_system - INFO - Alert cleared
2026-04-10 09:26:04,522 - utils.alert_system - INFO - Alert cleared
2026-04-10 09:26:04,619 - utils.alert_system - INFO - Alert cleared
2026-04-10 09:26:04,716 - utils.alert_system - INFO - Alert cleared
2026-04-10 09:26:04,809 - utils.alert_system - INFO - Alert cleared
2026-04-10 09:26:04,916 - utils.alert_system - INFO - Alert cleared
2026-04-10 09:26:05,028 - utils.alert_system - INFO - Alert cleared
2026-04-10 09:26:05,133 - utils.alert_system - INFO - Alert cleared
2026-04-10 09:26:05,231 - utils.alert_system - INFO - Alert cleared
2026-04-10 09:26:05,328 - utils.alert_system - INFO - Alert cleared
2026-04-10 09:26:05,418 - utils.alert_system - INFO - Alert cleared
2026-04-10 09:26:05,512 - utils.alert_system - INFO - Alert cleared
2026-04-10 09:26:05,618 - utils.alert_system - INFO - Alert cleared
2026-04-10 09:26:05,713 - utils.alert_system - INFO - Alert cleared
2026-04-10 09:26:05,820 - utils.alert_system - INFO - Alert cleared
2026-04-10 09:26:05,882 - utils.alert_system - INFO - Alert cleared
2026-04-10 09:26:05,978 - utils.alert_system - INFO - Alert cleared
2026-04-10 09:26:06,071 - utils.alert_system - INFO - Alert cleared
2026-04-10 09:26:06,152 - utils.alert_system - INFO - Alert cleared
2026-04-10 09:26:06,257 - utils.alert_system - INFO - Alert cleared
2026-04-10 09:26:06,337 - utils.alert_system - INFO - Alert cleared
2026-04-10 09:26:06,422 - utils.alert_system - INFO - Alert cleared
2026-04-10 09:26:06,560 - utils.alert_system - INFO - Alert cleared
2026-04-10 09:26:06,628 - utils.alert_system - INFO - Alert cleared
2026-04-10 09:26:06,712 - utils.alert_system - INFO - Alert cleared
2026-04-10 09:26:06,812 - utils.alert_system - INFO - Alert cleared
2026-04-10 09:26:06,897 - utils.alert_system - INFO - Alert cleared
2026-04-10 09:26:06,966 - utils.alert_system - INFO - Alert cleared
2026-04-10 09:26:07,067 - utils.alert_system - INFO - Alert cleared
2026-04-10 09:26:07,210 - utils.alert_system - INFO - Alert cleared
2026-04-10 09:26:07,316 - utils.alert_system - INFO - Alert cleared
2026-04-10 09:26:07,405 - utils.alert_system - INFO - Alert cleared
2026-04-10 09:26:07,498 - utils.alert_system - INFO - Alert cleared
2026-04-10 09:26:07,597 - utils.alert_system - INFO - Alert cleared
2026-04-10 09:26:07,690 - utils.alert_system - INFO - Alert cleared
2026-04-10 09:26:07,786 - utils.alert_system - INFO - Alert cleared
2026-04-10 09:26:07,897 - utils.alert_system - INFO - Alert cleared
2026-04-10 09:26:08,016 - utils.alert_system - INFO - Alert cleared
2026-04-10 09:26:08,100 - utils.alert_system - INFO - Alert cleared
2026-04-10 09:26:08,188 - utils.alert_system - INFO - Alert cleared
2026-04-10 09:26:08,291 - utils.alert_system - INFO - Alert cleared
2026-04-10 09:26:08,386 - utils.alert_system - INFO - Alert cleared
2026-04-10 09:26:08,500 - utils.alert_system - INFO - Alert cleared
2026-04-10 09:26:08,601 - utils.alert_system - INFO - Alert cleared
2026-04-10 09:26:08,685 - utils.alert_system - INFO - Alert cleared
2026-04-10 09:26:08,797 - utils.alert_system - INFO - Alert cleared
2026-04-10 09:26:08,898 - utils.alert_system - INFO - Alert cleared
2026-04-10 09:26:08,984 - utils.alert_system - INFO - Alert cleared
2026-04-10 09:26:09,086 - utils.alert_system - INFO - Alert cleared
2026-04-10 09:26:09,157 - utils.alert_system - INFO - Alert cleared
2026-04-10 09:26:09,247 - utils.alert_system - INFO - Alert cleared
2026-04-10 09:26:09,332 - utils.alert_system - INFO - Alert cleared
2026-04-10 09:26:09,422 - utils.alert_system - INFO - Alert cleared
2026-04-10 09:26:09,505 - utils.alert_system - INFO - Alert cleared
2026-04-10 09:26:09,577 - utils.alert_system - INFO - Alert cleared
2026-04-10 09:26:09,649 - utils.alert_system - INFO - Alert cleared
2026-04-10 09:26:09,719 - utils.alert_system - INFO - Alert cleared
2026-04-10 09:26:09,778 - utils.alert_system - INFO - Alert cleared
2026-04-10 09:26:09,831 - utils.alert_system - INFO - Alert cleared
2026-04-10 09:26:09,937 - utils.alert_system - INFO - Alert cleared
2026-04-10 09:26:10,019 - utils.alert_system - INFO - Alert cleared
2026-04-10 09:26:10,106 - utils.alert_system - INFO - Alert cleared
2026-04-10 09:26:10,201 - utils.alert_system - INFO - Alert cleared
2026-04-10 09:26:10,297 - utils.alert_system - INFO - Alert cleared
2026-04-10 09:26:10,403 - utils.alert_system - INFO - Alert cleared
2026-04-10 09:26:10,498 - utils.alert_system - INFO - Alert cleared
2026-04-10 09:26:10,566 - utils.alert_system - INFO - Alert cleared
2026-04-10 09:26:10,654 - utils.alert_system - INFO - Alert cleared
2026-04-10 09:26:10,739 - utils.alert_system - INFO - Alert cleared
2026-04-10 09:26:10,828 - utils.alert_system - INFO - Alert cleared
2026-04-10 09:26:10,932 - utils.alert_system - INFO - Alert cleared
2026-04-10 09:26:11,021 - utils.alert_system - INFO - Alert cleared
2026-04-10 09:26:11,116 - utils.alert_system - INFO - Alert cleared
2026-04-10 09:26:11,204 - utils.alert_system - INFO - Alert cleared
2026-04-10 09:26:11,282 - utils.alert_system - INFO - Alert cleared
2026-04-10 09:26:11,366 - utils.alert_system - INFO - Alert cleared
2026-04-10 09:26:11,450 - utils.alert_system - INFO - Alert cleared
2026-04-10 09:26:11,532 - utils.alert_system - INFO - Alert cleared
2026-04-10 09:26:11,622 - utils.alert_system - INFO - Alert cleared
2026-04-10 09:26:11,704 - utils.alert_system - INFO - Alert cleared
2026-04-10 09:26:11,791 - utils.alert_system - INFO - Alert cleared
2026-04-10 09:26:11,881 - utils.alert_system - INFO - Alert cleared
2026-04-10 09:26:11,968 - utils.alert_system - INFO - Alert cleared
2026-04-10 09:26:12,032 - utils.alert_system - INFO - Alert cleared
2026-04-10 09:26:12,103 - utils.alert_system - INFO - Alert cleared
2026-04-10 09:26:12,191 - utils.alert_system - INFO - Alert cleared
2026-04-10 09:26:12,295 - utils.alert_system - INFO - Alert cleared
2026-04-10 09:26:12,398 - utils.alert_system - INFO - Alert cleared
2026-04-10 09:26:12,479 - utils.alert_system - INFO - Alert cleared
2026-04-10 09:26:12,567 - utils.alert_system - INFO - Alert cleared
2026-04-10 09:26:12,697 - utils.alert_system - INFO - Alert cleared
2026-04-10 09:26:12,797 - utils.alert_system - INFO - Alert cleared
2026-04-10 09:26:12,871 - utils.alert_system - INFO - Alert cleared
2026-04-10 09:26:12,970 - utils.alert_system - INFO - Alert cleared
2026-04-10 09:26:13,066 - utils.alert_system - INFO - Alert cleared
2026-04-10 09:26:13,169 - utils.alert_system - INFO - Alert cleared
2026-04-10 09:26:13,233 - utils.alert_system - INFO - Alert cleared
2026-04-10 09:26:13,316 - utils.alert_system - INFO - Alert cleared
2026-04-10 09:26:13,425 - utils.alert_system - INFO - Alert cleared
2026-04-10 09:26:13,498 - utils.alert_system - INFO - Alert cleared
2026-04-10 09:26:13,578 - utils.alert_system - INFO - Alert cleared
2026-04-10 09:26:13,666 - utils.alert_system - INFO - Alert cleared
2026-04-10 09:26:13,753 - utils.alert_system - INFO - Alert cleared
2026-04-10 09:26:13,878 - utils.alert_system - INFO - Alert cleared
2026-04-10 09:26:13,971 - utils.alert_system - INFO - Alert cleared
2026-04-10 09:26:14,067 - utils.alert_system - INFO - Alert cleared
2026-04-10 09:26:14,162 - utils.alert_system - INFO - Alert cleared
2026-04-10 09:26:14,268 - utils.alert_system - INFO - Alert cleared
2026-04-10 09:26:14,355 - utils.alert_system - INFO - Alert cleared
2026-04-10 09:26:14,434 - utils.alert_system - INFO - Alert cleared
2026-04-10 09:26:14,517 - utils.alert_system - INFO - Alert cleared
2026-04-10 09:26:14,598 - utils.alert_system - INFO - Alert cleared
2026-04-10 09:26:14,698 - utils.alert_system - INFO - Alert cleared
2026-04-10 09:26:14,766 - utils.alert_system - INFO - Alert cleared
2026-04-10 09:26:14,878 - utils.alert_system - INFO - Alert cleared
2026-04-10 09:26:14,966 - utils.alert_system - INFO - Alert cleared
2026-04-10 09:26:15,059 - utils.alert_system - INFO - Alert cleared
2026-04-10 09:26:15,154 - utils.alert_system - INFO - Alert cleared
2026-04-10 09:26:15,228 - utils.alert_system - INFO - Alert cleared
2026-04-10 09:26:15,280 - utils.alert_system - INFO - Alert cleared
2026-04-10 09:26:15,379 - utils.alert_system - INFO - Alert cleared
2026-04-10 09:26:15,474 - utils.alert_system - INFO - Alert cleared
2026-04-10 09:26:15,570 - utils.alert_system - INFO - Alert cleared
2026-04-10 09:26:15,649 - utils.alert_system - INFO - Alert cleared
2026-04-10 09:26:15,741 - utils.alert_system - INFO - Alert cleared
2026-04-10 09:26:15,829 - utils.alert_system - INFO - Alert cleared
2026-04-10 09:26:15,916 - utils.alert_system - INFO - Alert cleared
2026-04-10 09:26:16,023 - utils.alert_system - INFO - Alert cleared
2026-04-10 09:26:16,114 - utils.alert_system - INFO - Alert cleared
2026-04-10 09:26:16,216 - utils.alert_system - INFO - Alert cleared
2026-04-10 09:26:16,287 - utils.alert_system - INFO - Alert cleared
2026-04-10 09:26:16,397 - utils.alert_system - INFO - Alert cleared
2026-04-10 09:26:16,507 - utils.alert_system - INFO - Alert cleared
2026-04-10 09:26:16,589 - utils.alert_system - INFO - Alert cleared
2026-04-10 09:26:16,689 - utils.alert_system - INFO - Alert cleared
2026-04-10 09:26:16,778 - utils.alert_system - INFO - Alert cleared
2026-04-10 09:26:16,886 - utils.alert_system - INFO - Alert cleared
2026-04-10 09:26:16,968 - utils.alert_system - INFO - Alert cleared
2026-04-10 09:26:17,076 - utils.alert_system - INFO - Alert cleared
2026-04-10 09:26:17,169 - utils.alert_system - INFO - Alert cleared
2026-04-10 09:26:17,278 - utils.alert_system - INFO - Alert cleared
2026-04-10 09:26:17,348 - utils.alert_system - INFO - Alert cleared
2026-04-10 09:26:17,449 - utils.alert_system - INFO - Alert cleared
2026-04-10 09:26:17,516 - utils.alert_system - INFO - Alert cleared
2026-04-10 09:26:17,606 - utils.alert_system - INFO - Alert cleared
2026-04-10 09:26:17,728 - utils.alert_system - INFO - Alert cleared
2026-04-10 09:26:17,784 - utils.alert_system - INFO - Alert cleared
2026-04-10 09:26:17,897 - utils.alert_system - INFO - Alert cleared
2026-04-10 09:26:17,957 - utils.alert_system - INFO - Alert cleared
2026-04-10 09:26:18,048 - utils.alert_system - INFO - Alert cleared
2026-04-10 09:26:18,116 - utils.alert_system - INFO - Alert cleared
2026-04-10 09:26:18,197 - utils.alert_system - INFO - Alert cleared
2026-04-10 09:26:18,266 - utils.alert_system - INFO - Alert cleared
2026-04-10 09:26:18,372 - utils.alert_system - INFO - Alert cleared
2026-04-10 09:26:18,455 - utils.alert_system - INFO - Alert cleared
2026-04-10 09:26:18,547 - utils.alert_system - INFO - Alert cleared
2026-04-10 09:26:18,648 - utils.alert_system - INFO - Alert cleared
2026-04-10 09:26:18,769 - utils.alert_system - INFO - Alert cleared
2026-04-10 09:26:18,866 - utils.alert_system - INFO - Alert cleared
2026-04-10 09:26:18,978 - utils.alert_system - INFO - Alert cleared
2026-04-10 09:26:19,078 - utils.alert_system - INFO - Alert cleared
2026-04-10 09:26:19,178 - utils.alert_system - INFO - Alert cleared
2026-04-10 09:26:19,234 - utils.alert_system - INFO - Alert cleared
2026-04-10 09:26:19,342 - utils.alert_system - INFO - Alert cleared
2026-04-10 09:26:19,438 - utils.alert_system - INFO - Alert cleared
2026-04-10 09:26:19,518 - utils.alert_system - INFO - Alert cleared
2026-04-10 09:26:19,611 - utils.alert_system - INFO - Alert cleared
2026-04-10 09:26:19,702 - utils.alert_system - INFO - Alert cleared
2026-04-10 09:26:19,769 - utils.alert_system - INFO - Alert cleared
2026-04-10 09:26:19,848 - utils.alert_system - INFO - Alert cleared
2026-04-10 09:26:19,935 - utils.alert_system - INFO - Alert cleared
2026-04-10 09:26:20,010 - utils.alert_system - INFO - Alert cleared
2026-04-10 09:26:20,092 - utils.alert_system - INFO - Alert cleared
2026-04-10 09:26:20,184 - utils.alert_system - INFO - Alert cleared
2026-04-10 09:26:20,287 - utils.alert_system - INFO - Alert cleared
2026-04-10 09:26:20,378 - utils.alert_system - INFO - Alert cleared
2026-04-10 09:26:20,478 - utils.alert_system - INFO - Alert cleared
2026-04-10 09:26:20,567 - utils.alert_system - INFO - Alert cleared
2026-04-10 09:26:20,653 - utils.alert_system - INFO - Alert cleared
2026-04-10 09:26:20,751 - utils.alert_system - INFO - Alert cleared
2026-04-10 09:26:20,828 - utils.alert_system - INFO - Alert cleared
2026-04-10 09:26:20,916 - utils.alert_system - INFO - Alert cleared
2026-04-10 09:26:21,010 - utils.alert_system - INFO - Alert cleared
2026-04-10 09:26:21,106 - utils.alert_system - INFO - Alert cleared
2026-04-10 09:26:21,228 - utils.alert_system - INFO - Alert cleared
2026-04-10 09:26:21,305 - utils.alert_system - INFO - Alert cleared
2026-04-10 09:26:21,398 - utils.alert_system - INFO - Alert cleared
2026-04-10 09:26:21,508 - utils.alert_system - INFO - Alert cleared
2026-04-10 09:26:21,590 - utils.alert_system - INFO - Alert cleared
2026-04-10 09:26:21,694 - utils.alert_system - INFO - Alert cleared
2026-04-10 09:26:21,782 - utils.alert_system - INFO - Alert cleared
2026-04-10 09:26:21,850 - utils.alert_system - INFO - Alert cleared
2026-04-10 09:26:21,932 - utils.alert_system - INFO - Alert cleared
2026-04-10 09:26:22,017 - utils.alert_system - INFO - Alert cleared
2026-04-10 09:26:22,103 - utils.alert_system - INFO - Alert cleared
2026-04-10 09:26:22,166 - utils.alert_system - INFO - Alert cleared
2026-04-10 09:26:22,266 - utils.alert_system - INFO - Alert cleared
2026-04-10 09:26:22,366 - utils.alert_system - INFO - Alert cleared
2026-04-10 09:26:22,450 - utils.alert_system - INFO - Alert cleared
2026-04-10 09:26:22,552 - utils.alert_system - INFO - Alert cleared
2026-04-10 09:26:22,648 - utils.alert_system - INFO - Alert cleared
2026-04-10 09:26:22,733 - utils.alert_system - INFO - Alert cleared
2026-04-10 09:26:22,816 - utils.alert_system - INFO - Alert cleared
2026-04-10 09:26:22,910 - utils.alert_system - INFO - Alert cleared
2026-04-10 09:26:22,978 - utils.alert_system - INFO - Alert cleared
2026-04-10 09:26:23,078 - utils.alert_system - INFO - Alert cleared
2026-04-10 09:26:23,148 - utils.alert_system - INFO - Alert cleared
2026-04-10 09:26:23,231 - utils.alert_system - INFO - Alert cleared
2026-04-10 09:26:23,318 - utils.alert_system - INFO - Alert cleared
2026-04-10 09:26:23,378 - utils.alert_system - INFO - Alert cleared
2026-04-10 09:26:23,447 - utils.alert_system - INFO - Alert cleared
2026-04-10 09:26:23,539 - utils.alert_system - INFO - Alert cleared
2026-04-10 09:26:23,624 - utils.alert_system - INFO - Alert cleared
2026-04-10 09:26:23,723 - utils.alert_system - INFO - Alert cleared
2026-04-10 09:26:23,805 - utils.alert_system - INFO - Alert cleared
2026-04-10 09:26:23,878 - utils.alert_system - INFO - Alert cleared
2026-04-10 09:26:23,936 - utils.alert_system - INFO - Alert cleared
2026-04-10 09:26:24,006 - utils.alert_system - INFO - Alert cleared
2026-04-10 09:26:24,097 - utils.alert_system - INFO - Alert cleared
2026-04-10 09:26:24,201 - utils.alert_system - INFO - Alert cleared
2026-04-10 09:26:24,305 - utils.alert_system - INFO - Alert cleared
2026-04-10 09:26:24,379 - utils.alert_system - INFO - Alert cleared
2026-04-10 09:26:24,462 - utils.alert_system - INFO - Alert cleared
2026-04-10 09:26:24,528 - utils.alert_system - INFO - Alert cleared
2026-04-10 09:26:24,616 - utils.alert_system - INFO - Alert cleared
2026-04-10 09:26:24,677 - utils.alert_system - INFO - Alert cleared
2026-04-10 09:26:24,779 - utils.alert_system - INFO - Alert cleared
2026-04-10 09:26:24,847 - utils.alert_system - INFO - Alert cleared
2026-04-10 09:26:24,928 - utils.alert_system - INFO - Alert cleared
2026-04-10 09:26:24,984 - utils.alert_system - INFO - Alert cleared
2026-04-10 09:26:25,069 - utils.alert_system - INFO - Alert cleared
2026-04-10 09:26:25,128 - utils.alert_system - INFO - Alert cleared
2026-04-10 09:26:25,216 - utils.alert_system - INFO - Alert cleared
2026-04-10 09:26:25,278 - utils.alert_system - INFO - Alert cleared
2026-04-10 09:26:25,357 - utils.alert_system - INFO - Alert cleared
2026-04-10 09:26:25,447 - utils.alert_system - INFO - Alert cleared
2026-04-10 09:26:25,516 - utils.alert_system - INFO - Alert cleared
2026-04-10 09:26:25,598 - utils.alert_system - INFO - Alert cleared
2026-04-10 09:26:25,650 - utils.alert_system - INFO - Alert cleared
2026-04-10 09:26:25,735 - utils.alert_system - INFO - Alert cleared
2026-04-10 09:26:25,835 - utils.alert_system - INFO - Alert cleared
2026-04-10 09:26:25,939 - utils.alert_system - INFO - Alert cleared
2026-04-10 09:26:26,019 - utils.alert_system - INFO - Alert cleared
2026-04-10 09:26:26,116 - utils.alert_system - INFO - Alert cleared
2026-04-10 09:26:26,199 - utils.alert_system - INFO - Alert cleared
2026-04-10 09:26:26,298 - utils.alert_system - INFO - Alert cleared
2026-04-10 09:26:26,371 - utils.alert_system - INFO - Alert cleared
2026-04-10 09:26:26,452 - utils.alert_system - INFO - Alert cleared
2026-04-10 09:26:26,532 - utils.alert_system - INFO - Alert cleared
2026-04-10 09:26:26,616 - utils.alert_system - INFO - Alert cleared
2026-04-10 09:26:26,697 - utils.alert_system - INFO - Alert cleared
2026-04-10 09:26:26,778 - utils.alert_system - INFO - Alert cleared
2026-04-10 09:26:26,847 - utils.alert_system - INFO - Alert cleared
2026-04-10 09:26:26,916 - utils.alert_system - INFO - Alert cleared
2026-04-10 09:26:26,982 - utils.alert_system - WARNING - Alert: DANGER | Distance: 5.4m | TTC: 1.3s
2026-04-10 09:26:27,088 - utils.alert_system - INFO - Alert cleared
2026-04-10 09:26:27,155 - utils.alert_system - INFO - Alert cleared
2026-04-10 09:26:27,258 - utils.alert_system - INFO - Alert cleared
2026-04-10 09:26:27,339 - utils.alert_system - INFO - Alert cleared
2026-04-10 09:26:27,441 - utils.alert_system - INFO - Alert cleared
2026-04-10 09:26:27,528 - utils.alert_system - INFO - Alert cleared
2026-04-10 09:26:27,587 - utils.alert_system - INFO - Alert cleared
2026-04-10 09:26:27,690 - utils.alert_system - INFO - Alert cleared
2026-04-10 09:26:27,777 - utils.alert_system - INFO - Alert cleared
2026-04-10 09:26:27,849 - utils.alert_system - INFO - Alert cleared
2026-04-10 09:26:27,953 - utils.alert_system - INFO - Alert cleared
2026-04-10 09:26:28,056 - utils.alert_system - INFO - Alert cleared
2026-04-10 09:26:28,123 - utils.alert_system - INFO - Alert cleared
2026-04-10 09:26:28,181 - utils.alert_system - WARNING - Alert: DANGER | Distance: 8.2m | TTC: 2.0s
2026-04-10 09:26:28,305 - utils.alert_system - INFO - Alert cleared
2026-04-10 09:26:28,382 - utils.alert_system - WARNING - Alert: DANGER | Distance: 7.8m | TTC: 1.9s
2026-04-10 09:26:28,489 - utils.alert_system - INFO - Alert cleared
2026-04-10 09:26:28,581 - utils.alert_system - WARNING - Alert: DANGER | Distance: 7.6m | TTC: 1.8s
2026-04-10 09:26:28,697 - utils.alert_system - INFO - Alert cleared
2026-04-10 09:26:28,766 - utils.alert_system - INFO - Alert cleared
2026-04-10 09:26:28,829 - utils.alert_system - INFO - Alert cleared
2026-04-10 09:26:28,845 - __main__ - INFO - Speed decreased to 10.0 km/h
2026-04-10 09:26:28,916 - utils.alert_system - INFO - Alert cleared
2026-04-10 09:26:29,010 - utils.alert_system - INFO - Alert cleared
2026-04-10 09:26:29,098 - utils.alert_system - INFO - Alert cleared
2026-04-10 09:26:29,198 - utils.alert_system - INFO - Alert cleared
2026-04-10 09:26:29,266 - utils.alert_system - INFO - Alert cleared
2026-04-10 09:26:29,339 - utils.alert_system - INFO - Alert cleared
2026-04-10 09:26:29,416 - utils.alert_system - INFO - Alert cleared
2026-04-10 09:26:29,485 - utils.alert_system - INFO - Alert cleared
2026-04-10 09:26:29,551 - utils.alert_system - INFO - Alert cleared
2026-04-10 09:26:29,616 - utils.alert_system - INFO - Alert cleared
2026-04-10 09:26:29,808 - utils.alert_system - INFO - Alert cleared
2026-04-10 09:26:29,866 - utils.alert_system - INFO - Alert cleared
2026-04-10 09:26:29,951 - utils.alert_system - INFO - Alert cleared
2026-04-10 09:26:30,007 - utils.alert_system - INFO - Alert cleared
2026-04-10 09:26:30,066 - utils.alert_system - INFO - Alert cleared
2026-04-10 09:26:30,131 - utils.alert_system - INFO - Alert cleared
2026-04-10 09:26:30,197 - utils.alert_system - INFO - Alert cleared
2026-04-10 09:26:30,272 - utils.alert_system - INFO - Alert cleared
2026-04-10 09:26:30,352 - utils.alert_system - INFO - Alert cleared
2026-04-10 09:26:30,428 - utils.alert_system - INFO - Alert cleared
2026-04-10 09:26:30,481 - utils.alert_system - INFO - Alert cleared
2026-04-10 09:26:30,580 - utils.alert_system - INFO - Alert cleared
2026-04-10 09:26:30,647 - utils.alert_system - INFO - Alert cleared
2026-04-10 09:26:30,704 - utils.alert_system - INFO - Alert cleared
2026-04-10 09:26:30,769 - utils.alert_system - INFO - Alert cleared
2026-04-10 09:26:30,852 - utils.alert_system - INFO - Alert cleared
2026-04-10 09:26:30,928 - utils.alert_system - INFO - Alert cleared
2026-04-10 09:26:31,002 - utils.alert_system - INFO - Alert cleared
2026-04-10 09:26:31,079 - utils.alert_system - INFO - Alert cleared
2026-04-10 09:26:31,161 - utils.alert_system - INFO - Alert cleared
2026-04-10 09:26:31,253 - utils.alert_system - INFO - Alert cleared
2026-04-10 09:26:31,347 - utils.alert_system - INFO - Alert cleared
2026-04-10 09:26:31,430 - utils.alert_system - INFO - Alert cleared
2026-04-10 09:26:31,511 - utils.alert_system - INFO - Alert cleared
2026-04-10 09:26:31,595 - utils.alert_system - INFO - Alert cleared
2026-04-10 09:26:31,666 - utils.alert_system - INFO - Alert cleared
2026-04-10 09:26:31,763 - utils.alert_system - INFO - Alert cleared
2026-04-10 09:26:31,828 - utils.alert_system - INFO - Alert cleared
2026-04-10 09:26:31,902 - utils.alert_system - INFO - Alert cleared
2026-04-10 09:26:31,978 - utils.alert_system - INFO - Alert cleared
2026-04-10 09:26:32,066 - utils.alert_system - INFO - Alert cleared
2026-04-10 09:26:32,166 - utils.alert_system - INFO - Alert cleared
2026-04-10 09:26:32,231 - utils.alert_system - INFO - Alert cleared
2026-04-10 09:26:32,301 - utils.alert_system - INFO - Alert cleared
2026-04-10 09:26:32,410 - utils.alert_system - INFO - Alert cleared
2026-04-10 09:26:32,488 - utils.alert_system - INFO - Alert cleared
2026-04-10 09:26:32,593 - utils.alert_system - INFO - Alert cleared
2026-04-10 09:26:32,658 - utils.alert_system - INFO - Alert cleared
2026-04-10 09:26:32,725 - utils.alert_system - INFO - Alert cleared
2026-04-10 09:26:32,808 - utils.alert_system - INFO - Alert cleared
2026-04-10 09:26:32,897 - utils.alert_system - INFO - Alert cleared
2026-04-10 09:26:32,966 - utils.alert_system - INFO - Alert cleared
2026-04-10 09:26:33,042 - utils.alert_system - INFO - Alert cleared
2026-04-10 09:26:33,128 - utils.alert_system - INFO - Alert cleared
2026-04-10 09:26:33,208 - utils.alert_system - INFO - Alert cleared
2026-04-10 09:26:33,290 - utils.alert_system - INFO - Alert cleared
2026-04-10 09:26:33,359 - utils.alert_system - INFO - Alert cleared
2026-04-10 09:26:33,441 - utils.alert_system - INFO - Alert cleared
2026-04-10 09:26:33,528 - utils.alert_system - INFO - Alert cleared
2026-04-10 09:26:33,616 - utils.alert_system - INFO - Alert cleared
2026-04-10 09:26:33,716 - utils.alert_system - INFO - Alert cleared
2026-04-10 09:26:33,779 - utils.alert_system - INFO - Alert cleared
2026-04-10 09:26:33,882 - utils.alert_system - INFO - Alert cleared
2026-04-10 09:26:33,967 - utils.alert_system - INFO - Alert cleared
2026-04-10 09:26:34,048 - utils.alert_system - INFO - Alert cleared
2026-04-10 09:26:34,137 - utils.alert_system - INFO - Alert cleared
2026-04-10 09:26:34,202 - utils.alert_system - INFO - Alert cleared
2026-04-10 09:26:34,306 - utils.alert_system - INFO - Alert cleared
2026-04-10 09:26:34,391 - utils.alert_system - INFO - Alert cleared
2026-04-10 09:26:34,487 - utils.alert_system - INFO - Alert cleared
2026-04-10 09:26:34,572 - utils.alert_system - INFO - Alert cleared
2026-04-10 09:26:34,628 - utils.alert_system - INFO - Alert cleared
2026-04-10 09:26:34,700 - utils.alert_system - INFO - Alert cleared
2026-04-10 09:26:34,762 - utils.alert_system - INFO - Alert cleared
2026-04-10 09:26:34,832 - utils.alert_system - INFO - Alert cleared
2026-04-10 09:26:34,899 - utils.alert_system - INFO - Alert cleared
2026-04-10 09:26:34,981 - utils.alert_system - INFO - Alert cleared
2026-04-10 09:26:35,078 - utils.alert_system - INFO - Alert cleared
2026-04-10 09:26:35,166 - utils.alert_system - INFO - Alert cleared
2026-04-10 09:26:35,248 - utils.alert_system - INFO - Alert cleared
2026-04-10 09:26:35,334 - utils.alert_system - INFO - Alert cleared
2026-04-10 09:26:35,410 - utils.alert_system - INFO - Alert cleared
2026-04-10 09:26:35,505 - utils.alert_system - INFO - Alert cleared
2026-04-10 09:26:35,582 - utils.alert_system - INFO - Alert cleared
2026-04-10 09:26:35,678 - utils.alert_system - INFO - Alert cleared
2026-04-10 09:26:35,759 - utils.alert_system - INFO - Alert cleared
2026-04-10 09:26:35,841 - utils.alert_system - INFO - Alert cleared
2026-04-10 09:26:35,929 - utils.alert_system - INFO - Alert cleared
2026-04-10 09:26:36,050 - utils.alert_system - INFO - Alert cleared
2026-04-10 09:26:36,119 - utils.alert_system - INFO - Alert cleared
2026-04-10 09:26:36,200 - utils.alert_system - INFO - Alert cleared
2026-04-10 09:26:36,278 - utils.alert_system - INFO - Alert cleared
2026-04-10 09:26:36,350 - utils.alert_system - INFO - Alert cleared
2026-04-10 09:26:36,436 - utils.alert_system - INFO - Alert cleared
2026-04-10 09:26:36,497 - utils.alert_system - INFO - Alert cleared
2026-04-10 09:26:36,578 - utils.alert_system - INFO - Alert cleared
2026-04-10 09:26:36,638 - utils.alert_system - INFO - Alert cleared
2026-04-10 09:26:36,719 - utils.alert_system - INFO - Alert cleared
2026-04-10 09:26:36,805 - utils.alert_system - INFO - Alert cleared
2026-04-10 09:26:36,887 - utils.alert_system - INFO - Alert cleared
2026-04-10 09:26:36,970 - utils.alert_system - INFO - Alert cleared
2026-04-10 09:26:37,045 - utils.alert_system - INFO - Alert cleared
2026-04-10 09:26:37,128 - utils.alert_system - INFO - Alert cleared
2026-04-10 09:26:37,217 - utils.alert_system - INFO - Alert cleared
2026-04-10 09:26:37,302 - utils.alert_system - INFO - Alert cleared
2026-04-10 09:26:37,400 - utils.alert_system - INFO - Alert cleared
2026-04-10 09:26:37,490 - utils.alert_system - INFO - Alert cleared
2026-04-10 09:26:37,578 - utils.alert_system - INFO - Alert cleared
2026-04-10 09:26:37,677 - utils.alert_system - INFO - Alert cleared
2026-04-10 09:26:37,757 - utils.alert_system - INFO - Alert cleared
2026-04-10 09:26:37,853 - utils.alert_system - INFO - Alert cleared
2026-04-10 09:26:37,928 - utils.alert_system - INFO - Alert cleared
2026-04-10 09:26:38,034 - utils.alert_system - INFO - Alert cleared
2026-04-10 09:26:38,118 - utils.alert_system - INFO - Alert cleared
2026-04-10 09:26:38,229 - utils.alert_system - INFO - Alert cleared
2026-04-10 09:26:38,340 - utils.alert_system - INFO - Alert cleared
2026-04-10 09:26:38,410 - utils.alert_system - INFO - Alert cleared
2026-04-10 09:26:38,497 - utils.alert_system - INFO - Alert cleared
2026-04-10 09:26:38,578 - utils.alert_system - INFO - Alert cleared
2026-04-10 09:26:38,664 - utils.alert_system - INFO - Alert cleared
2026-04-10 09:26:38,728 - utils.alert_system - INFO - Alert cleared
2026-04-10 09:26:38,833 - utils.alert_system - INFO - Alert cleared
2026-04-10 09:26:38,897 - utils.alert_system - INFO - Alert cleared
2026-04-10 09:26:38,978 - utils.alert_system - INFO - Alert cleared
2026-04-10 09:26:39,044 - utils.alert_system - INFO - Alert cleared
2026-04-10 09:26:39,116 - utils.alert_system - INFO - Alert cleared
2026-04-10 09:26:39,197 - utils.alert_system - INFO - Alert cleared
2026-04-10 09:26:39,261 - utils.alert_system - INFO - Alert cleared
2026-04-10 09:26:39,347 - utils.alert_system - INFO - Alert cleared
2026-04-10 09:26:39,428 - utils.alert_system - INFO - Alert cleared
2026-04-10 09:26:39,497 - utils.alert_system - INFO - Alert cleared
2026-04-10 09:26:39,582 - utils.alert_system - INFO - Alert cleared
2026-04-10 09:26:39,689 - utils.alert_system - INFO - Alert cleared
2026-04-10 09:26:39,768 - utils.alert_system - INFO - Alert cleared
2026-04-10 09:26:39,848 - utils.alert_system - INFO - Alert cleared
2026-04-10 09:26:39,928 - utils.alert_system - INFO - Alert cleared
2026-04-10 09:26:39,997 - utils.alert_system - INFO - Alert cleared
2026-04-10 09:26:40,097 - utils.alert_system - INFO - Alert cleared
2026-04-10 09:26:40,168 - utils.alert_system - INFO - Alert cleared
2026-04-10 09:26:40,238 - utils.alert_system - INFO - Alert cleared
2026-04-10 09:26:40,322 - utils.alert_system - INFO - Alert cleared
2026-04-10 09:26:40,404 - utils.alert_system - INFO - Alert cleared
2026-04-10 09:26:40,471 - utils.alert_system - INFO - Alert cleared
2026-04-10 09:26:40,555 - utils.alert_system - INFO - Alert cleared
2026-04-10 09:26:40,657 - utils.alert_system - INFO - Alert cleared
2026-04-10 09:26:40,728 - utils.alert_system - INFO - Alert cleared
2026-04-10 09:26:40,869 - utils.alert_system - INFO - Alert cleared
2026-04-10 09:26:40,950 - utils.alert_system - INFO - Alert cleared
2026-04-10 09:26:41,039 - utils.alert_system - INFO - Alert cleared
2026-04-10 09:26:41,097 - utils.alert_system - INFO - Alert cleared
2026-04-10 09:26:41,178 - utils.alert_system - INFO - Alert cleared
2026-04-10 09:26:41,261 - utils.alert_system - INFO - Alert cleared
2026-04-10 09:26:41,350 - utils.alert_system - INFO - Alert cleared
2026-04-10 09:26:41,416 - utils.alert_system - INFO - Alert cleared
2026-04-10 09:26:41,486 - utils.alert_system - INFO - Alert cleared
2026-04-10 09:26:41,570 - utils.alert_system - INFO - Alert cleared
2026-04-10 09:26:41,655 - utils.alert_system - INFO - Alert cleared
2026-04-10 09:26:41,747 - utils.alert_system - INFO - Alert cleared
2026-04-10 09:26:41,835 - utils.alert_system - INFO - Alert cleared
2026-04-10 09:26:41,917 - utils.alert_system - INFO - Alert cleared
2026-04-10 09:26:42,005 - utils.alert_system - INFO - Alert cleared
2026-04-10 09:26:42,098 - utils.alert_system - INFO - Alert cleared
2026-04-10 09:26:42,175 - utils.alert_system - INFO - Alert cleared
2026-04-10 09:26:42,252 - utils.alert_system - INFO - Alert cleared
2026-04-10 09:26:42,338 - utils.alert_system - INFO - Alert cleared
2026-04-10 09:26:42,422 - utils.alert_system - INFO - Alert cleared
2026-04-10 09:26:42,488 - utils.alert_system - INFO - Alert cleared
2026-04-10 09:26:42,578 - utils.alert_system - INFO - Alert cleared
2026-04-10 09:26:42,657 - utils.alert_system - INFO - Alert cleared
2026-04-10 09:26:42,716 - utils.alert_system - INFO - Alert cleared
2026-04-10 09:26:42,797 - utils.alert_system - INFO - Alert cleared
2026-04-10 09:26:42,866 - utils.alert_system - INFO - Alert cleared
2026-04-10 09:26:42,923 - utils.alert_system - INFO - Alert cleared
2026-04-10 09:26:42,981 - utils.alert_system - INFO - Alert cleared
2026-04-10 09:26:43,081 - utils.alert_system - INFO - Alert cleared
2026-04-10 09:26:43,159 - utils.alert_system - INFO - Alert cleared
2026-04-10 09:26:43,254 - utils.alert_system - INFO - Alert cleared
2026-04-10 09:26:43,328 - utils.alert_system - INFO - Alert cleared
2026-04-10 09:26:43,402 - utils.alert_system - INFO - Alert cleared
2026-04-10 09:26:43,484 - utils.alert_system - INFO - Alert cleared
2026-04-10 09:26:43,570 - utils.alert_system - INFO - Alert cleared
2026-04-10 09:26:43,651 - utils.alert_system - INFO - Alert cleared
2026-04-10 09:26:43,728 - utils.alert_system - INFO - Alert cleared
2026-04-10 09:26:43,827 - utils.alert_system - INFO - Alert cleared
2026-04-10 09:26:43,922 - utils.alert_system - INFO - Alert cleared
2026-04-10 09:26:43,977 - utils.alert_system - INFO - Alert cleared
2026-04-10 09:26:44,052 - utils.alert_system - INFO - Alert cleared
2026-04-10 09:26:44,135 - utils.alert_system - INFO - Alert cleared
2026-04-10 09:26:44,202 - utils.alert_system - INFO - Alert cleared
2026-04-10 09:26:44,285 - utils.alert_system - INFO - Alert cleared
2026-04-10 09:26:44,387 - utils.alert_system - INFO - Alert cleared
2026-04-10 09:26:44,472 - utils.alert_system - INFO - Alert cleared
2026-04-10 09:26:44,545 - utils.alert_system - INFO - Alert cleared
2026-04-10 09:26:44,614 - utils.alert_system - INFO - Alert cleared
2026-04-10 09:26:44,678 - utils.alert_system - INFO - Alert cleared
2026-04-10 09:26:44,775 - utils.alert_system - INFO - Alert cleared
2026-04-10 09:26:44,847 - utils.alert_system - INFO - Alert cleared
2026-04-10 09:26:44,898 - utils.alert_system - INFO - Alert cleared
2026-04-10 09:26:44,975 - utils.alert_system - INFO - Alert cleared
2026-04-10 09:26:45,072 - utils.alert_system - INFO - Alert cleared
2026-04-10 09:26:45,154 - utils.alert_system - INFO - Alert cleared
2026-04-10 09:26:45,228 - utils.alert_system - INFO - Alert cleared
2026-04-10 09:26:45,298 - utils.alert_system - INFO - Alert cleared
2026-04-10 09:26:45,387 - utils.alert_system - INFO - Alert cleared
2026-04-10 09:26:45,462 - utils.alert_system - INFO - Alert cleared
2026-04-10 09:26:45,462 - __main__ - INFO - Speed increased to 15.0 km/h
2026-04-10 09:26:45,532 - utils.alert_system - INFO - Alert cleared
2026-04-10 09:26:45,616 - utils.alert_system - INFO - Alert cleared
2026-04-10 09:26:45,702 - utils.alert_system - INFO - Alert cleared
2026-04-10 09:26:45,803 - utils.alert_system - INFO - Alert cleared
2026-04-10 09:26:45,886 - utils.alert_system - INFO - Alert cleared
2026-04-10 09:26:45,967 - utils.alert_system - INFO - Alert cleared
2026-04-10 09:26:46,070 - utils.alert_system - INFO - Alert cleared
2026-04-10 09:26:46,070 - __main__ - INFO - Speed increased to 20.0 km/h
2026-04-10 09:26:46,150 - utils.alert_system - INFO - Alert cleared
2026-04-10 09:26:46,232 - utils.alert_system - INFO - Alert cleared
2026-04-10 09:26:46,297 - utils.alert_system - INFO - Alert cleared
2026-04-10 09:26:46,297 - __main__ - INFO - Speed increased to 25.0 km/h
2026-04-10 09:26:46,378 - utils.alert_system - INFO - Alert cleared
2026-04-10 09:26:46,450 - utils.alert_system - INFO - Alert cleared
2026-04-10 09:26:46,516 - utils.alert_system - INFO - Alert cleared
2026-04-10 09:26:46,577 - utils.alert_system - INFO - Alert cleared
2026-04-10 09:26:46,647 - utils.alert_system - INFO - Alert cleared
2026-04-10 09:26:46,750 - utils.alert_system - INFO - Alert cleared
2026-04-10 09:26:46,838 - utils.alert_system - INFO - Alert cleared
2026-04-10 09:26:46,942 - utils.alert_system - INFO - Alert cleared
2026-04-10 09:26:46,942 - __main__ - INFO - Speed increased to 30.0 km/h
2026-04-10 09:26:47,016 - utils.alert_system - INFO - Alert cleared
2026-04-10 09:26:47,078 - utils.alert_system - INFO - Alert cleared
2026-04-10 09:26:47,154 - utils.alert_system - INFO - Alert cleared
2026-04-10 09:26:47,216 - utils.alert_system - INFO - Alert cleared
2026-04-10 09:26:47,278 - utils.alert_system - INFO - Alert cleared
2026-04-10 09:26:47,386 - utils.alert_system - INFO - Alert cleared
2026-04-10 09:26:47,478 - utils.alert_system - INFO - Alert cleared
2026-04-10 09:26:47,550 - utils.alert_system - INFO - Alert cleared
2026-04-10 09:26:47,651 - utils.alert_system - INFO - Alert cleared
2026-04-10 09:26:47,728 - utils.alert_system - INFO - Alert cleared
2026-04-10 09:26:47,797 - utils.alert_system - INFO - Alert cleared
2026-04-10 09:26:47,797 - __main__ - INFO - Speed increased to 35.0 km/h
2026-04-10 09:26:47,869 - utils.alert_system - INFO - Alert cleared
2026-04-10 09:26:47,941 - utils.alert_system - INFO - Alert cleared
2026-04-10 09:26:48,047 - utils.alert_system - INFO - Alert cleared
2026-04-10 09:26:48,128 - utils.alert_system - INFO - Alert cleared
2026-04-10 09:26:48,182 - utils.alert_system - INFO - Alert cleared
2026-04-10 09:26:48,269 - utils.alert_system - INFO - Alert cleared
2026-04-10 09:26:48,269 - __main__ - INFO - Speed increased to 40.0 km/h
2026-04-10 09:26:48,328 - utils.alert_system - INFO - Alert cleared
2026-04-10 09:26:48,409 - utils.alert_system - INFO - Alert cleared
2026-04-10 09:26:48,489 - utils.alert_system - INFO - Alert cleared
2026-04-10 09:26:48,489 - __main__ - INFO - Speed increased to 45.0 km/h
2026-04-10 09:26:48,550 - utils.alert_system - INFO - Alert cleared
2026-04-10 09:26:48,616 - utils.alert_system - INFO - Alert cleared
2026-04-10 09:26:48,697 - utils.alert_system - INFO - Alert cleared
2026-04-10 09:26:48,773 - utils.alert_system - INFO - Alert cleared
2026-04-10 09:26:48,850 - utils.alert_system - INFO - Alert cleared
2026-04-10 09:26:48,931 - utils.alert_system - INFO - Alert cleared
2026-04-10 09:26:49,016 - utils.alert_system - INFO - Alert cleared
2026-04-10 09:26:49,116 - utils.alert_system - INFO - Alert cleared
2026-04-10 09:26:49,116 - __main__ - INFO - Speed increased to 50.0 km/h
2026-04-10 09:26:49,188 - utils.alert_system - INFO - Alert cleared
2026-04-10 09:26:49,247 - utils.alert_system - INFO - Alert cleared
2026-04-10 09:26:49,328 - utils.alert_system - INFO - Alert cleared
2026-04-10 09:26:49,328 - __main__ - INFO - Speed increased to 55.0 km/h
2026-04-10 09:26:49,382 - utils.alert_system - INFO - Alert cleared
2026-04-10 09:26:49,460 - utils.alert_system - INFO - Alert cleared
2026-04-10 09:26:49,529 - utils.alert_system - INFO - Alert cleared
2026-04-10 09:26:49,582 - utils.alert_system - INFO - Alert cleared
2026-04-10 09:26:49,666 - utils.alert_system - INFO - Alert cleared
2026-04-10 09:26:49,747 - utils.alert_system - INFO - Alert cleared
2026-04-10 09:26:49,747 - __main__ - INFO - Speed increased to 60.0 km/h
2026-04-10 09:26:49,811 - utils.alert_system - INFO - Alert cleared
2026-04-10 09:26:49,886 - utils.alert_system - INFO - Alert cleared
2026-04-10 09:26:49,966 - utils.alert_system - INFO - Alert cleared
2026-04-10 09:26:50,049 - utils.alert_system - INFO - Alert cleared
2026-04-10 09:26:50,147 - utils.alert_system - INFO - Alert cleared
2026-04-10 09:26:50,149 - __main__ - INFO - Speed increased to 65.0 km/h
2026-04-10 09:26:50,222 - utils.alert_system - INFO - Alert cleared
2026-04-10 09:26:50,352 - utils.alert_system - INFO - Alert cleared
2026-04-10 09:26:50,428 - utils.alert_system - INFO - Alert cleared
2026-04-10 09:26:50,505 - utils.alert_system - INFO - Alert cleared
2026-04-10 09:26:50,505 - __main__ - INFO - Speed increased to 70.0 km/h
2026-04-10 09:26:50,583 - utils.alert_system - INFO - Alert cleared
2026-04-10 09:26:50,655 - utils.alert_system - INFO - Alert cleared
2026-04-10 09:26:50,747 - utils.alert_system - INFO - Alert cleared
2026-04-10 09:26:50,816 - utils.alert_system - INFO - Alert cleared
2026-04-10 09:26:50,882 - utils.alert_system - INFO - Alert cleared
2026-04-10 09:26:50,897 - __main__ - INFO - Speed increased to 75.0 km/h
2026-04-10 09:26:50,966 - utils.alert_system - INFO - Alert cleared
2026-04-10 09:26:51,055 - utils.alert_system - INFO - Alert cleared
2026-04-10 09:26:51,128 - utils.alert_system - INFO - Alert cleared
2026-04-10 09:26:51,217 - utils.alert_system - INFO - Alert cleared
2026-04-10 09:26:51,284 - utils.alert_system - INFO - Alert cleared
2026-04-10 09:26:51,284 - __main__ - INFO - Speed increased to 80.0 km/h
2026-04-10 09:26:51,357 - utils.alert_system - INFO - Alert cleared
2026-04-10 09:26:51,431 - utils.alert_system - INFO - Alert cleared
2026-04-10 09:26:51,498 - utils.alert_system - INFO - Alert cleared
2026-04-10 09:26:51,498 - __main__ - INFO - Speed increased to 85.0 km/h
2026-04-10 09:26:51,555 - utils.alert_system - INFO - Alert cleared
2026-04-10 09:26:51,649 - utils.alert_system - INFO - Alert cleared
2026-04-10 09:26:51,738 - utils.alert_system - INFO - Alert cleared
2026-04-10 09:26:51,738 - __main__ - INFO - Speed increased to 90.0 km/h
2026-04-10 09:26:51,821 - utils.alert_system - INFO - Alert cleared
2026-04-10 09:26:51,904 - utils.alert_system - INFO - Alert cleared
2026-04-10 09:26:51,904 - __main__ - INFO - Speed increased to 95.0 km/h
2026-04-10 09:26:51,978 - utils.alert_system - INFO - Alert cleared
2026-04-10 09:26:52,049 - utils.alert_system - INFO - Alert cleared
2026-04-10 09:26:52,063 - __main__ - INFO - Speed increased to 100.0 km/h
2026-04-10 09:26:52,136 - utils.alert_system - INFO - Alert cleared
2026-04-10 09:26:52,216 - utils.alert_system - INFO - Alert cleared
2026-04-10 09:26:52,278 - utils.alert_system - INFO - Alert cleared
2026-04-10 09:26:52,278 - __main__ - INFO - Speed increased to 105.0 km/h
2026-04-10 09:26:52,347 - utils.alert_system - INFO - Alert cleared
2026-04-10 09:26:52,427 - utils.alert_system - INFO - Alert cleared
2026-04-10 09:26:52,427 - __main__ - INFO - Speed increased to 110.0 km/h
2026-04-10 09:26:52,500 - utils.alert_system - INFO - Alert cleared
2026-04-10 09:26:52,582 - utils.alert_system - INFO - Alert cleared
2026-04-10 09:26:52,586 - __main__ - INFO - Speed increased to 115.0 km/h
2026-04-10 09:26:52,650 - utils.alert_system - INFO - Alert cleared
2026-04-10 09:26:52,716 - utils.alert_system - INFO - Alert cleared
2026-04-10 09:26:52,716 - __main__ - INFO - Speed increased to 120.0 km/h
2026-04-10 09:26:52,786 - utils.alert_system - INFO - Alert cleared
2026-04-10 09:26:52,886 - utils.alert_system - INFO - Alert cleared
2026-04-10 09:26:52,886 - __main__ - INFO - Speed increased to 125.0 km/h
2026-04-10 09:26:52,939 - utils.alert_system - INFO - Alert cleared
2026-04-10 09:26:53,006 - utils.alert_system - INFO - Alert cleared
2026-04-10 09:26:53,006 - __main__ - INFO - Speed increased to 125.0 km/h
2026-04-10 09:26:53,082 - utils.alert_system - INFO - Alert cleared
2026-04-10 09:26:53,178 - utils.alert_system - INFO - Alert cleared
2026-04-10 09:26:53,187 - __main__ - INFO - Speed increased to 125.0 km/h
2026-04-10 09:26:53,271 - utils.alert_system - INFO - Alert cleared
2026-04-10 09:26:53,271 - __main__ - INFO - Speed increased to 125.0 km/h
2026-04-10 09:26:53,347 - utils.alert_system - INFO - Alert cleared
2026-04-10 09:26:53,402 - utils.alert_system - INFO - Alert cleared
2026-04-10 09:26:53,402 - __main__ - INFO - Speed increased to 125.0 km/h
2026-04-10 09:26:53,482 - utils.alert_system - INFO - Alert cleared
2026-04-10 09:26:53,547 - utils.alert_system - INFO - Alert cleared
2026-04-10 09:26:53,547 - __main__ - INFO - Speed increased to 125.0 km/h
2026-04-10 09:26:53,618 - utils.alert_system - INFO - Alert cleared
2026-04-10 09:26:53,678 - utils.alert_system - INFO - Alert cleared
2026-04-10 09:26:53,751 - utils.alert_system - INFO - Alert cleared
2026-04-10 09:26:53,751 - __main__ - INFO - Speed increased to 125.0 km/h
2026-04-10 09:26:53,829 - utils.alert_system - INFO - Alert cleared
2026-04-10 09:26:53,897 - utils.alert_system - INFO - Alert cleared
2026-04-10 09:26:53,960 - utils.alert_system - INFO - Alert cleared
2026-04-10 09:26:54,029 - utils.alert_system - INFO - Alert cleared
2026-04-10 09:26:54,099 - utils.alert_system - INFO - Alert cleared
2026-04-10 09:26:54,178 - utils.alert_system - INFO - Alert cleared
2026-04-10 09:26:54,252 - utils.alert_system - INFO - Alert cleared
2026-04-10 09:26:54,334 - utils.alert_system - INFO - Alert cleared
2026-04-10 09:26:54,417 - utils.alert_system - INFO - Alert cleared
2026-04-10 09:26:54,505 - utils.alert_system - INFO - Alert cleared
2026-04-10 09:26:54,598 - utils.alert_system - INFO - Alert cleared
2026-04-10 09:26:54,682 - utils.alert_system - INFO - Alert cleared
2026-04-10 09:26:54,748 - utils.alert_system - INFO - Alert cleared
2026-04-10 09:26:54,824 - utils.alert_system - INFO - Alert cleared
2026-04-10 09:26:54,903 - utils.alert_system - INFO - Alert cleared
2026-04-10 09:26:54,903 - __main__ - INFO - Speed decreased to 115.0 km/h
2026-04-10 09:26:54,979 - utils.alert_system - INFO - Alert cleared
2026-04-10 09:26:55,071 - utils.alert_system - INFO - Alert cleared
2026-04-10 09:26:55,071 - __main__ - INFO - Speed decreased to 110.0 km/h
2026-04-10 09:26:55,166 - utils.alert_system - INFO - Alert cleared
2026-04-10 09:26:55,247 - utils.alert_system - INFO - Alert cleared
2026-04-10 09:26:55,329 - utils.alert_system - INFO - Alert cleared
2026-04-10 09:26:55,329 - __main__ - INFO - Speed decreased to 105.0 km/h
2026-04-10 09:26:55,404 - utils.alert_system - INFO - Alert cleared
2026-04-10 09:26:55,505 - utils.alert_system - INFO - Alert cleared
2026-04-10 09:26:55,505 - __main__ - INFO - Speed decreased to 100.0 km/h
2026-04-10 09:26:55,616 - utils.alert_system - INFO - Alert cleared
2026-04-10 09:26:55,705 - utils.alert_system - INFO - Alert cleared
2026-04-10 09:26:55,705 - __main__ - INFO - Speed decreased to 95.0 km/h
2026-04-10 09:26:55,781 - utils.alert_system - INFO - Alert cleared
2026-04-10 09:26:55,851 - utils.alert_system - INFO - Alert cleared
2026-04-10 09:26:55,851 - __main__ - INFO - Speed decreased to 90.0 km/h
2026-04-10 09:26:55,910 - utils.alert_system - INFO - Alert cleared
2026-04-10 09:26:55,998 - utils.alert_system - INFO - Alert cleared
2026-04-10 09:26:56,083 - utils.alert_system - INFO - Alert cleared
2026-04-10 09:26:56,155 - utils.alert_system - INFO - Alert cleared
2026-04-10 09:26:56,217 - utils.alert_system - INFO - Alert cleared
2026-04-10 09:26:56,224 - __main__ - INFO - Speed decreased to 85.0 km/h
2026-04-10 09:26:56,289 - utils.alert_system - INFO - Alert cleared
2026-04-10 09:26:56,347 - utils.alert_system - INFO - Alert cleared
2026-04-10 09:26:56,439 - utils.alert_system - INFO - Alert cleared
2026-04-10 09:26:56,439 - __main__ - INFO - Speed decreased to 80.0 km/h
2026-04-10 09:26:56,516 - utils.alert_system - INFO - Alert cleared
2026-04-10 09:26:56,619 - utils.alert_system - INFO - Alert cleared
2026-04-10 09:26:56,619 - __main__ - INFO - Speed decreased to 75.0 km/h
2026-04-10 09:26:56,692 - utils.alert_system - INFO - Alert cleared
2026-04-10 09:26:56,790 - utils.alert_system - INFO - Alert cleared
2026-04-10 09:26:56,797 - __main__ - INFO - Speed decreased to 70.0 km/h
2026-04-10 09:26:56,871 - utils.alert_system - INFO - Alert cleared
2026-04-10 09:26:56,966 - utils.alert_system - INFO - Alert cleared
2026-04-10 09:26:57,032 - utils.alert_system - INFO - Alert cleared
2026-04-10 09:26:57,116 - utils.alert_system - INFO - Alert cleared
2026-04-10 09:26:57,198 - utils.alert_system - INFO - Alert cleared
2026-04-10 09:26:57,198 - __main__ - INFO - Speed decreased to 65.0 km/h
2026-04-10 09:26:57,293 - utils.alert_system - INFO - Alert cleared
2026-04-10 09:26:57,349 - utils.alert_system - INFO - Alert cleared
2026-04-10 09:26:57,349 - __main__ - INFO - Speed decreased to 60.0 km/h
2026-04-10 09:26:57,441 - utils.alert_system - INFO - Alert cleared
2026-04-10 09:26:57,500 - utils.alert_system - INFO - Alert cleared
2026-04-10 09:26:57,516 - __main__ - INFO - Speed decreased to 55.0 km/h
2026-04-10 09:26:57,578 - utils.alert_system - INFO - Alert cleared
2026-04-10 09:26:57,678 - utils.alert_system - INFO - Alert cleared
2026-04-10 09:26:57,678 - __main__ - INFO - Speed decreased to 50.0 km/h
2026-04-10 09:26:57,755 - utils.alert_system - INFO - Alert cleared
2026-04-10 09:26:57,821 - utils.alert_system - INFO - Alert cleared
2026-04-10 09:26:57,838 - __main__ - INFO - Speed decreased to 45.0 km/h
2026-04-10 09:26:57,889 - utils.alert_system - INFO - Alert cleared
2026-04-10 09:26:57,957 - utils.alert_system - INFO - Alert cleared
2026-04-10 09:26:58,033 - utils.alert_system - INFO - Alert cleared
2026-04-10 09:26:58,115 - utils.alert_system - INFO - Alert cleared
2026-04-10 09:26:58,188 - utils.alert_system - INFO - Alert cleared
2026-04-10 09:26:58,188 - __main__ - INFO - Speed decreased to 40.0 km/h
2026-04-10 09:26:58,256 - utils.alert_system - INFO - Alert cleared
2026-04-10 09:26:58,347 - utils.alert_system - INFO - Alert cleared
2026-04-10 09:26:58,428 - utils.alert_system - INFO - Alert cleared
2026-04-10 09:26:58,517 - utils.alert_system - INFO - Alert cleared
2026-04-10 09:26:58,544 - __main__ - INFO - Speed decreased to 35.0 km/h
2026-04-10 09:26:58,604 - utils.alert_system - INFO - Alert cleared
2026-04-10 09:26:58,670 - utils.alert_system - INFO - Alert cleared
2026-04-10 09:26:58,751 - utils.alert_system - INFO - Alert cleared
2026-04-10 09:26:58,829 - utils.alert_system - INFO - Alert cleared
2026-04-10 09:26:58,897 - utils.alert_system - INFO - Alert cleared
2026-04-10 09:26:58,897 - __main__ - INFO - Speed decreased to 30.0 km/h
2026-04-10 09:26:58,897 - __main__ - INFO - End of video stream
2026-04-10 09:26:58,897 - __main__ - INFO - Cleaning up...
2026-04-10 09:26:58,913 - utils.alert_system - INFO - Alert cleared
2026-04-10 09:26:58,913 - utils.alert_system - INFO - Alert system cleaned up
2026-04-10 09:26:58,913 - utils.speed_monitor - INFO - Stopped speed monitoring
2026-04-10 09:26:58,913 - __main__ - INFO - ==================================================
2026-04-10 09:26:58,913 - __main__ - INFO - Session Summary:
2026-04-10 09:26:58,913 - __main__ - INFO - ==================================================
2026-04-10 09:26:58,913 - __main__ - INFO -   session_id: 20260410_092537
2026-04-10 09:26:58,915 - __main__ - INFO -   duration: 81.6082968711853
2026-04-10 09:26:58,915 - __main__ - INFO -   total_frames: 930
2026-04-10 09:26:58,915 - __main__ - INFO -   total_detections: 14
2026-04-10 09:26:58,915 - __main__ - INFO -   alerts_triggered: 0
2026-04-10 09:26:58,915 - __main__ - INFO -   average_speed: 27.623655913978496
2026-04-10 09:26:58,915 - __main__ - INFO -   top_detected: [('cow', 13), ('dog', 1)]
2026-04-10 09:26:58,916 - utils.data_logger - INFO - Session saved: 20260410_092537
2026-04-10 09:26:58,916 - utils.data_logger - INFO -   Frames: 930
2026-04-10 09:26:58,916 - utils.data_logger - INFO -   Detections: 14
2026-04-10 09:26:58,916 - utils.data_logger - INFO -   Alerts: 0
2026-04-10 09:26:58,933 - __main__ - INFO - Cleanup complete
2026-04-10 09:27:05,090 - __main__ - INFO - ==================================================
2026-04-10 09:27:05,090 - __main__ - INFO - Animal Collision Avoidance System Initializing
2026-04-10 09:27:05,090 - __main__ - INFO - ==================================================
2026-04-10 09:27:05,092 - __main__ - INFO - Loading model: C:\Users\Ranjith S\Desktop\New folder\New folder\models\yolov8n.pt
2026-04-10 09:27:05,092 - models.detector - INFO - Using device: cpu
2026-04-10 09:27:05,140 - models.detector - INFO - Model loaded from C:\Users\Ranjith S\Desktop\New folder\New folder\models\yolov8n.pt
2026-04-10 09:27:05,140 - utils.speed_monitor - INFO - Speed monitor initialized: source=simulation, default=30.0 km/h
2026-04-10 09:27:05,140 - utils.data_logger - INFO - Data logger initialized: session=20260410_092705
2026-04-10 09:27:05,145 - __main__ - INFO - Video output: C:\Users\Ranjith S\Desktop\New folder\New folder\data\output_videos\output_20260410_092705.mp4
2026-04-10 09:27:05,145 - __main__ - INFO - System initialization complete
2026-04-10 09:27:05,155 - __main__ - INFO - System started with source: WhatsApp Video 2026-04-10 at 9.17.37 AM.mp4
2026-04-10 09:27:05,155 - __main__ - INFO - Resolution: 640x360
2026-04-10 09:27:05,155 - __main__ - INFO - Video FPS: 30.00
2026-04-10 09:27:05,155 - __main__ - INFO - Press 'q' to quit, 'p' to pause, '+/-' to adjust speed
2026-04-10 09:27:05,155 - __main__ - INFO - Press 's' to save screenshot, 'r' to reset stats
2026-04-10 09:27:06,839 - utils.alert_system - INFO - Alert cleared
2026-04-10 09:27:06,999 - utils.alert_system - INFO - Alert cleared
2026-04-10 09:27:07,085 - utils.alert_system - INFO - Alert cleared
2026-04-10 09:27:07,182 - utils.alert_system - INFO - Alert cleared
2026-04-10 09:27:07,266 - utils.alert_system - INFO - Alert cleared
2026-04-10 09:27:07,366 - utils.alert_system - INFO - Alert cleared
2026-04-10 09:27:07,482 - utils.alert_system - INFO - Alert cleared
2026-04-10 09:27:07,578 - utils.alert_system - INFO - Alert cleared
2026-04-10 09:27:07,647 - utils.alert_system - INFO - Alert cleared
2026-04-10 09:27:07,747 - utils.alert_system - INFO - Alert cleared
2026-04-10 09:27:07,823 - utils.alert_system - INFO - Alert cleared
2026-04-10 09:27:07,927 - utils.alert_system - INFO - Alert cleared
2026-04-10 09:27:08,016 - utils.alert_system - INFO - Alert cleared
2026-04-10 09:27:08,142 - utils.alert_system - INFO - Alert cleared
2026-04-10 09:27:08,252 - utils.alert_system - INFO - Alert cleared
2026-04-10 09:27:08,349 - utils.alert_system - INFO - Alert cleared
2026-04-10 09:27:08,466 - utils.alert_system - INFO - Alert cleared
2026-04-10 09:27:08,549 - utils.alert_system - INFO - Alert cleared
2026-04-10 09:27:08,616 - utils.alert_system - INFO - Alert cleared
2026-04-10 09:27:08,697 - utils.alert_system - INFO - Alert cleared
2026-04-10 09:27:08,798 - utils.alert_system - INFO - Alert cleared
2026-04-10 09:27:08,886 - utils.alert_system - INFO - Alert cleared
2026-04-10 09:27:08,979 - utils.alert_system - INFO - Alert cleared
2026-04-10 09:27:09,082 - utils.alert_system - INFO - Alert cleared
2026-04-10 09:27:09,168 - utils.alert_system - INFO - Alert cleared
2026-04-10 09:27:09,255 - utils.alert_system - INFO - Alert cleared
2026-04-10 09:27:09,341 - utils.alert_system - INFO - Alert cleared
2026-04-10 09:27:09,446 - utils.alert_system - INFO - Alert cleared
2026-04-10 09:27:09,528 - utils.alert_system - INFO - Alert cleared
2026-04-10 09:27:09,617 - utils.alert_system - INFO - Alert cleared
2026-04-10 09:27:09,732 - utils.alert_system - INFO - Alert cleared
2026-04-10 09:27:09,828 - utils.alert_system - INFO - Alert cleared
2026-04-10 09:27:09,828 - __main__ - INFO - Speed increased to 35.0 km/h
2026-04-10 09:27:09,893 - utils.alert_system - INFO - Alert cleared
2026-04-10 09:27:09,997 - utils.alert_system - INFO - Alert cleared
2026-04-10 09:27:10,081 - utils.alert_system - INFO - Alert cleared
2026-04-10 09:27:10,147 - utils.alert_system - INFO - Alert cleared
2026-04-10 09:27:10,224 - utils.alert_system - INFO - Alert cleared
2026-04-10 09:27:10,316 - utils.alert_system - INFO - Alert cleared
2026-04-10 09:27:10,416 - utils.alert_system - INFO - Alert cleared
2026-04-10 09:27:10,416 - __main__ - INFO - Speed increased to 40.0 km/h
2026-04-10 09:27:10,503 - utils.alert_system - INFO - Alert cleared
2026-04-10 09:27:10,585 - utils.alert_system - INFO - Alert cleared
2026-04-10 09:27:10,678 - utils.alert_system - INFO - Alert cleared
2026-04-10 09:27:10,678 - __main__ - INFO - Speed increased to 45.0 km/h
2026-04-10 09:27:10,741 - utils.alert_system - INFO - Alert cleared
2026-04-10 09:27:10,828 - utils.alert_system - INFO - Alert cleared
2026-04-10 09:27:10,901 - utils.alert_system - INFO - Alert cleared
2026-04-10 09:27:10,982 - utils.alert_system - INFO - Alert cleared
2026-04-10 09:27:11,089 - utils.alert_system - INFO - Alert cleared
2026-04-10 09:27:11,089 - __main__ - INFO - Speed increased to 50.0 km/h
2026-04-10 09:27:11,166 - utils.alert_system - INFO - Alert cleared
2026-04-10 09:27:11,248 - utils.alert_system - INFO - Alert cleared
2026-04-10 09:27:11,328 - utils.alert_system - INFO - Alert cleared
2026-04-10 09:27:11,393 - utils.alert_system - INFO - Alert cleared
2026-04-10 09:27:11,479 - utils.alert_system - INFO - Alert cleared
2026-04-10 09:27:11,577 - utils.alert_system - INFO - Alert cleared
2026-04-10 09:27:11,688 - utils.alert_system - INFO - Alert cleared
2026-04-10 09:27:11,779 - utils.alert_system - INFO - Alert cleared
2026-04-10 09:27:11,868 - utils.alert_system - INFO - Alert cleared
2026-04-10 09:27:11,966 - utils.alert_system - INFO - Alert cleared
2026-04-10 09:27:11,966 - __main__ - INFO - Speed increased to 55.0 km/h
2026-04-10 09:27:12,041 - utils.alert_system - INFO - Alert cleared
2026-04-10 09:27:12,118 - utils.alert_system - INFO - Alert cleared
2026-04-10 09:27:12,118 - __main__ - INFO - Speed increased to 60.0 km/h
2026-04-10 09:27:12,183 - utils.alert_system - INFO - Alert cleared
2026-04-10 09:27:12,266 - utils.alert_system - INFO - Alert cleared
2026-04-10 09:27:12,266 - __main__ - INFO - Speed increased to 65.0 km/h
2026-04-10 09:27:12,333 - utils.alert_system - INFO - Alert cleared
2026-04-10 09:27:12,419 - utils.alert_system - INFO - Alert cleared
2026-04-10 09:27:12,421 - __main__ - INFO - Speed increased to 70.0 km/h
2026-04-10 09:27:12,480 - utils.alert_system - INFO - Alert cleared
2026-04-10 09:27:12,548 - utils.alert_system - INFO - Alert cleared
2026-04-10 09:27:12,604 - utils.alert_system - INFO - Alert cleared
2026-04-10 09:27:12,604 - __main__ - INFO - Speed increased to 75.0 km/h
2026-04-10 09:27:12,697 - utils.alert_system - INFO - Alert cleared
2026-04-10 09:27:12,779 - utils.alert_system - INFO - Alert cleared
2026-04-10 09:27:12,779 - __main__ - INFO - Speed increased to 80.0 km/h
2026-04-10 09:27:12,843 - utils.alert_system - INFO - Alert cleared
2026-04-10 09:27:12,919 - utils.alert_system - INFO - Alert cleared
2026-04-10 09:27:12,919 - __main__ - INFO - Speed increased to 85.0 km/h
2026-04-10 09:27:12,979 - utils.alert_system - INFO - Alert cleared
2026-04-10 09:27:13,084 - utils.alert_system - INFO - Alert cleared
2026-04-10 09:27:13,188 - utils.alert_system - INFO - Alert cleared
2026-04-10 09:27:13,278 - utils.alert_system - INFO - Alert cleared
2026-04-10 09:27:13,378 - utils.alert_system - INFO - Alert cleared
2026-04-10 09:27:13,466 - utils.alert_system - INFO - Alert cleared
2026-04-10 09:27:13,547 - utils.alert_system - INFO - Alert cleared
2026-04-10 09:27:13,632 - utils.alert_system - INFO - Alert cleared
2026-04-10 09:27:13,728 - utils.alert_system - INFO - Alert cleared
2026-04-10 09:27:13,798 - utils.alert_system - INFO - Alert cleared
2026-04-10 09:27:13,879 - utils.alert_system - INFO - Alert cleared
2026-04-10 09:27:13,969 - utils.alert_system - INFO - Alert cleared
2026-04-10 09:27:14,066 - utils.alert_system - INFO - Alert cleared
2026-04-10 09:27:14,166 - utils.alert_system - INFO - Alert cleared
2026-04-10 09:27:14,266 - utils.alert_system - INFO - Alert cleared
2026-04-10 09:27:14,358 - utils.alert_system - INFO - Alert cleared
2026-04-10 09:27:14,454 - utils.alert_system - INFO - Alert cleared
2026-04-10 09:27:14,554 - utils.alert_system - INFO - Alert cleared
2026-04-10 09:27:14,645 - utils.alert_system - INFO - Alert cleared
2026-04-10 09:27:14,736 - utils.alert_system - INFO - Alert cleared
2026-04-10 09:27:14,797 - utils.alert_system - INFO - Alert cleared
2026-04-10 09:27:14,880 - utils.alert_system - INFO - Alert cleared
2026-04-10 09:27:14,880 - __main__ - INFO - Speed increased to 90.0 km/h
2026-04-10 09:27:14,947 - utils.alert_system - INFO - Alert cleared
2026-04-10 09:27:15,035 - utils.alert_system - INFO - Alert cleared
2026-04-10 09:27:15,128 - utils.alert_system - INFO - Alert cleared
2026-04-10 09:27:15,206 - utils.alert_system - INFO - Alert cleared
2026-04-10 09:27:15,321 - utils.alert_system - INFO - Alert cleared
2026-04-10 09:27:15,378 - utils.alert_system - INFO - Alert cleared
2026-04-10 09:27:15,452 - utils.alert_system - INFO - Alert cleared
2026-04-10 09:27:15,535 - utils.alert_system - INFO - Alert cleared
2026-04-10 09:27:15,666 - utils.alert_system - INFO - Alert cleared
2026-04-10 09:27:15,741 - utils.alert_system - INFO - Alert cleared
2026-04-10 09:27:15,821 - utils.alert_system - INFO - Alert cleared
2026-04-10 09:27:15,924 - utils.alert_system - INFO - Alert cleared
2026-04-10 09:27:16,016 - utils.alert_system - INFO - Alert cleared
2026-04-10 09:27:16,107 - utils.alert_system - INFO - Alert cleared
2026-04-10 09:27:16,197 - utils.alert_system - INFO - Alert cleared
2026-04-10 09:27:16,297 - utils.alert_system - INFO - Alert cleared
2026-04-10 09:27:16,378 - utils.alert_system - INFO - Alert cleared
2026-04-10 09:27:16,506 - utils.alert_system - INFO - Alert cleared
2026-04-10 09:27:16,610 - utils.alert_system - INFO - Alert cleared
2026-04-10 09:27:16,684 - utils.alert_system - INFO - Alert cleared
2026-04-10 09:27:16,766 - utils.alert_system - INFO - Alert cleared
2026-04-10 09:27:16,849 - utils.alert_system - INFO - Alert cleared
2026-04-10 09:27:16,932 - utils.alert_system - INFO - Alert cleared
2026-04-10 09:27:17,028 - utils.alert_system - INFO - Alert cleared
2026-04-10 09:27:17,119 - utils.alert_system - INFO - Alert cleared
2026-04-10 09:27:17,179 - utils.alert_system - INFO - Alert cleared
2026-04-10 09:27:17,266 - utils.alert_system - INFO - Alert cleared
2026-04-10 09:27:17,363 - utils.alert_system - INFO - Alert cleared
2026-04-10 09:27:17,363 - __main__ - INFO - Speed decreased to 85.0 km/h
2026-04-10 09:27:17,447 - utils.alert_system - INFO - Alert cleared
2026-04-10 09:27:17,516 - utils.alert_system - INFO - Alert cleared
2026-04-10 09:27:17,583 - utils.alert_system - INFO - Alert cleared
2026-04-10 09:27:17,666 - utils.alert_system - INFO - Alert cleared
2026-04-10 09:27:17,766 - utils.alert_system - INFO - Alert cleared
2026-04-10 09:27:17,767 - __main__ - INFO - Speed decreased to 80.0 km/h
2026-04-10 09:27:17,828 - utils.alert_system - INFO - Alert cleared
2026-04-10 09:27:17,897 - utils.alert_system - INFO - Alert cleared
2026-04-10 09:27:17,966 - utils.alert_system - INFO - Alert cleared
2026-04-10 09:27:18,034 - utils.alert_system - INFO - Alert cleared
2026-04-10 09:27:18,034 - __main__ - INFO - Speed decreased to 75.0 km/h
2026-04-10 09:27:18,101 - utils.alert_system - INFO - Alert cleared
2026-04-10 09:27:18,190 - utils.alert_system - INFO - Alert cleared
2026-04-10 09:27:18,198 - __main__ - INFO - Speed decreased to 70.0 km/h
2026-04-10 09:27:18,290 - utils.alert_system - INFO - Alert cleared
2026-04-10 09:27:18,379 - utils.alert_system - INFO - Alert cleared
2026-04-10 09:27:18,468 - utils.alert_system - INFO - Alert cleared
2026-04-10 09:27:18,569 - utils.alert_system - INFO - Alert cleared
2026-04-10 09:27:18,647 - utils.alert_system - INFO - Alert cleared
2026-04-10 09:27:18,728 - utils.alert_system - INFO - Alert cleared
2026-04-10 09:27:18,828 - utils.alert_system - INFO - Alert cleared
2026-04-10 09:27:18,898 - utils.alert_system - INFO - Alert cleared
2026-04-10 09:27:18,972 - utils.alert_system - INFO - Alert cleared
2026-04-10 09:27:19,068 - utils.alert_system - INFO - Alert cleared
2026-04-10 09:27:19,182 - utils.alert_system - INFO - Alert cleared
2026-04-10 09:27:19,278 - utils.alert_system - INFO - Alert cleared
2026-04-10 09:27:19,382 - utils.alert_system - INFO - Alert cleared
2026-04-10 09:27:19,447 - utils.alert_system - INFO - Alert cleared
2026-04-10 09:27:19,547 - utils.alert_system - INFO - Alert cleared
2026-04-10 09:27:19,633 - utils.alert_system - INFO - Alert cleared
2026-04-10 09:27:19,754 - utils.alert_system - INFO - Alert cleared
2026-04-10 09:27:19,859 - utils.alert_system - INFO - Alert cleared
2026-04-10 09:27:19,930 - utils.alert_system - INFO - Alert cleared
2026-04-10 09:27:20,002 - utils.alert_system - INFO - Alert cleared
2026-04-10 09:27:20,138 - utils.alert_system - INFO - Alert cleared
2026-04-10 09:27:20,201 - utils.alert_system - INFO - Alert cleared
2026-04-10 09:27:20,283 - utils.alert_system - INFO - Alert cleared
2026-04-10 09:27:20,368 - utils.alert_system - INFO - Alert cleared
2026-04-10 09:27:20,459 - utils.alert_system - INFO - Alert cleared
2026-04-10 09:27:20,543 - utils.alert_system - INFO - Alert cleared
2026-04-10 09:27:20,648 - utils.alert_system - INFO - Alert cleared
2026-04-10 09:27:20,747 - utils.alert_system - INFO - Alert cleared
2026-04-10 09:27:20,847 - utils.alert_system - INFO - Alert cleared
2026-04-10 09:27:20,966 - utils.alert_system - INFO - Alert cleared
2026-04-10 09:27:21,042 - utils.alert_system - INFO - Alert cleared
2026-04-10 09:27:21,116 - utils.alert_system - INFO - Alert cleared
2026-04-10 09:27:21,191 - utils.alert_system - INFO - Alert cleared
2026-04-10 09:27:21,266 - utils.alert_system - INFO - Alert cleared
2026-04-10 09:27:21,350 - utils.alert_system - INFO - Alert cleared
2026-04-10 09:27:21,452 - utils.alert_system - INFO - Alert cleared
2026-04-10 09:27:21,549 - utils.alert_system - INFO - Alert cleared
2026-04-10 09:27:21,639 - utils.alert_system - INFO - Alert cleared
2026-04-10 09:27:21,727 - utils.alert_system - INFO - Alert cleared
2026-04-10 09:27:21,813 - utils.alert_system - INFO - Alert cleared
2026-04-10 09:27:21,904 - utils.alert_system - INFO - Alert cleared
2026-04-10 09:27:21,997 - utils.alert_system - INFO - Alert cleared
2026-04-10 09:27:22,083 - utils.alert_system - INFO - Alert cleared
2026-04-10 09:27:22,158 - utils.alert_system - INFO - Alert cleared
2026-04-10 09:27:22,248 - utils.alert_system - INFO - Alert cleared
2026-04-10 09:27:22,347 - utils.alert_system - INFO - Alert cleared
2026-04-10 09:27:22,434 - utils.alert_system - INFO - Alert cleared
2026-04-10 09:27:22,534 - utils.alert_system - INFO - Alert cleared
2026-04-10 09:27:22,621 - utils.alert_system - INFO - Alert cleared
2026-04-10 09:27:22,725 - utils.alert_system - INFO - Alert cleared
2026-04-10 09:27:22,807 - utils.alert_system - INFO - Alert cleared
2026-04-10 09:27:22,892 - utils.alert_system - INFO - Alert cleared
2026-04-10 09:27:22,977 - utils.alert_system - INFO - Alert cleared
2026-04-10 09:27:23,067 - utils.alert_system - INFO - Alert cleared
2026-04-10 09:27:23,157 - utils.alert_system - INFO - Alert cleared
2026-04-10 09:27:23,255 - utils.alert_system - INFO - Alert cleared
2026-04-10 09:27:23,339 - utils.alert_system - INFO - Alert cleared
2026-04-10 09:27:23,417 - utils.alert_system - INFO - Alert cleared
2026-04-10 09:27:23,497 - utils.alert_system - INFO - Alert cleared
2026-04-10 09:27:23,612 - utils.alert_system - INFO - Alert cleared
2026-04-10 09:27:23,616 - __main__ - INFO - Speed decreased to 65.0 km/h
2026-04-10 09:27:23,728 - utils.alert_system - INFO - Alert cleared
2026-04-10 09:27:23,808 - utils.alert_system - INFO - Alert cleared
2026-04-10 09:27:23,816 - __main__ - INFO - Speed decreased to 60.0 km/h
2026-04-10 09:27:23,889 - utils.alert_system - INFO - Alert cleared
2026-04-10 09:27:23,966 - utils.alert_system - INFO - Alert cleared
2026-04-10 09:27:24,066 - utils.alert_system - INFO - Alert cleared
2026-04-10 09:27:24,154 - utils.alert_system - INFO - Alert cleared
2026-04-10 09:27:24,248 - utils.alert_system - INFO - Alert cleared
2026-04-10 09:27:24,329 - utils.alert_system - INFO - Alert cleared
2026-04-10 09:27:24,329 - __main__ - INFO - Speed decreased to 55.0 km/h
2026-04-10 09:27:24,410 - utils.alert_system - INFO - Alert cleared
2026-04-10 09:27:24,494 - utils.alert_system - INFO - Alert cleared
2026-04-10 09:27:24,494 - __main__ - INFO - Speed decreased to 50.0 km/h
2026-04-10 09:27:24,566 - utils.alert_system - INFO - Alert cleared
2026-04-10 09:27:24,658 - utils.alert_system - INFO - Alert cleared
2026-04-10 09:27:24,658 - __main__ - INFO - Speed decreased to 45.0 km/h
2026-04-10 09:27:24,724 - utils.alert_system - INFO - Alert cleared
2026-04-10 09:27:24,797 - utils.alert_system - INFO - Alert cleared
2026-04-10 09:27:24,916 - utils.alert_system - INFO - Alert cleared
2026-04-10 09:27:24,997 - utils.alert_system - INFO - Alert cleared
2026-04-10 09:27:25,078 - utils.alert_system - INFO - Alert cleared
2026-04-10 09:27:25,175 - utils.alert_system - INFO - Alert cleared
2026-04-10 09:27:25,266 - utils.alert_system - INFO - Alert cleared
2026-04-10 09:27:25,347 - utils.alert_system - INFO - Alert cleared
2026-04-10 09:27:25,428 - utils.alert_system - INFO - Alert cleared
2026-04-10 09:27:25,503 - utils.alert_system - INFO - Alert cleared
2026-04-10 09:27:25,597 - utils.alert_system - INFO - Alert cleared
2026-04-10 09:27:25,678 - utils.alert_system - INFO - Alert cleared
2026-04-10 09:27:25,763 - utils.alert_system - INFO - Alert cleared
2026-04-10 09:27:25,847 - utils.alert_system - INFO - Alert cleared
2026-04-10 09:27:25,922 - utils.alert_system - INFO - Alert cleared
2026-04-10 09:27:25,992 - utils.alert_system - INFO - Alert cleared
2026-04-10 09:27:26,087 - utils.alert_system - INFO - Alert cleared
2026-04-10 09:27:26,183 - utils.alert_system - INFO - Alert cleared
2026-04-10 09:27:26,248 - utils.alert_system - INFO - Alert cleared
2026-04-10 09:27:26,356 - utils.alert_system - INFO - Alert cleared
2026-04-10 09:27:26,437 - utils.alert_system - INFO - Alert cleared
2026-04-10 09:27:26,541 - utils.alert_system - INFO - Alert cleared
2026-04-10 09:27:26,638 - utils.alert_system - INFO - Alert cleared
2026-04-10 09:27:26,727 - utils.alert_system - INFO - Alert cleared
2026-04-10 09:27:26,816 - utils.alert_system - INFO - Alert cleared
2026-04-10 09:27:26,909 - utils.alert_system - INFO - Alert cleared
2026-04-10 09:27:27,002 - utils.alert_system - INFO - Alert cleared
2026-04-10 09:27:27,095 - utils.alert_system - INFO - Alert cleared
2026-04-10 09:27:27,178 - utils.alert_system - INFO - Alert cleared
2026-04-10 09:27:27,248 - utils.alert_system - INFO - Alert cleared
2026-04-10 09:27:27,324 - utils.alert_system - INFO - Alert cleared
2026-04-10 09:27:27,478 - utils.alert_system - INFO - Alert cleared
2026-04-10 09:27:27,478 - __main__ - INFO - Speed decreased to 40.0 km/h
2026-04-10 09:27:27,551 - utils.alert_system - INFO - Alert cleared
2026-04-10 09:27:27,618 - utils.alert_system - INFO - Alert cleared
2026-04-10 09:27:27,629 - __main__ - INFO - Speed decreased to 35.0 km/h
2026-04-10 09:27:27,701 - utils.alert_system - INFO - Alert cleared
2026-04-10 09:27:27,786 - utils.alert_system - INFO - Alert cleared
2026-04-10 09:27:27,797 - __main__ - INFO - Speed decreased to 30.0 km/h
2026-04-10 09:27:27,870 - utils.alert_system - INFO - Alert cleared
2026-04-10 09:27:27,971 - utils.alert_system - INFO - Alert cleared
2026-04-10 09:27:28,053 - utils.alert_system - INFO - Alert cleared
2026-04-10 09:27:28,135 - utils.alert_system - INFO - Alert cleared
2026-04-10 09:27:28,228 - utils.alert_system - INFO - Alert cleared
2026-04-10 09:27:28,316 - utils.alert_system - INFO - Alert cleared
2026-04-10 09:27:28,316 - __main__ - INFO - Speed increased to 35.0 km/h
2026-04-10 09:27:28,401 - utils.alert_system - INFO - Alert cleared
2026-04-10 09:27:28,498 - utils.alert_system - INFO - Alert cleared
2026-04-10 09:27:28,582 - utils.alert_system - INFO - Alert cleared
2026-04-10 09:27:28,666 - utils.alert_system - INFO - Alert cleared
2026-04-10 09:27:28,728 - utils.alert_system - INFO - Alert cleared
2026-04-10 09:27:28,738 - __main__ - INFO - Speed increased to 40.0 km/h
2026-04-10 09:27:28,829 - utils.alert_system - INFO - Alert cleared
2026-04-10 09:27:28,902 - utils.alert_system - INFO - Alert cleared
2026-04-10 09:27:29,023 - utils.alert_system - INFO - Alert cleared
2026-04-10 09:27:29,119 - utils.alert_system - INFO - Alert cleared
2026-04-10 09:27:29,215 - utils.alert_system - INFO - Alert cleared
2026-04-10 09:27:29,316 - utils.alert_system - INFO - Alert cleared
2026-04-10 09:27:29,425 - utils.alert_system - INFO - Alert cleared
2026-04-10 09:27:29,428 - __main__ - INFO - Speed decreased to 35.0 km/h
2026-04-10 09:27:29,497 - utils.alert_system - INFO - Alert cleared
2026-04-10 09:27:29,578 - utils.alert_system - INFO - Alert cleared
2026-04-10 09:27:29,679 - utils.alert_system - INFO - Alert cleared
2026-04-10 09:27:29,748 - utils.alert_system - INFO - Alert cleared
2026-04-10 09:27:29,828 - utils.alert_system - INFO - Alert cleared
2026-04-10 09:27:29,923 - utils.alert_system - INFO - Alert cleared
2026-04-10 09:27:29,997 - utils.alert_system - INFO - Alert cleared
2026-04-10 09:27:30,066 - utils.alert_system - INFO - Alert cleared
2026-04-10 09:27:30,139 - utils.alert_system - INFO - Alert cleared
2026-04-10 09:27:30,216 - utils.alert_system - INFO - Alert cleared
2026-04-10 09:27:30,287 - utils.alert_system - INFO - Alert cleared
2026-04-10 09:27:30,383 - utils.alert_system - INFO - Alert cleared
2026-04-10 09:27:30,466 - utils.alert_system - INFO - Alert cleared
2026-04-10 09:27:30,537 - utils.alert_system - INFO - Alert cleared
2026-04-10 09:27:30,537 - __main__ - INFO - Speed decreased to 30.0 km/h
2026-04-10 09:27:30,630 - utils.alert_system - INFO - Alert cleared
2026-04-10 09:27:30,728 - utils.alert_system - INFO - Alert cleared
2026-04-10 09:27:30,817 - utils.alert_system - INFO - Alert cleared
2026-04-10 09:27:30,904 - utils.alert_system - INFO - Alert cleared
2026-04-10 09:27:31,010 - utils.alert_system - INFO - Alert cleared
2026-04-10 09:27:31,097 - utils.alert_system - INFO - Alert cleared
2026-04-10 09:27:31,178 - utils.alert_system - INFO - Alert cleared
2026-04-10 09:27:31,251 - utils.alert_system - INFO - Alert cleared
2026-04-10 09:27:31,356 - utils.alert_system - INFO - Alert cleared
2026-04-10 09:27:31,451 - utils.alert_system - INFO - Alert cleared
2026-04-10 09:27:31,566 - utils.alert_system - INFO - Alert cleared
2026-04-10 09:27:31,628 - utils.alert_system - INFO - Alert cleared
2026-04-10 09:27:31,709 - utils.alert_system - INFO - Alert cleared
2026-04-10 09:27:31,799 - utils.alert_system - INFO - Alert cleared
2026-04-10 09:27:31,897 - utils.alert_system - INFO - Alert cleared
2026-04-10 09:27:31,998 - utils.alert_system - INFO - Alert cleared
2026-04-10 09:27:32,095 - utils.alert_system - INFO - Alert cleared
2026-04-10 09:27:32,197 - utils.alert_system - INFO - Alert cleared
2026-04-10 09:27:32,284 - utils.alert_system - INFO - Alert cleared
2026-04-10 09:27:32,380 - utils.alert_system - INFO - Alert cleared
2026-04-10 09:27:32,479 - utils.alert_system - INFO - Alert cleared
2026-04-10 09:27:32,566 - utils.alert_system - INFO - Alert cleared
2026-04-10 09:27:32,666 - utils.alert_system - INFO - Alert cleared
2026-04-10 09:27:32,766 - utils.alert_system - INFO - Alert cleared
2026-04-10 09:27:32,878 - utils.alert_system - INFO - Alert cleared
2026-04-10 09:27:32,966 - utils.alert_system - INFO - Alert cleared
2026-04-10 09:27:33,066 - utils.alert_system - INFO - Alert cleared
2026-04-10 09:27:33,184 - utils.alert_system - INFO - Alert cleared
2026-04-10 09:27:33,267 - utils.alert_system - INFO - Alert cleared
2026-04-10 09:27:33,397 - utils.alert_system - INFO - Alert cleared
2026-04-10 09:27:33,480 - utils.alert_system - INFO - Alert cleared
2026-04-10 09:27:33,582 - utils.alert_system - INFO - Alert cleared
2026-04-10 09:27:33,679 - utils.alert_system - INFO - Alert cleared
2026-04-10 09:27:33,760 - utils.alert_system - INFO - Alert cleared
2026-04-10 09:27:33,829 - utils.alert_system - INFO - Alert cleared
2026-04-10 09:27:33,911 - utils.alert_system - INFO - Alert cleared
2026-04-10 09:27:33,994 - utils.alert_system - INFO - Alert cleared
2026-04-10 09:27:34,056 - utils.alert_system - INFO - Alert cleared
2026-04-10 09:27:34,116 - utils.alert_system - INFO - Alert cleared
2026-04-10 09:27:34,203 - utils.alert_system - INFO - Alert cleared
2026-04-10 09:27:34,278 - utils.alert_system - INFO - Alert cleared
2026-04-10 09:27:34,366 - utils.alert_system - INFO - Alert cleared
2026-04-10 09:27:34,466 - utils.alert_system - INFO - Alert cleared
2026-04-10 09:27:34,559 - utils.alert_system - INFO - Alert cleared
2026-04-10 09:27:34,631 - utils.alert_system - INFO - Alert cleared
2026-04-10 09:27:34,701 - utils.alert_system - INFO - Alert cleared
2026-04-10 09:27:34,787 - utils.alert_system - INFO - Alert cleared
2026-04-10 09:27:34,867 - utils.alert_system - INFO - Alert cleared
2026-04-10 09:27:34,957 - utils.alert_system - INFO - Alert cleared
2026-04-10 09:27:35,061 - utils.alert_system - INFO - Alert cleared
2026-04-10 09:27:35,131 - utils.alert_system - INFO - Alert cleared
2026-04-10 09:27:35,228 - utils.alert_system - INFO - Alert cleared
2026-04-10 09:27:35,297 - utils.alert_system - INFO - Alert cleared
2026-04-10 09:27:35,378 - utils.alert_system - INFO - Alert cleared
2026-04-10 09:27:35,440 - utils.alert_system - INFO - Alert cleared
2026-04-10 09:27:35,523 - utils.alert_system - INFO - Alert cleared
2026-04-10 09:27:35,628 - utils.alert_system - INFO - Alert cleared
2026-04-10 09:27:35,716 - utils.alert_system - INFO - Alert cleared
2026-04-10 09:27:35,779 - utils.alert_system - INFO - Alert cleared
2026-04-10 09:27:35,883 - utils.alert_system - INFO - Alert cleared
2026-04-10 09:27:35,982 - utils.alert_system - INFO - Alert cleared
2026-04-10 09:27:36,086 - utils.alert_system - INFO - Alert cleared
2026-04-10 09:27:36,159 - utils.alert_system - INFO - Alert cleared
2026-04-10 09:27:36,217 - utils.alert_system - INFO - Alert cleared
2026-04-10 09:27:36,304 - utils.alert_system - INFO - Alert cleared
2026-04-10 09:27:36,407 - utils.alert_system - INFO - Alert cleared
2026-04-10 09:27:36,478 - utils.alert_system - INFO - Alert cleared
2026-04-10 09:27:36,552 - utils.alert_system - INFO - Alert cleared
2026-04-10 09:27:36,600 - utils.alert_system - INFO - Alert cleared
2026-04-10 09:27:36,698 - utils.alert_system - INFO - Alert cleared
2026-04-10 09:27:36,809 - utils.alert_system - INFO - Alert cleared
2026-04-10 09:27:36,905 - utils.alert_system - INFO - Alert cleared
2026-04-10 09:27:36,997 - utils.alert_system - INFO - Alert cleared
2026-04-10 09:27:37,060 - utils.alert_system - INFO - Alert cleared
2026-04-10 09:27:37,147 - utils.alert_system - INFO - Alert cleared
2026-04-10 09:27:37,237 - utils.alert_system - INFO - Alert cleared
2026-04-10 09:27:37,325 - utils.alert_system - INFO - Alert cleared
2026-04-10 09:27:37,420 - utils.alert_system - INFO - Alert cleared
2026-04-10 09:27:37,502 - utils.alert_system - INFO - Alert cleared
2026-04-10 09:27:37,600 - utils.alert_system - INFO - Alert cleared
2026-04-10 09:27:37,708 - utils.alert_system - INFO - Alert cleared
2026-04-10 09:27:37,797 - utils.alert_system - INFO - Alert cleared
2026-04-10 09:27:37,888 - utils.alert_system - INFO - Alert cleared
2026-04-10 09:27:37,986 - utils.alert_system - INFO - Alert cleared
2026-04-10 09:27:38,050 - utils.alert_system - INFO - Alert cleared
2026-04-10 09:27:38,139 - utils.alert_system - INFO - Alert cleared
2026-04-10 09:27:38,213 - utils.alert_system - INFO - Alert cleared
2026-04-10 09:27:38,286 - utils.alert_system - INFO - Alert cleared
2026-04-10 09:27:38,462 - utils.alert_system - INFO - Alert cleared
2026-04-10 09:27:38,530 - utils.alert_system - INFO - Alert cleared
2026-04-10 09:27:38,628 - utils.alert_system - INFO - Alert cleared
2026-04-10 09:27:38,696 - utils.alert_system - INFO - Alert cleared
2026-04-10 09:27:38,773 - utils.alert_system - INFO - Alert cleared
2026-04-10 09:27:38,830 - utils.alert_system - INFO - Alert cleared
2026-04-10 09:27:38,928 - utils.alert_system - INFO - Alert cleared
2026-04-10 09:27:39,012 - utils.alert_system - INFO - Alert cleared
2026-04-10 09:27:39,102 - utils.alert_system - INFO - Alert cleared
2026-04-10 09:27:39,199 - utils.alert_system - INFO - Alert cleared
2026-04-10 09:27:39,298 - utils.alert_system - INFO - Alert cleared
2026-04-10 09:27:39,354 - utils.alert_system - INFO - Alert cleared
2026-04-10 09:27:39,441 - utils.alert_system - INFO - Alert cleared
2026-04-10 09:27:39,506 - utils.alert_system - INFO - Alert cleared
2026-04-10 09:27:39,566 - utils.alert_system - INFO - Alert cleared
2026-04-10 09:27:39,649 - utils.alert_system - INFO - Alert cleared
2026-04-10 09:27:39,728 - utils.alert_system - INFO - Alert cleared
2026-04-10 09:27:39,788 - utils.alert_system - INFO - Alert cleared
2026-04-10 09:27:39,885 - utils.alert_system - INFO - Alert cleared
2026-04-10 09:27:39,967 - utils.alert_system - INFO - Alert cleared
2026-04-10 09:27:40,038 - utils.alert_system - INFO - Alert cleared
2026-04-10 09:27:40,141 - utils.alert_system - INFO - Alert cleared
2026-04-10 09:27:40,466 - utils.alert_system - INFO - Alert cleared
2026-04-10 09:27:40,547 - utils.alert_system - INFO - Alert cleared
2026-04-10 09:27:40,667 - utils.alert_system - INFO - Alert cleared
2026-04-10 09:27:40,748 - utils.alert_system - INFO - Alert cleared
2026-04-10 09:27:40,816 - utils.alert_system - INFO - Alert cleared
2026-04-10 09:27:40,877 - utils.alert_system - INFO - Alert cleared
2026-04-10 09:27:40,940 - utils.alert_system - INFO - Alert cleared
2026-04-10 09:27:41,028 - utils.alert_system - INFO - Alert cleared
2026-04-10 09:27:41,117 - utils.alert_system - INFO - Alert cleared
2026-04-10 09:27:41,191 - utils.alert_system - INFO - Alert cleared
2026-04-10 09:27:41,273 - utils.alert_system - INFO - Alert cleared
2026-04-10 09:27:41,367 - utils.alert_system - INFO - Alert cleared
2026-04-10 09:27:41,454 - utils.alert_system - INFO - Alert cleared
2026-04-10 09:27:41,548 - utils.alert_system - INFO - Alert cleared
2026-04-10 09:27:41,628 - utils.alert_system - INFO - Alert cleared
2026-04-10 09:27:41,703 - utils.alert_system - INFO - Alert cleared
2026-04-10 09:27:41,778 - utils.alert_system - INFO - Alert cleared
2026-04-10 09:27:41,872 - utils.alert_system - INFO - Alert cleared
2026-04-10 09:27:41,949 - utils.alert_system - INFO - Alert cleared
2026-04-10 09:27:42,028 - utils.alert_system - INFO - Alert cleared
2026-04-10 09:27:42,082 - utils.alert_system - INFO - Alert cleared
2026-04-10 09:27:42,165 - utils.alert_system - INFO - Alert cleared
2026-04-10 09:27:42,232 - utils.alert_system - INFO - Alert cleared
2026-04-10 09:27:42,316 - utils.alert_system - INFO - Alert cleared
2026-04-10 09:27:42,398 - utils.alert_system - INFO - Alert cleared
2026-04-10 09:27:42,469 - utils.alert_system - INFO - Alert cleared
2026-04-10 09:27:42,533 - utils.alert_system - INFO - Alert cleared
2026-04-10 09:27:42,609 - utils.alert_system - INFO - Alert cleared
2026-04-10 09:27:42,668 - utils.alert_system - INFO - Alert cleared
2026-04-10 09:27:42,766 - utils.alert_system - INFO - Alert cleared
2026-04-10 09:27:42,847 - utils.alert_system - INFO - Alert cleared
2026-04-10 09:27:42,920 - utils.alert_system - INFO - Alert cleared
2026-04-10 09:27:42,999 - utils.alert_system - INFO - Alert cleared
2026-04-10 09:27:43,064 - utils.alert_system - INFO - Alert cleared
2026-04-10 09:27:43,147 - utils.alert_system - INFO - Alert cleared
2026-04-10 09:27:43,230 - utils.alert_system - INFO - Alert cleared
2026-04-10 09:27:43,319 - utils.alert_system - INFO - Alert cleared
2026-04-10 09:27:43,397 - utils.alert_system - INFO - Alert cleared
2026-04-10 09:27:43,473 - utils.alert_system - INFO - Alert cleared
2026-04-10 09:27:43,553 - utils.alert_system - INFO - Alert cleared
2026-04-10 09:27:43,622 - utils.alert_system - INFO - Alert cleared
2026-04-10 09:27:43,705 - utils.alert_system - INFO - Alert cleared
2026-04-10 09:27:43,785 - utils.alert_system - INFO - Alert cleared
2026-04-10 09:27:43,868 - utils.alert_system - INFO - Alert cleared
2026-04-10 09:27:43,948 - utils.alert_system - INFO - Alert cleared
2026-04-10 09:27:44,034 - utils.alert_system - INFO - Alert cleared
2026-04-10 09:27:44,128 - utils.alert_system - INFO - Alert cleared
2026-04-10 09:27:44,216 - utils.alert_system - INFO - Alert cleared
2026-04-10 09:27:44,299 - utils.alert_system - INFO - Alert cleared
2026-04-10 09:27:44,378 - utils.alert_system - INFO - Alert cleared
2026-04-10 09:27:44,439 - utils.alert_system - INFO - Alert cleared
2026-04-10 09:27:44,506 - utils.alert_system - INFO - Alert cleared
2026-04-10 09:27:44,584 - utils.alert_system - INFO - Alert cleared
2026-04-10 09:27:44,684 - utils.alert_system - INFO - Alert cleared
2026-04-10 09:27:44,754 - utils.alert_system - INFO - Alert cleared
2026-04-10 09:27:44,828 - utils.alert_system - INFO - Alert cleared
2026-04-10 09:27:44,897 - utils.alert_system - INFO - Alert cleared
2026-04-10 09:27:44,977 - utils.alert_system - INFO - Alert cleared
2026-04-10 09:27:45,047 - utils.alert_system - INFO - Alert cleared
2026-04-10 09:27:45,116 - utils.alert_system - INFO - Alert cleared
2026-04-10 09:27:45,198 - utils.alert_system - INFO - Alert cleared
2026-04-10 09:27:45,296 - utils.alert_system - INFO - Alert cleared
2026-04-10 09:27:45,380 - utils.alert_system - INFO - Alert cleared
2026-04-10 09:27:45,454 - utils.alert_system - INFO - Alert cleared
2026-04-10 09:27:45,549 - utils.alert_system - INFO - Alert cleared
2026-04-10 09:27:45,613 - utils.alert_system - INFO - Alert cleared
2026-04-10 09:27:45,681 - utils.alert_system - INFO - Alert cleared
2026-04-10 09:27:45,766 - utils.alert_system - INFO - Alert cleared
2026-04-10 09:27:45,831 - utils.alert_system - INFO - Alert cleared
2026-04-10 09:27:45,928 - utils.alert_system - INFO - Alert cleared
2026-04-10 09:27:46,006 - utils.alert_system - INFO - Alert cleared
2026-04-10 09:27:46,083 - utils.alert_system - INFO - Alert cleared
2026-04-10 09:27:46,184 - utils.alert_system - INFO - Alert cleared
2026-04-10 09:27:46,254 - utils.alert_system - INFO - Alert cleared
2026-04-10 09:27:46,316 - utils.alert_system - INFO - Alert cleared
2026-04-10 09:27:46,388 - utils.alert_system - INFO - Alert cleared
2026-04-10 09:27:46,488 - utils.alert_system - INFO - Alert cleared
2026-04-10 09:27:46,547 - utils.alert_system - INFO - Alert cleared
2026-04-10 09:27:46,630 - utils.alert_system - INFO - Alert cleared
2026-04-10 09:27:46,705 - utils.alert_system - INFO - Alert cleared
2026-04-10 09:27:46,801 - utils.alert_system - INFO - Alert cleared
2026-04-10 09:27:46,863 - utils.alert_system - INFO - Alert cleared
2026-04-10 09:27:46,948 - utils.alert_system - INFO - Alert cleared
2026-04-10 09:27:47,031 - utils.alert_system - INFO - Alert cleared
2026-04-10 09:27:47,111 - utils.alert_system - INFO - Alert cleared
2026-04-10 09:27:47,192 - utils.alert_system - INFO - Alert cleared
2026-04-10 09:27:47,275 - utils.alert_system - INFO - Alert cleared
2026-04-10 09:27:47,338 - utils.alert_system - INFO - Alert cleared
2026-04-10 09:27:47,397 - utils.alert_system - INFO - Alert cleared
2026-04-10 09:27:47,478 - utils.alert_system - INFO - Alert cleared
2026-04-10 09:27:47,568 - utils.alert_system - INFO - Alert cleared
2026-04-10 09:27:47,647 - utils.alert_system - INFO - Alert cleared
2026-04-10 09:27:47,738 - utils.alert_system - INFO - Alert cleared
2026-04-10 09:27:47,828 - utils.alert_system - INFO - Alert cleared
2026-04-10 09:27:47,916 - utils.alert_system - INFO - Alert cleared
2026-04-10 09:27:47,981 - utils.alert_system - INFO - Alert cleared
2026-04-10 09:27:48,055 - utils.alert_system - INFO - Alert cleared
2026-04-10 09:27:48,153 - utils.alert_system - INFO - Alert cleared
2026-04-10 09:27:48,263 - utils.alert_system - INFO - Alert cleared
2026-04-10 09:27:48,358 - utils.alert_system - INFO - Alert cleared
2026-04-10 09:27:48,445 - utils.alert_system - INFO - Alert cleared
2026-04-10 09:27:48,527 - utils.alert_system - INFO - Alert cleared
2026-04-10 09:27:48,597 - utils.alert_system - INFO - Alert cleared
2026-04-10 09:27:48,720 - utils.alert_system - INFO - Alert cleared
2026-04-10 09:27:48,812 - utils.alert_system - INFO - Alert cleared
2026-04-10 09:27:48,895 - utils.alert_system - INFO - Alert cleared
2026-04-10 09:27:48,985 - utils.alert_system - INFO - Alert cleared
2026-04-10 09:27:49,085 - utils.alert_system - INFO - Alert cleared
2026-04-10 09:27:49,178 - utils.alert_system - INFO - Alert cleared
2026-04-10 09:27:49,251 - utils.alert_system - INFO - Alert cleared
2026-04-10 09:27:49,322 - utils.alert_system - INFO - Alert cleared
2026-04-10 09:27:49,387 - utils.alert_system - INFO - Alert cleared
2026-04-10 09:27:49,478 - utils.alert_system - INFO - Alert cleared
2026-04-10 09:27:49,577 - utils.alert_system - INFO - Alert cleared
2026-04-10 09:27:49,684 - utils.alert_system - INFO - Alert cleared
2026-04-10 09:27:49,788 - utils.alert_system - INFO - Alert cleared
2026-04-10 09:27:49,881 - utils.alert_system - INFO - Alert cleared
2026-04-10 09:27:49,966 - utils.alert_system - INFO - Alert cleared
2026-04-10 09:27:50,084 - utils.alert_system - INFO - Alert cleared
2026-04-10 09:27:50,179 - utils.alert_system - INFO - Alert cleared
2026-04-10 09:27:50,290 - utils.alert_system - INFO - Alert cleared
2026-04-10 09:27:50,393 - utils.alert_system - INFO - Alert cleared
2026-04-10 09:27:50,484 - utils.alert_system - INFO - Alert cleared
2026-04-10 09:27:50,596 - utils.alert_system - INFO - Alert cleared
2026-04-10 09:27:50,685 - utils.alert_system - INFO - Alert cleared
2026-04-10 09:27:50,766 - utils.alert_system - INFO - Alert cleared
2026-04-10 09:27:50,828 - utils.alert_system - INFO - Alert cleared
2026-04-10 09:27:50,928 - utils.alert_system - INFO - Alert cleared
2026-04-10 09:27:51,010 - utils.alert_system - INFO - Alert cleared
2026-04-10 09:27:51,098 - utils.alert_system - INFO - Alert cleared
2026-04-10 09:27:51,150 - utils.alert_system - INFO - Alert cleared
2026-04-10 09:27:51,235 - utils.alert_system - INFO - Alert cleared
2026-04-10 09:27:51,328 - utils.alert_system - INFO - Alert cleared
2026-04-10 09:27:51,407 - utils.alert_system - INFO - Alert cleared
2026-04-10 09:27:51,481 - utils.alert_system - INFO - Alert cleared
2026-04-10 09:27:51,547 - utils.alert_system - INFO - Alert cleared
2026-04-10 09:27:51,647 - utils.alert_system - INFO - Alert cleared
2026-04-10 09:27:51,718 - utils.alert_system - INFO - Alert cleared
2026-04-10 09:27:51,799 - utils.alert_system - INFO - Alert cleared
2026-04-10 09:27:51,882 - utils.alert_system - INFO - Alert cleared
2026-04-10 09:27:51,982 - utils.alert_system - INFO - Alert cleared
2026-04-10 09:27:52,057 - utils.alert_system - INFO - Alert cleared
2026-04-10 09:27:52,150 - utils.alert_system - WARNING - Alert: WARNING | Distance: 16.2m | TTC: 1.9s
2026-04-10 09:27:52,666 - utils.alert_system - INFO - Alert cleared
2026-04-10 09:27:52,755 - utils.alert_system - INFO - Alert cleared
2026-04-10 09:27:53,047 - utils.alert_system - WARNING - Alert: DANGER | Distance: 14.9m | TTC: 1.8s
2026-04-10 09:27:53,148 - utils.alert_system - WARNING - Alert: DANGER | Distance: 14.6m | TTC: 1.8s
2026-04-10 09:27:53,268 - utils.alert_system - INFO - Alert cleared
2026-04-10 09:27:53,351 - utils.alert_system - WARNING - Alert: DANGER | Distance: 5.4m | TTC: 0.6s
2026-04-10 09:27:53,461 - utils.alert_system - INFO - Alert cleared
2026-04-10 09:27:53,549 - utils.alert_system - INFO - Alert cleared
2026-04-10 09:27:53,618 - utils.alert_system - INFO - Alert cleared
2026-04-10 09:27:53,728 - utils.alert_system - INFO - Alert cleared
2026-04-10 09:27:53,820 - utils.alert_system - INFO - Alert cleared
2026-04-10 09:27:53,930 - utils.alert_system - INFO - Alert cleared
2026-04-10 09:27:54,029 - utils.alert_system - INFO - Alert cleared
2026-04-10 09:27:54,120 - utils.alert_system - WARNING - Alert: DANGER | Distance: 13.3m | TTC: 1.6s
2026-04-10 09:27:54,200 - utils.alert_system - WARNING - Alert: DANGER | Distance: 12.2m | TTC: 1.5s
2026-04-10 09:27:54,278 - utils.alert_system - WARNING - Alert: DANGER | Distance: 10.9m | TTC: 1.3s
2026-04-10 09:27:54,368 - utils.alert_system - WARNING - Alert: DANGER | Distance: 9.8m | TTC: 1.2s
2026-04-10 09:27:54,560 - utils.alert_system - INFO - Alert cleared
2026-04-10 09:27:54,647 - utils.alert_system - WARNING - Alert: DANGER | Distance: 8.6m | TTC: 1.0s
2026-04-10 09:27:54,731 - utils.alert_system - WARNING - Alert: DANGER | Distance: 8.2m | TTC: 1.0s
2026-04-10 09:27:54,860 - utils.alert_system - INFO - Alert cleared
2026-04-10 09:27:54,937 - utils.alert_system - WARNING - Alert: DANGER | Distance: 7.8m | TTC: 0.9s
2026-04-10 09:27:55,048 - utils.alert_system - INFO - Alert cleared
2026-04-10 09:27:55,148 - utils.alert_system - WARNING - Alert: DANGER | Distance: 7.6m | TTC: 0.9s
2026-04-10 09:27:55,269 - utils.alert_system - INFO - Alert cleared
2026-04-10 09:27:55,353 - utils.alert_system - INFO - Alert cleared
2026-04-10 09:27:55,429 - utils.alert_system - INFO - Alert cleared
2026-04-10 09:27:55,509 - utils.alert_system - INFO - Alert cleared
2026-04-10 09:27:55,616 - utils.alert_system - INFO - Alert cleared
2026-04-10 09:27:55,697 - utils.alert_system - INFO - Alert cleared
2026-04-10 09:27:55,766 - utils.alert_system - INFO - Alert cleared
2026-04-10 09:27:55,836 - utils.alert_system - INFO - Alert cleared
2026-04-10 09:27:55,916 - utils.alert_system - INFO - Alert cleared
2026-04-10 09:27:56,012 - utils.alert_system - INFO - Alert cleared
2026-04-10 09:27:56,092 - utils.alert_system - INFO - Alert cleared
2026-04-10 09:27:56,169 - utils.alert_system - INFO - Alert cleared
2026-04-10 09:27:56,259 - utils.alert_system - INFO - Alert cleared
2026-04-10 09:27:56,344 - utils.alert_system - INFO - Alert cleared
2026-04-10 09:27:56,432 - utils.alert_system - INFO - Alert cleared
2026-04-10 09:27:56,528 - utils.alert_system - INFO - Alert cleared
2026-04-10 09:27:56,611 - utils.alert_system - INFO - Alert cleared
2026-04-10 09:27:56,697 - utils.alert_system - INFO - Alert cleared
2026-04-10 09:27:56,766 - utils.alert_system - INFO - Alert cleared
2026-04-10 09:27:56,861 - utils.alert_system - INFO - Alert cleared
2026-04-10 09:27:56,934 - utils.alert_system - INFO - Alert cleared
2026-04-10 09:27:57,030 - utils.alert_system - INFO - Alert cleared
2026-04-10 09:27:57,108 - utils.alert_system - INFO - Alert cleared
2026-04-10 09:27:57,181 - utils.alert_system - INFO - Alert cleared
2026-04-10 09:27:57,256 - utils.alert_system - INFO - Alert cleared
2026-04-10 09:27:57,349 - utils.alert_system - INFO - Alert cleared
2026-04-10 09:27:57,442 - utils.alert_system - INFO - Alert cleared
2026-04-10 09:27:57,514 - utils.alert_system - INFO - Alert cleared
2026-04-10 09:27:57,587 - utils.alert_system - INFO - Alert cleared
2026-04-10 09:27:57,651 - utils.alert_system - INFO - Alert cleared
2026-04-10 09:27:57,730 - utils.alert_system - INFO - Alert cleared
2026-04-10 09:27:57,793 - utils.alert_system - INFO - Alert cleared
2026-04-10 09:27:57,868 - utils.alert_system - INFO - Alert cleared
2026-04-10 09:27:57,947 - utils.alert_system - INFO - Alert cleared
2026-04-10 09:27:58,031 - utils.alert_system - INFO - Alert cleared
2026-04-10 09:27:58,101 - utils.alert_system - INFO - Alert cleared
2026-04-10 09:27:58,178 - utils.alert_system - INFO - Alert cleared
2026-04-10 09:27:58,259 - utils.alert_system - INFO - Alert cleared
2026-04-10 09:27:58,342 - utils.alert_system - INFO - Alert cleared
2026-04-10 09:27:58,425 - utils.alert_system - INFO - Alert cleared
2026-04-10 09:27:58,556 - utils.alert_system - INFO - Alert cleared
2026-04-10 09:27:58,631 - utils.alert_system - INFO - Alert cleared
2026-04-10 09:27:58,722 - utils.alert_system - INFO - Alert cleared
2026-04-10 09:27:58,804 - utils.alert_system - INFO - Alert cleared
2026-04-10 09:27:58,883 - utils.alert_system - INFO - Alert cleared
2026-04-10 09:27:58,958 - utils.alert_system - INFO - Alert cleared
2026-04-10 09:27:59,047 - utils.alert_system - INFO - Alert cleared
2026-04-10 09:27:59,139 - utils.alert_system - INFO - Alert cleared
2026-04-10 09:27:59,204 - utils.alert_system - INFO - Alert cleared
2026-04-10 09:27:59,286 - utils.alert_system - INFO - Alert cleared
2026-04-10 09:27:59,378 - utils.alert_system - INFO - Alert cleared
2026-04-10 09:27:59,456 - utils.alert_system - INFO - Alert cleared
2026-04-10 09:27:59,552 - utils.alert_system - INFO - Alert cleared
2026-04-10 09:27:59,638 - utils.alert_system - INFO - Alert cleared
2026-04-10 09:27:59,735 - utils.alert_system - INFO - Alert cleared
2026-04-10 09:27:59,828 - utils.alert_system - INFO - Alert cleared
2026-04-10 09:27:59,911 - utils.alert_system - INFO - Alert cleared
2026-04-10 09:28:00,016 - utils.alert_system - INFO - Alert cleared
2026-04-10 09:28:00,101 - utils.alert_system - INFO - Alert cleared
2026-04-10 09:28:00,166 - utils.alert_system - INFO - Alert cleared
2026-04-10 09:28:00,238 - utils.alert_system - INFO - Alert cleared
2026-04-10 09:28:00,322 - utils.alert_system - INFO - Alert cleared
2026-04-10 09:28:00,397 - utils.alert_system - INFO - Alert cleared
2026-04-10 09:28:00,500 - utils.alert_system - INFO - Alert cleared
2026-04-10 09:28:00,586 - utils.alert_system - INFO - Alert cleared
2026-04-10 09:28:00,666 - utils.alert_system - INFO - Alert cleared
2026-04-10 09:28:00,767 - utils.alert_system - INFO - Alert cleared
2026-04-10 09:28:00,848 - utils.alert_system - INFO - Alert cleared
2026-04-10 09:28:00,897 - utils.alert_system - INFO - Alert cleared
2026-04-10 09:28:00,978 - utils.alert_system - INFO - Alert cleared
2026-04-10 09:28:01,048 - utils.alert_system - INFO - Alert cleared
2026-04-10 09:28:01,144 - utils.alert_system - INFO - Alert cleared
2026-04-10 09:28:01,229 - utils.alert_system - INFO - Alert cleared
2026-04-10 09:28:01,298 - utils.alert_system - INFO - Alert cleared
2026-04-10 09:28:01,379 - utils.alert_system - INFO - Alert cleared
2026-04-10 09:28:01,466 - utils.alert_system - INFO - Alert cleared
2026-04-10 09:28:01,563 - utils.alert_system - INFO - Alert cleared
2026-04-10 09:28:01,666 - utils.alert_system - INFO - Alert cleared
2026-04-10 09:28:01,734 - utils.alert_system - INFO - Alert cleared
2026-04-10 09:28:01,817 - utils.alert_system - INFO - Alert cleared
2026-04-10 09:28:01,901 - utils.alert_system - INFO - Alert cleared
2026-04-10 09:28:01,979 - utils.alert_system - INFO - Alert cleared
2026-04-10 09:28:02,079 - utils.alert_system - INFO - Alert cleared
2026-04-10 09:28:02,178 - utils.alert_system - INFO - Alert cleared
2026-04-10 09:28:02,266 - utils.alert_system - INFO - Alert cleared
2026-04-10 09:28:02,359 - utils.alert_system - INFO - Alert cleared
2026-04-10 09:28:02,442 - utils.alert_system - INFO - Alert cleared
2026-04-10 09:28:02,516 - utils.alert_system - INFO - Alert cleared
2026-04-10 09:28:02,607 - utils.alert_system - INFO - Alert cleared
2026-04-10 09:28:02,678 - utils.alert_system - INFO - Alert cleared
2026-04-10 09:28:02,752 - utils.alert_system - INFO - Alert cleared
2026-04-10 09:28:02,828 - utils.alert_system - INFO - Alert cleared
2026-04-10 09:28:02,904 - utils.alert_system - INFO - Alert cleared
2026-04-10 09:28:02,983 - utils.alert_system - INFO - Alert cleared
2026-04-10 09:28:03,054 - utils.alert_system - INFO - Alert cleared
2026-04-10 09:28:03,129 - utils.alert_system - INFO - Alert cleared
2026-04-10 09:28:03,201 - utils.alert_system - INFO - Alert cleared
2026-04-10 09:28:03,301 - utils.alert_system - INFO - Alert cleared
2026-04-10 09:28:03,369 - utils.alert_system - INFO - Alert cleared
2026-04-10 09:28:03,451 - utils.alert_system - INFO - Alert cleared
2026-04-10 09:28:03,516 - utils.alert_system - INFO - Alert cleared
2026-04-10 09:28:03,658 - utils.alert_system - INFO - Alert cleared
2026-04-10 09:28:03,716 - utils.alert_system - INFO - Alert cleared
2026-04-10 09:28:03,793 - utils.alert_system - INFO - Alert cleared
2026-04-10 09:28:03,863 - utils.alert_system - INFO - Alert cleared
2026-04-10 09:28:03,928 - utils.alert_system - INFO - Alert cleared
2026-04-10 09:28:04,016 - utils.alert_system - INFO - Alert cleared
2026-04-10 09:28:04,093 - utils.alert_system - INFO - Alert cleared
2026-04-10 09:28:04,170 - utils.alert_system - INFO - Alert cleared
2026-04-10 09:28:04,260 - utils.alert_system - INFO - Alert cleared
2026-04-10 09:28:04,344 - utils.alert_system - INFO - Alert cleared
2026-04-10 09:28:04,421 - utils.alert_system - INFO - Alert cleared
2026-04-10 09:28:04,497 - utils.alert_system - INFO - Alert cleared
2026-04-10 09:28:04,551 - utils.alert_system - INFO - Alert cleared
2026-04-10 09:28:04,650 - utils.alert_system - INFO - Alert cleared
2026-04-10 09:28:04,734 - utils.alert_system - INFO - Alert cleared
2026-04-10 09:28:04,817 - utils.alert_system - INFO - Alert cleared
2026-04-10 09:28:04,897 - utils.alert_system - INFO - Alert cleared
2026-04-10 09:28:04,971 - utils.alert_system - INFO - Alert cleared
2026-04-10 09:28:05,052 - utils.alert_system - INFO - Alert cleared
2026-04-10 09:28:05,130 - utils.alert_system - INFO - Alert cleared
2026-04-10 09:28:05,209 - utils.alert_system - INFO - Alert cleared
2026-04-10 09:28:05,288 - utils.alert_system - INFO - Alert cleared
2026-04-10 09:28:05,351 - utils.alert_system - INFO - Alert cleared
2026-04-10 09:28:05,406 - utils.alert_system - INFO - Alert cleared
2026-04-10 09:28:05,479 - utils.alert_system - INFO - Alert cleared
2026-04-10 09:28:05,547 - utils.alert_system - INFO - Alert cleared
2026-04-10 09:28:05,628 - utils.alert_system - INFO - Alert cleared
2026-04-10 09:28:05,707 - utils.alert_system - INFO - Alert cleared
2026-04-10 09:28:05,783 - utils.alert_system - INFO - Alert cleared
2026-04-10 09:28:05,868 - utils.alert_system - INFO - Alert cleared
2026-04-10 09:28:05,947 - utils.alert_system - INFO - Alert cleared
2026-04-10 09:28:06,028 - utils.alert_system - INFO - Alert cleared
2026-04-10 09:28:06,109 - utils.alert_system - INFO - Alert cleared
2026-04-10 09:28:06,187 - utils.alert_system - INFO - Alert cleared
2026-04-10 09:28:06,268 - utils.alert_system - INFO - Alert cleared
2026-04-10 09:28:06,328 - utils.alert_system - INFO - Alert cleared
2026-04-10 09:28:06,408 - utils.alert_system - INFO - Alert cleared
2026-04-10 09:28:06,493 - utils.alert_system - INFO - Alert cleared
2026-04-10 09:28:06,574 - utils.alert_system - INFO - Alert cleared
2026-04-10 09:28:06,658 - utils.alert_system - INFO - Alert cleared
2026-04-10 09:28:06,743 - utils.alert_system - INFO - Alert cleared
2026-04-10 09:28:06,827 - utils.alert_system - INFO - Alert cleared
2026-04-10 09:28:06,911 - utils.alert_system - INFO - Alert cleared
2026-04-10 09:28:06,985 - utils.alert_system - INFO - Alert cleared
2026-04-10 09:28:07,069 - utils.alert_system - INFO - Alert cleared
2026-04-10 09:28:07,133 - utils.alert_system - INFO - Alert cleared
2026-04-10 09:28:07,237 - utils.alert_system - INFO - Alert cleared
2026-04-10 09:28:07,321 - utils.alert_system - INFO - Alert cleared
2026-04-10 09:28:07,425 - utils.alert_system - INFO - Alert cleared
2026-04-10 09:28:07,503 - utils.alert_system - INFO - Alert cleared
2026-04-10 09:28:07,571 - utils.alert_system - INFO - Alert cleared
2026-04-10 09:28:07,638 - utils.alert_system - INFO - Alert cleared
2026-04-10 09:28:07,718 - utils.alert_system - INFO - Alert cleared
2026-04-10 09:28:07,799 - utils.alert_system - INFO - Alert cleared
2026-04-10 09:28:07,878 - utils.alert_system - INFO - Alert cleared
2026-04-10 09:28:07,976 - utils.alert_system - INFO - Alert cleared
2026-04-10 09:28:08,047 - utils.alert_system - INFO - Alert cleared
2026-04-10 09:28:08,116 - utils.alert_system - INFO - Alert cleared
2026-04-10 09:28:08,178 - utils.alert_system - INFO - Alert cleared
2026-04-10 09:28:08,251 - utils.alert_system - INFO - Alert cleared
2026-04-10 09:28:08,355 - utils.alert_system - INFO - Alert cleared
2026-04-10 09:28:08,428 - utils.alert_system - INFO - Alert cleared
2026-04-10 09:28:08,490 - utils.alert_system - INFO - Alert cleared
2026-04-10 09:28:08,580 - utils.alert_system - INFO - Alert cleared
2026-04-10 09:28:08,647 - utils.alert_system - INFO - Alert cleared
2026-04-10 09:28:08,733 - utils.alert_system - INFO - Alert cleared
2026-04-10 09:28:08,799 - utils.alert_system - INFO - Alert cleared
2026-04-10 09:28:08,868 - utils.alert_system - INFO - Alert cleared
2026-04-10 09:28:08,936 - utils.alert_system - INFO - Alert cleared
2026-04-10 09:28:09,025 - utils.alert_system - INFO - Alert cleared
2026-04-10 09:28:09,121 - utils.alert_system - INFO - Alert cleared
2026-04-10 09:28:09,183 - utils.alert_system - INFO - Alert cleared
2026-04-10 09:28:09,268 - utils.alert_system - INFO - Alert cleared
2026-04-10 09:28:09,350 - utils.alert_system - INFO - Alert cleared
2026-04-10 09:28:09,439 - utils.alert_system - INFO - Alert cleared
2026-04-10 09:28:09,516 - utils.alert_system - INFO - Alert cleared
2026-04-10 09:28:09,578 - utils.alert_system - INFO - Alert cleared
2026-04-10 09:28:09,655 - utils.alert_system - INFO - Alert cleared
2026-04-10 09:28:09,731 - utils.alert_system - INFO - Alert cleared
2026-04-10 09:28:09,809 - utils.alert_system - INFO - Alert cleared
2026-04-10 09:28:09,866 - utils.alert_system - INFO - Alert cleared
2026-04-10 09:28:09,955 - utils.alert_system - INFO - Alert cleared
2026-04-10 09:28:10,032 - utils.alert_system - INFO - Alert cleared
2026-04-10 09:28:10,124 - utils.alert_system - INFO - Alert cleared
2026-04-10 09:28:10,181 - utils.alert_system - INFO - Alert cleared
2026-04-10 09:28:10,280 - utils.alert_system - INFO - Alert cleared
2026-04-10 09:28:10,331 - utils.alert_system - INFO - Alert cleared
2026-04-10 09:28:10,428 - utils.alert_system - INFO - Alert cleared
2026-04-10 09:28:10,560 - utils.alert_system - INFO - Alert cleared
2026-04-10 09:28:10,648 - utils.alert_system - INFO - Alert cleared
2026-04-10 09:28:10,727 - utils.alert_system - INFO - Alert cleared
2026-04-10 09:28:10,805 - utils.alert_system - INFO - Alert cleared
2026-04-10 09:28:10,882 - utils.alert_system - INFO - Alert cleared
2026-04-10 09:28:10,957 - utils.alert_system - INFO - Alert cleared
2026-04-10 09:28:11,047 - utils.alert_system - INFO - Alert cleared
2026-04-10 09:28:11,149 - utils.alert_system - INFO - Alert cleared
2026-04-10 09:28:11,228 - utils.alert_system - INFO - Alert cleared
2026-04-10 09:28:11,317 - utils.alert_system - INFO - Alert cleared
2026-04-10 09:28:11,380 - utils.alert_system - INFO - Alert cleared
2026-04-10 09:28:11,456 - utils.alert_system - INFO - Alert cleared
2026-04-10 09:28:11,517 - utils.alert_system - INFO - Alert cleared
2026-04-10 09:28:11,617 - utils.alert_system - INFO - Alert cleared
2026-04-10 09:28:11,699 - utils.alert_system - INFO - Alert cleared
2026-04-10 09:28:11,782 - utils.alert_system - INFO - Alert cleared
2026-04-10 09:28:11,858 - utils.alert_system - INFO - Alert cleared
2026-04-10 09:28:11,933 - utils.alert_system - INFO - Alert cleared
2026-04-10 09:28:12,007 - utils.alert_system - INFO - Alert cleared
2026-04-10 09:28:12,066 - utils.alert_system - INFO - Alert cleared
2026-04-10 09:28:12,166 - utils.alert_system - INFO - Alert cleared
2026-04-10 09:28:12,254 - utils.alert_system - INFO - Alert cleared
2026-04-10 09:28:12,329 - utils.alert_system - INFO - Alert cleared
2026-04-10 09:28:12,428 - utils.alert_system - INFO - Alert cleared
2026-04-10 09:28:12,508 - utils.alert_system - INFO - Alert cleared
2026-04-10 09:28:12,580 - utils.alert_system - INFO - Alert cleared
2026-04-10 09:28:12,649 - utils.alert_system - INFO - Alert cleared
2026-04-10 09:28:12,739 - utils.alert_system - INFO - Alert cleared
2026-04-10 09:28:12,819 - utils.alert_system - INFO - Alert cleared
2026-04-10 09:28:12,880 - utils.alert_system - INFO - Alert cleared
2026-04-10 09:28:12,947 - utils.alert_system - INFO - Alert cleared
2026-04-10 09:28:13,035 - utils.alert_system - INFO - Alert cleared
2026-04-10 09:28:13,124 - utils.alert_system - INFO - Alert cleared
2026-04-10 09:28:13,200 - utils.alert_system - INFO - Alert cleared
2026-04-10 09:28:13,278 - utils.alert_system - INFO - Alert cleared
2026-04-10 09:28:13,348 - utils.alert_system - INFO - Alert cleared
2026-04-10 09:28:13,416 - utils.alert_system - INFO - Alert cleared
2026-04-10 09:28:13,478 - utils.alert_system - INFO - Alert cleared
2026-04-10 09:28:13,567 - utils.alert_system - INFO - Alert cleared
2026-04-10 09:28:13,678 - utils.alert_system - INFO - Alert cleared
2026-04-10 09:28:13,762 - utils.alert_system - INFO - Alert cleared
2026-04-10 09:28:13,843 - utils.alert_system - INFO - Alert cleared
2026-04-10 09:28:13,912 - utils.alert_system - INFO - Alert cleared
2026-04-10 09:28:13,997 - utils.alert_system - INFO - Alert cleared
2026-04-10 09:28:14,048 - utils.alert_system - INFO - Alert cleared
2026-04-10 09:28:14,116 - utils.alert_system - INFO - Alert cleared
2026-04-10 09:28:14,199 - utils.alert_system - INFO - Alert cleared
2026-04-10 09:28:14,278 - utils.alert_system - INFO - Alert cleared
2026-04-10 09:28:14,348 - utils.alert_system - INFO - Alert cleared
2026-04-10 09:28:14,428 - utils.alert_system - INFO - Alert cleared
2026-04-10 09:28:14,516 - utils.alert_system - INFO - Alert cleared
2026-04-10 09:28:14,569 - utils.alert_system - INFO - Alert cleared
2026-04-10 09:28:14,638 - utils.alert_system - INFO - Alert cleared
2026-04-10 09:28:14,730 - utils.alert_system - INFO - Alert cleared
2026-04-10 09:28:14,816 - utils.alert_system - INFO - Alert cleared
2026-04-10 09:28:14,877 - utils.alert_system - INFO - Alert cleared
2026-04-10 09:28:14,954 - utils.alert_system - INFO - Alert cleared
2026-04-10 09:28:15,016 - utils.alert_system - INFO - Alert cleared
2026-04-10 09:28:15,095 - utils.alert_system - INFO - Alert cleared
2026-04-10 09:28:15,166 - utils.alert_system - INFO - Alert cleared
2026-04-10 09:28:15,252 - utils.alert_system - INFO - Alert cleared
2026-04-10 09:28:15,330 - utils.alert_system - INFO - Alert cleared
2026-04-10 09:28:15,409 - utils.alert_system - INFO - Alert cleared
2026-04-10 09:28:15,468 - utils.alert_system - INFO - Alert cleared
2026-04-10 09:28:15,535 - utils.alert_system - INFO - Alert cleared
2026-04-10 09:28:15,620 - utils.alert_system - INFO - Alert cleared
2026-04-10 09:28:15,703 - utils.alert_system - INFO - Alert cleared
2026-04-10 09:28:15,779 - utils.alert_system - INFO - Alert cleared
2026-04-10 09:28:15,849 - utils.alert_system - INFO - Alert cleared
2026-04-10 09:28:15,939 - utils.alert_system - INFO - Alert cleared
2026-04-10 09:28:16,024 - utils.alert_system - INFO - Alert cleared
2026-04-10 09:28:16,105 - utils.alert_system - INFO - Alert cleared
2026-04-10 09:28:16,187 - utils.alert_system - INFO - Alert cleared
2026-04-10 09:28:16,266 - utils.alert_system - INFO - Alert cleared
2026-04-10 09:28:16,331 - utils.alert_system - INFO - Alert cleared
2026-04-10 09:28:16,417 - utils.alert_system - INFO - Alert cleared
2026-04-10 09:28:16,477 - utils.alert_system - INFO - Alert cleared
2026-04-10 09:28:16,578 - utils.alert_system - INFO - Alert cleared
2026-04-10 09:28:16,657 - utils.alert_system - INFO - Alert cleared
2026-04-10 09:28:16,734 - utils.alert_system - INFO - Alert cleared
2026-04-10 09:28:16,801 - utils.alert_system - INFO - Alert cleared
2026-04-10 09:28:16,937 - utils.alert_system - INFO - Alert cleared
2026-04-10 09:28:17,027 - utils.alert_system - INFO - Alert cleared
2026-04-10 09:28:17,084 - utils.alert_system - INFO - Alert cleared
2026-04-10 09:28:17,166 - utils.alert_system - INFO - Alert cleared
2026-04-10 09:28:17,243 - utils.alert_system - INFO - Alert cleared
2026-04-10 09:28:17,327 - utils.alert_system - INFO - Alert cleared
2026-04-10 09:28:17,399 - utils.alert_system - INFO - Alert cleared
2026-04-10 09:28:17,486 - utils.alert_system - INFO - Alert cleared
2026-04-10 09:28:17,578 - utils.alert_system - INFO - Alert cleared
2026-04-10 09:28:17,647 - utils.alert_system - INFO - Alert cleared
2026-04-10 09:28:17,729 - utils.alert_system - INFO - Alert cleared
2026-04-10 09:28:17,816 - utils.alert_system - INFO - Alert cleared
2026-04-10 09:28:17,884 - utils.alert_system - INFO - Alert cleared
2026-04-10 09:28:17,960 - utils.alert_system - INFO - Alert cleared
2026-04-10 09:28:18,035 - utils.alert_system - INFO - Alert cleared
2026-04-10 09:28:18,138 - utils.alert_system - INFO - Alert cleared
2026-04-10 09:28:18,197 - utils.alert_system - INFO - Alert cleared
2026-04-10 09:28:18,283 - utils.alert_system - INFO - Alert cleared
2026-04-10 09:28:18,368 - utils.alert_system - INFO - Alert cleared
2026-04-10 09:28:18,450 - utils.alert_system - INFO - Alert cleared
2026-04-10 09:28:18,517 - utils.alert_system - INFO - Alert cleared
2026-04-10 09:28:18,576 - utils.alert_system - INFO - Alert cleared
2026-04-10 09:28:18,635 - utils.alert_system - INFO - Alert cleared
2026-04-10 09:28:18,724 - utils.alert_system - INFO - Alert cleared
2026-04-10 09:28:18,806 - utils.alert_system - INFO - Alert cleared
2026-04-10 09:28:18,891 - utils.alert_system - INFO - Alert cleared
2026-04-10 09:28:18,969 - utils.alert_system - INFO - Alert cleared
2026-04-10 09:28:19,048 - utils.alert_system - INFO - Alert cleared
2026-04-10 09:28:19,153 - utils.alert_system - INFO - Alert cleared
2026-04-10 09:28:19,232 - utils.alert_system - INFO - Alert cleared
2026-04-10 09:28:19,316 - utils.alert_system - INFO - Alert cleared
2026-04-10 09:28:19,397 - utils.alert_system - INFO - Alert cleared
2026-04-10 09:28:19,485 - utils.alert_system - INFO - Alert cleared
2026-04-10 09:28:19,548 - utils.alert_system - INFO - Alert cleared
2026-04-10 09:28:19,629 - utils.alert_system - INFO - Alert cleared
2026-04-10 09:28:19,729 - utils.alert_system - INFO - Alert cleared
2026-04-10 09:28:19,830 - utils.alert_system - INFO - Alert cleared
2026-04-10 09:28:19,916 - utils.alert_system - INFO - Alert cleared
2026-04-10 09:28:19,979 - utils.alert_system - INFO - Alert cleared
2026-04-10 09:28:20,067 - utils.alert_system - INFO - Alert cleared
2026-04-10 09:28:20,181 - utils.alert_system - INFO - Alert cleared
2026-04-10 09:28:20,249 - utils.alert_system - INFO - Alert cleared
2026-04-10 09:28:20,317 - utils.alert_system - INFO - Alert cleared
2026-04-10 09:28:20,375 - utils.alert_system - INFO - Alert cleared
2026-04-10 09:28:20,451 - utils.alert_system - INFO - Alert cleared
2026-04-10 09:28:20,530 - utils.alert_system - INFO - Alert cleared
2026-04-10 09:28:20,602 - utils.alert_system - INFO - Alert cleared
2026-04-10 09:28:20,702 - utils.alert_system - INFO - Alert cleared
2026-04-10 09:28:20,798 - utils.alert_system - INFO - Alert cleared
2026-04-10 09:28:20,867 - utils.alert_system - INFO - Alert cleared
2026-04-10 09:28:20,933 - utils.alert_system - INFO - Alert cleared
2026-04-10 09:28:21,016 - utils.alert_system - INFO - Alert cleared
2026-04-10 09:28:21,090 - utils.alert_system - INFO - Alert cleared
2026-04-10 09:28:21,179 - utils.alert_system - INFO - Alert cleared
2026-04-10 09:28:21,399 - utils.alert_system - INFO - Alert cleared
2026-04-10 09:28:21,466 - utils.alert_system - INFO - Alert cleared
2026-04-10 09:28:21,555 - utils.alert_system - INFO - Alert cleared
2026-04-10 09:28:21,634 - utils.alert_system - INFO - Alert cleared
2026-04-10 09:28:21,710 - utils.alert_system - INFO - Alert cleared
2026-04-10 09:28:21,786 - utils.alert_system - INFO - Alert cleared
2026-04-10 09:28:21,867 - utils.alert_system - INFO - Alert cleared
2026-04-10 09:28:22,187 - utils.alert_system - INFO - Alert cleared
2026-04-10 09:28:22,304 - utils.alert_system - INFO - Alert cleared
2026-04-10 09:28:22,384 - utils.alert_system - INFO - Alert cleared
2026-04-10 09:28:22,468 - utils.alert_system - INFO - Alert cleared
2026-04-10 09:28:22,551 - utils.alert_system - INFO - Alert cleared
2026-04-10 09:28:22,616 - utils.alert_system - INFO - Alert cleared
2026-04-10 09:28:22,742 - utils.alert_system - INFO - Alert cleared
2026-04-10 09:28:22,835 - utils.alert_system - INFO - Alert cleared
2026-04-10 09:28:22,919 - utils.alert_system - INFO - Alert cleared
2026-04-10 09:28:23,002 - utils.alert_system - INFO - Alert cleared
2026-04-10 09:28:23,073 - utils.alert_system - INFO - Alert cleared
2026-04-10 09:28:23,151 - utils.alert_system - INFO - Alert cleared
2026-04-10 09:28:23,245 - utils.alert_system - INFO - Alert cleared
2026-04-10 09:28:23,328 - utils.alert_system - INFO - Alert cleared
2026-04-10 09:28:23,385 - utils.alert_system - INFO - Alert cleared
2026-04-10 09:28:23,484 - utils.alert_system - INFO - Alert cleared
2026-04-10 09:28:23,578 - utils.alert_system - INFO - Alert cleared
2026-04-10 09:28:23,660 - utils.alert_system - INFO - Alert cleared
2026-04-10 09:28:23,750 - utils.alert_system - INFO - Alert cleared
2026-04-10 09:28:23,816 - utils.alert_system - INFO - Alert cleared
2026-04-10 09:28:23,897 - utils.alert_system - INFO - Alert cleared
2026-04-10 09:28:23,981 - utils.alert_system - INFO - Alert cleared
2026-04-10 09:28:24,052 - utils.alert_system - INFO - Alert cleared
2026-04-10 09:28:24,128 - utils.alert_system - INFO - Alert cleared
2026-04-10 09:28:24,199 - utils.alert_system - INFO - Alert cleared
2026-04-10 09:28:24,281 - utils.alert_system - INFO - Alert cleared
2026-04-10 09:28:24,351 - utils.alert_system - INFO - Alert cleared
2026-04-10 09:28:24,430 - utils.alert_system - INFO - Alert cleared
2026-04-10 09:28:24,508 - utils.alert_system - INFO - Alert cleared
2026-04-10 09:28:24,597 - utils.alert_system - INFO - Alert cleared
2026-04-10 09:28:24,698 - utils.alert_system - INFO - Alert cleared
2026-04-10 09:28:24,792 - utils.alert_system - INFO - Alert cleared
2026-04-10 09:28:24,880 - utils.alert_system - INFO - Alert cleared
2026-04-10 09:28:24,966 - utils.alert_system - INFO - Alert cleared
2026-04-10 09:28:25,052 - utils.alert_system - INFO - Alert cleared
2026-04-10 09:28:25,110 - utils.alert_system - INFO - Alert cleared
2026-04-10 09:28:25,297 - utils.alert_system - INFO - Alert cleared
2026-04-10 09:28:25,399 - utils.alert_system - INFO - Alert cleared
2026-04-10 09:28:25,468 - utils.alert_system - INFO - Alert cleared
2026-04-10 09:28:25,530 - utils.alert_system - INFO - Alert cleared
2026-04-10 09:28:25,628 - utils.alert_system - INFO - Alert cleared
2026-04-10 09:28:25,708 - utils.alert_system - INFO - Alert cleared
2026-04-10 09:28:25,805 - utils.alert_system - INFO - Alert cleared
2026-04-10 09:28:25,909 - utils.alert_system - INFO - Alert cleared
2026-04-10 09:28:25,982 - utils.alert_system - INFO - Alert cleared
2026-04-10 09:28:26,073 - utils.alert_system - INFO - Alert cleared
2026-04-10 09:28:26,148 - utils.alert_system - INFO - Alert cleared
2026-04-10 09:28:26,231 - utils.alert_system - INFO - Alert cleared
2026-04-10 09:28:26,316 - utils.alert_system - INFO - Alert cleared
2026-04-10 09:28:26,329 - __main__ - INFO - End of video stream
2026-04-10 09:28:26,329 - __main__ - INFO - Cleaning up...
2026-04-10 09:28:26,330 - utils.alert_system - INFO - Alert cleared
2026-04-10 09:28:26,330 - utils.alert_system - INFO - Alert system cleaned up
2026-04-10 09:28:26,330 - utils.speed_monitor - INFO - Stopped speed monitoring
2026-04-10 09:28:26,330 - __main__ - INFO - ==================================================
2026-04-10 09:28:26,330 - __main__ - INFO - Session Summary:
2026-04-10 09:28:26,330 - __main__ - INFO - ==================================================
2026-04-10 09:28:26,330 - __main__ - INFO -   session_id: 20260410_092705
2026-04-10 09:28:26,330 - __main__ - INFO -   duration: 81.19066429138184
2026-04-10 09:28:26,330 - __main__ - INFO -   total_frames: 930
2026-04-10 09:28:26,330 - __main__ - INFO -   total_detections: 14
2026-04-10 09:28:26,330 - __main__ - INFO -   alerts_triggered: 0
2026-04-10 09:28:26,330 - __main__ - INFO -   average_speed: 38.27956989247312
2026-04-10 09:28:26,330 - __main__ - INFO -   top_detected: [('cow', 13), ('dog', 1)]
2026-04-10 09:28:26,330 - utils.data_logger - INFO - Session saved: 20260410_092705
2026-04-10 09:28:26,337 - utils.data_logger - INFO -   Frames: 930
2026-04-10 09:28:26,337 - utils.data_logger - INFO -   Detections: 14
2026-04-10 09:28:26,337 - utils.data_logger - INFO -   Alerts: 0
2026-04-10 09:28:26,340 - __main__ - INFO - Cleanup complete
2026-04-10 09:32:54,832 - __main__ - INFO - ==================================================
2026-04-10 09:32:54,832 - __main__ - INFO - Animal Collision Avoidance System Initializing
2026-04-10 09:32:54,832 - __main__ - INFO - ==================================================
2026-04-10 09:32:54,832 - __main__ - INFO - Loading model: C:\Users\Ranjith S\Desktop\New folder\New folder\models\yolov8n.pt
2026-04-10 09:32:54,832 - models.detector - INFO - Using device: cpu
2026-04-10 09:32:54,855 - models.detector - INFO - Model loaded from C:\Users\Ranjith S\Desktop\New folder\New folder\models\yolov8n.pt
2026-04-10 09:32:54,855 - utils.speed_monitor - INFO - Speed monitor initialized: source=simulation, default=30.0 km/h
2026-04-10 09:32:54,858 - utils.data_logger - INFO - Data logger initialized: session=20260410_093254
2026-04-10 09:32:54,860 - __main__ - INFO - Video output: C:\Users\Ranjith S\Desktop\New folder\New folder\data\output_videos\output_20260410_093254.mp4
2026-04-10 09:32:54,860 - __main__ - INFO - System initialization complete
2026-04-10 09:32:54,870 - __main__ - INFO - System started with source: WhatsApp Video 2026-04-10 at 9.17.37 AM.mp4
2026-04-10 09:32:54,870 - __main__ - INFO - Resolution: 640x360
2026-04-10 09:32:54,870 - __main__ - INFO - Video FPS: 30.00
2026-04-10 09:32:54,870 - __main__ - INFO - Press 'q' to quit, 'p' to pause, '+/-' to adjust speed
2026-04-10 09:32:54,870 - __main__ - INFO - Press 's' to save screenshot, 'r' to reset stats
2026-04-10 09:32:56,697 - utils.alert_system - INFO - Alert cleared
2026-04-10 09:32:56,861 - utils.alert_system - INFO - Alert cleared
2026-04-10 09:32:56,930 - utils.alert_system - INFO - Alert cleared
2026-04-10 09:32:57,035 - utils.alert_system - INFO - Alert cleared
2026-04-10 09:32:57,139 - utils.alert_system - INFO - Alert cleared
2026-04-10 09:32:57,236 - utils.alert_system - INFO - Alert cleared
2026-04-10 09:32:57,352 - utils.alert_system - INFO - Alert cleared
2026-04-10 09:32:57,448 - utils.alert_system - INFO - Alert cleared
2026-04-10 09:32:57,533 - utils.alert_system - INFO - Alert cleared
2026-04-10 09:32:57,632 - utils.alert_system - INFO - Alert cleared
2026-04-10 09:32:57,706 - utils.alert_system - INFO - Alert cleared
2026-04-10 09:32:57,800 - utils.alert_system - INFO - Alert cleared
2026-04-10 09:32:57,877 - utils.alert_system - INFO - Alert cleared
2026-04-10 09:32:57,966 - utils.alert_system - INFO - Alert cleared
2026-04-10 09:32:58,098 - utils.alert_system - INFO - Alert cleared
2026-04-10 09:32:58,178 - utils.alert_system - INFO - Alert cleared
2026-04-10 09:32:58,250 - utils.alert_system - INFO - Alert cleared
2026-04-10 09:32:58,335 - utils.alert_system - INFO - Alert cleared
2026-04-10 09:32:58,481 - utils.alert_system - INFO - Alert cleared
2026-04-10 09:32:58,617 - utils.alert_system - INFO - Alert cleared
2026-04-10 09:32:58,767 - utils.alert_system - INFO - Alert cleared
2026-04-10 09:32:58,866 - utils.alert_system - INFO - Alert cleared
2026-04-10 09:32:58,951 - utils.alert_system - INFO - Alert cleared
2026-04-10 09:32:59,051 - utils.alert_system - INFO - Alert cleared
2026-04-10 09:32:59,228 - utils.alert_system - INFO - Alert cleared
2026-04-10 09:32:59,348 - utils.alert_system - INFO - Alert cleared
2026-04-10 09:32:59,440 - utils.alert_system - INFO - Alert cleared
2026-04-10 09:32:59,527 - utils.alert_system - INFO - Alert cleared
2026-04-10 09:32:59,604 - utils.alert_system - INFO - Alert cleared
2026-04-10 09:32:59,692 - utils.alert_system - INFO - Alert cleared
2026-04-10 09:32:59,782 - utils.alert_system - INFO - Alert cleared
2026-04-10 09:32:59,898 - utils.alert_system - INFO - Alert cleared
2026-04-10 09:33:00,008 - utils.alert_system - INFO - Alert cleared
2026-04-10 09:33:00,098 - utils.alert_system - INFO - Alert cleared
2026-04-10 09:33:00,198 - utils.alert_system - INFO - Alert cleared
2026-04-10 09:33:00,297 - utils.alert_system - INFO - Alert cleared
2026-04-10 09:33:00,416 - utils.alert_system - INFO - Alert cleared
2026-04-10 09:33:00,498 - utils.alert_system - INFO - Alert cleared
2026-04-10 09:33:00,591 - utils.alert_system - INFO - Alert cleared
2026-04-10 09:33:00,696 - utils.alert_system - INFO - Alert cleared
2026-04-10 09:33:00,821 - utils.alert_system - INFO - Alert cleared
2026-04-10 09:33:00,903 - utils.alert_system - INFO - Alert cleared
2026-04-10 09:33:01,047 - utils.alert_system - INFO - Alert cleared
2026-04-10 09:33:01,127 - utils.alert_system - INFO - Alert cleared
2026-04-10 09:33:01,217 - utils.alert_system - INFO - Alert cleared
2026-04-10 09:33:01,321 - utils.alert_system - INFO - Alert cleared
2026-04-10 09:33:01,399 - utils.alert_system - INFO - Alert cleared
2026-04-10 09:33:01,481 - utils.alert_system - INFO - Alert cleared
2026-04-10 09:33:01,598 - utils.alert_system - INFO - Alert cleared
2026-04-10 09:33:01,680 - utils.alert_system - INFO - Alert cleared
2026-04-10 09:33:01,778 - utils.alert_system - INFO - Alert cleared
2026-04-10 09:33:01,880 - utils.alert_system - INFO - Alert cleared
2026-04-10 09:33:01,977 - utils.alert_system - INFO - Alert cleared
2026-04-10 09:33:02,100 - utils.alert_system - INFO - Alert cleared
2026-04-10 09:33:02,189 - utils.alert_system - INFO - Alert cleared
2026-04-10 09:33:02,297 - utils.alert_system - INFO - Alert cleared
2026-04-10 09:33:02,387 - utils.alert_system - INFO - Alert cleared
2026-04-10 09:33:02,482 - utils.alert_system - INFO - Alert cleared
2026-04-10 09:33:02,578 - utils.alert_system - INFO - Alert cleared
2026-04-10 09:33:02,699 - utils.alert_system - INFO - Alert cleared
2026-04-10 09:33:02,787 - utils.alert_system - INFO - Alert cleared
2026-04-10 09:33:02,878 - utils.alert_system - INFO - Alert cleared
2026-04-10 09:33:02,948 - utils.alert_system - INFO - Alert cleared
2026-04-10 09:33:03,058 - utils.alert_system - INFO - Alert cleared
2026-04-10 09:33:03,146 - utils.alert_system - INFO - Alert cleared
2026-04-10 09:33:03,248 - utils.alert_system - INFO - Alert cleared
2026-04-10 09:33:03,333 - utils.alert_system - INFO - Alert cleared
2026-04-10 09:33:03,437 - utils.alert_system - INFO - Alert cleared
2026-04-10 09:33:03,517 - utils.alert_system - INFO - Alert cleared
2026-04-10 09:33:03,583 - utils.alert_system - INFO - Alert cleared
2026-04-10 09:33:03,691 - utils.alert_system - INFO - Alert cleared
2026-04-10 09:33:03,808 - utils.alert_system - INFO - Alert cleared
2026-04-10 09:33:03,906 - utils.alert_system - INFO - Alert cleared
2026-04-10 09:33:03,998 - utils.alert_system - INFO - Alert cleared
2026-04-10 09:33:04,083 - utils.alert_system - INFO - Alert cleared
2026-04-10 09:33:04,180 - utils.alert_system - INFO - Alert cleared
2026-04-10 09:33:04,272 - utils.alert_system - INFO - Alert cleared
2026-04-10 09:33:04,366 - utils.alert_system - INFO - Alert cleared
2026-04-10 09:33:04,461 - utils.alert_system - INFO - Alert cleared
2026-04-10 09:33:04,566 - utils.alert_system - INFO - Alert cleared
2026-04-10 09:33:04,661 - utils.alert_system - INFO - Alert cleared
2026-04-10 09:33:04,761 - utils.alert_system - INFO - Alert cleared
2026-04-10 09:33:04,878 - utils.alert_system - INFO - Alert cleared
2026-04-10 09:33:04,978 - utils.alert_system - INFO - Alert cleared
2026-04-10 09:33:05,097 - utils.alert_system - INFO - Alert cleared
2026-04-10 09:33:05,216 - utils.alert_system - INFO - Alert cleared
2026-04-10 09:33:05,297 - utils.alert_system - INFO - Alert cleared
2026-04-10 09:33:05,362 - utils.alert_system - INFO - Alert cleared
2026-04-10 09:33:05,466 - utils.alert_system - INFO - Alert cleared
2026-04-10 09:33:05,554 - utils.alert_system - INFO - Alert cleared
2026-04-10 09:33:05,653 - utils.alert_system - INFO - Alert cleared
2026-04-10 09:33:05,738 - utils.alert_system - INFO - Alert cleared
2026-04-10 09:33:05,828 - utils.alert_system - INFO - Alert cleared
2026-04-10 09:33:05,897 - utils.alert_system - INFO - Alert cleared
2026-04-10 09:33:06,016 - utils.alert_system - INFO - Alert cleared
2026-04-10 09:33:06,117 - utils.alert_system - INFO - Alert cleared
2026-04-10 09:33:06,219 - utils.alert_system - INFO - Alert cleared
2026-04-10 09:33:06,328 - utils.alert_system - INFO - Alert cleared
2026-04-10 09:33:06,397 - utils.alert_system - INFO - Alert cleared
2026-04-10 09:33:06,484 - utils.alert_system - INFO - Alert cleared
2026-04-10 09:33:06,597 - utils.alert_system - INFO - Alert cleared
2026-04-10 09:33:06,766 - utils.alert_system - INFO - Alert cleared
2026-04-10 09:33:06,878 - utils.alert_system - INFO - Alert cleared
2026-04-10 09:33:06,986 - utils.alert_system - INFO - Alert cleared
2026-04-10 09:33:07,093 - utils.alert_system - INFO - Alert cleared
2026-04-10 09:33:07,230 - utils.alert_system - INFO - Alert cleared
2026-04-10 09:33:07,334 - utils.alert_system - INFO - Alert cleared
2026-04-10 09:33:07,428 - utils.alert_system - INFO - Alert cleared
2026-04-10 09:33:07,561 - utils.alert_system - INFO - Alert cleared
2026-04-10 09:33:07,757 - utils.alert_system - INFO - Alert cleared
2026-04-10 09:33:08,217 - utils.alert_system - INFO - Alert cleared
2026-04-10 09:33:08,368 - utils.alert_system - INFO - Alert cleared
2026-04-10 09:33:08,494 - utils.alert_system - INFO - Alert cleared
2026-04-10 09:33:08,607 - utils.alert_system - INFO - Alert cleared
2026-04-10 09:33:08,805 - utils.alert_system - INFO - Alert cleared
2026-04-10 09:33:09,386 - utils.alert_system - INFO - Alert cleared
2026-04-10 09:33:09,837 - utils.alert_system - INFO - Alert cleared
2026-04-10 09:33:09,970 - utils.alert_system - INFO - Alert cleared
2026-04-10 09:33:10,074 - utils.alert_system - INFO - Alert cleared
2026-04-10 09:33:10,198 - utils.alert_system - INFO - Alert cleared
2026-04-10 09:33:10,342 - utils.alert_system - INFO - Alert cleared
2026-04-10 09:33:10,492 - utils.alert_system - INFO - Alert cleared
2026-04-10 09:33:10,607 - utils.alert_system - INFO - Alert cleared
2026-04-10 09:33:10,707 - utils.alert_system - INFO - Alert cleared
2026-04-10 09:33:10,830 - utils.alert_system - INFO - Alert cleared
2026-04-10 09:33:10,975 - utils.alert_system - INFO - Alert cleared
2026-04-10 09:33:11,168 - utils.alert_system - INFO - Alert cleared
2026-04-10 09:33:11,328 - utils.alert_system - INFO - Alert cleared
2026-04-10 09:33:11,478 - utils.alert_system - INFO - Alert cleared
2026-04-10 09:33:11,579 - utils.alert_system - INFO - Alert cleared
2026-04-10 09:33:11,778 - utils.alert_system - INFO - Alert cleared
2026-04-10 09:33:12,033 - utils.alert_system - INFO - Alert cleared
2026-04-10 09:33:12,198 - utils.alert_system - INFO - Alert cleared
2026-04-10 09:33:12,313 - utils.alert_system - INFO - Alert cleared
2026-04-10 09:33:12,447 - utils.alert_system - INFO - Alert cleared
2026-04-10 09:33:12,585 - utils.alert_system - INFO - Alert cleared
2026-04-10 09:33:12,710 - utils.alert_system - INFO - Alert cleared
2026-04-10 09:33:12,835 - utils.alert_system - INFO - Alert cleared
2026-04-10 09:33:12,961 - utils.alert_system - INFO - Alert cleared
2026-04-10 09:33:13,095 - utils.alert_system - INFO - Alert cleared
2026-04-10 09:33:13,204 - utils.alert_system - INFO - Alert cleared
2026-04-10 09:33:13,341 - utils.alert_system - INFO - Alert cleared
2026-04-10 09:33:13,652 - utils.alert_system - INFO - Alert cleared
2026-04-10 09:33:13,850 - utils.alert_system - INFO - Alert cleared
2026-04-10 09:33:13,969 - utils.alert_system - INFO - Alert cleared
2026-04-10 09:33:14,070 - utils.alert_system - INFO - Alert cleared
2026-04-10 09:33:14,207 - utils.alert_system - INFO - Alert cleared
2026-04-10 09:33:14,316 - utils.alert_system - INFO - Alert cleared
2026-04-10 09:33:14,448 - utils.alert_system - INFO - Alert cleared
2026-04-10 09:33:14,528 - utils.alert_system - INFO - Alert cleared
2026-04-10 09:33:14,621 - utils.alert_system - INFO - Alert cleared
2026-04-10 09:33:14,716 - utils.alert_system - INFO - Alert cleared
2026-04-10 09:33:14,807 - utils.alert_system - INFO - Alert cleared
2026-04-10 09:33:14,884 - utils.alert_system - INFO - Alert cleared
2026-04-10 09:33:14,969 - utils.alert_system - INFO - Alert cleared
2026-04-10 09:33:15,054 - utils.alert_system - INFO - Alert cleared
2026-04-10 09:33:15,197 - utils.alert_system - INFO - Alert cleared
2026-04-10 09:33:15,297 - utils.alert_system - INFO - Alert cleared
2026-04-10 09:33:15,418 - utils.alert_system - INFO - Alert cleared
2026-04-10 09:33:15,516 - utils.alert_system - INFO - Alert cleared
2026-04-10 09:33:15,604 - utils.alert_system - INFO - Alert cleared
2026-04-10 09:33:15,686 - utils.alert_system - INFO - Alert cleared
2026-04-10 09:33:15,848 - utils.alert_system - INFO - Alert cleared
2026-04-10 09:33:16,008 - utils.alert_system - INFO - Alert cleared
2026-04-10 09:33:16,141 - utils.alert_system - INFO - Alert cleared
2026-04-10 09:33:16,248 - utils.alert_system - INFO - Alert cleared
2026-04-10 09:33:16,366 - utils.alert_system - INFO - Alert cleared
2026-04-10 09:33:16,546 - utils.alert_system - INFO - Alert cleared
2026-04-10 09:33:16,700 - utils.alert_system - INFO - Alert cleared
2026-04-10 09:33:16,800 - utils.alert_system - INFO - Alert cleared
2026-04-10 09:33:16,888 - utils.alert_system - INFO - Alert cleared
2026-04-10 09:33:16,964 - utils.alert_system - INFO - Alert cleared
2026-04-10 09:33:17,052 - utils.alert_system - INFO - Alert cleared
2026-04-10 09:33:17,147 - utils.alert_system - INFO - Alert cleared
2026-04-10 09:33:17,238 - utils.alert_system - INFO - Alert cleared
2026-04-10 09:33:17,312 - utils.alert_system - INFO - Alert cleared
2026-04-10 09:33:17,454 - utils.alert_system - INFO - Alert cleared
2026-04-10 09:33:17,547 - utils.alert_system - INFO - Alert cleared
2026-04-10 09:33:17,647 - utils.alert_system - INFO - Alert cleared
2026-04-10 09:33:17,766 - utils.alert_system - INFO - Alert cleared
2026-04-10 09:33:17,857 - utils.alert_system - INFO - Alert cleared
2026-04-10 09:33:17,978 - utils.alert_system - INFO - Alert cleared
2026-04-10 09:33:18,063 - utils.alert_system - INFO - Alert cleared
2026-04-10 09:33:18,167 - utils.alert_system - INFO - Alert cleared
2026-04-10 09:33:18,228 - utils.alert_system - INFO - Alert cleared
2026-04-10 09:33:18,290 - utils.alert_system - INFO - Alert cleared
2026-04-10 09:33:18,378 - utils.alert_system - INFO - Alert cleared
2026-04-10 09:33:18,491 - utils.alert_system - INFO - Alert cleared
2026-04-10 09:33:18,598 - utils.alert_system - INFO - Alert cleared
2026-04-10 09:33:18,678 - utils.alert_system - INFO - Alert cleared
2026-04-10 09:33:18,766 - utils.alert_system - INFO - Alert cleared
2026-04-10 09:33:18,867 - utils.alert_system - INFO - Alert cleared
2026-04-10 09:33:18,947 - utils.alert_system - INFO - Alert cleared
2026-04-10 09:33:19,033 - utils.alert_system - INFO - Alert cleared
2026-04-10 09:33:19,098 - utils.alert_system - INFO - Alert cleared
2026-04-10 09:33:19,181 - utils.alert_system - INFO - Alert cleared
2026-04-10 09:33:19,266 - utils.alert_system - INFO - Alert cleared
2026-04-10 09:33:19,347 - utils.alert_system - INFO - Alert cleared
2026-04-10 09:33:19,439 - utils.alert_system - INFO - Alert cleared
2026-04-10 09:33:19,530 - utils.alert_system - INFO - Alert cleared
2026-04-10 09:33:19,597 - utils.alert_system - INFO - Alert cleared
2026-04-10 09:33:19,682 - utils.alert_system - INFO - Alert cleared
2026-04-10 09:33:19,784 - utils.alert_system - INFO - Alert cleared
2026-04-10 09:33:19,853 - utils.alert_system - INFO - Alert cleared
2026-04-10 09:33:19,939 - utils.alert_system - INFO - Alert cleared
2026-04-10 09:33:20,012 - utils.alert_system - INFO - Alert cleared
2026-04-10 09:33:20,102 - utils.alert_system - INFO - Alert cleared
2026-04-10 09:33:20,194 - utils.alert_system - INFO - Alert cleared
2026-04-10 09:33:20,258 - utils.alert_system - INFO - Alert cleared
2026-04-10 09:33:20,328 - utils.alert_system - INFO - Alert cleared
2026-04-10 09:33:20,428 - utils.alert_system - INFO - Alert cleared
2026-04-10 09:33:20,522 - utils.alert_system - INFO - Alert cleared
2026-04-10 09:33:20,594 - utils.alert_system - INFO - Alert cleared
2026-04-10 09:33:20,684 - utils.alert_system - INFO - Alert cleared
2026-04-10 09:33:20,748 - utils.alert_system - INFO - Alert cleared
2026-04-10 09:33:20,836 - utils.alert_system - INFO - Alert cleared
2026-04-10 09:33:20,929 - utils.alert_system - INFO - Alert cleared
2026-04-10 09:33:21,019 - utils.alert_system - INFO - Alert cleared
2026-04-10 09:33:21,103 - utils.alert_system - INFO - Alert cleared
2026-04-10 09:33:21,201 - utils.alert_system - INFO - Alert cleared
2026-04-10 09:33:21,301 - utils.alert_system - INFO - Alert cleared
2026-04-10 09:33:21,397 - utils.alert_system - INFO - Alert cleared
2026-04-10 09:33:21,479 - utils.alert_system - INFO - Alert cleared
2026-04-10 09:33:21,568 - utils.alert_system - INFO - Alert cleared
2026-04-10 09:33:21,645 - utils.alert_system - INFO - Alert cleared
2026-04-10 09:33:21,717 - utils.alert_system - INFO - Alert cleared
2026-04-10 09:33:21,801 - utils.alert_system - INFO - Alert cleared
2026-04-10 09:33:21,885 - utils.alert_system - INFO - Alert cleared
2026-04-10 09:33:21,948 - utils.alert_system - INFO - Alert cleared
2026-04-10 09:33:22,032 - utils.alert_system - INFO - Alert cleared
2026-04-10 09:33:22,134 - utils.alert_system - INFO - Alert cleared
2026-04-10 09:33:22,237 - utils.alert_system - INFO - Alert cleared
2026-04-10 09:33:22,367 - utils.alert_system - INFO - Alert cleared
2026-04-10 09:33:22,469 - utils.alert_system - INFO - Alert cleared
2026-04-10 09:33:22,566 - utils.alert_system - INFO - Alert cleared
2026-04-10 09:33:22,737 - utils.alert_system - INFO - Alert cleared
2026-04-10 09:33:22,878 - utils.alert_system - INFO - Alert cleared
2026-04-10 09:33:23,049 - utils.alert_system - INFO - Alert cleared
2026-04-10 09:33:23,166 - utils.alert_system - INFO - Alert cleared
2026-04-10 09:33:23,316 - utils.alert_system - INFO - Alert cleared
2026-04-10 09:33:23,416 - utils.alert_system - INFO - Alert cleared
2026-04-10 09:33:23,520 - utils.alert_system - INFO - Alert cleared
2026-04-10 09:33:23,707 - utils.alert_system - INFO - Alert cleared
2026-04-10 09:33:23,847 - utils.alert_system - INFO - Alert cleared
2026-04-10 09:33:23,928 - utils.alert_system - INFO - Alert cleared
2026-04-10 09:33:24,028 - utils.alert_system - INFO - Alert cleared
2026-04-10 09:33:24,116 - utils.alert_system - INFO - Alert cleared
2026-04-10 09:33:24,204 - utils.alert_system - INFO - Alert cleared
2026-04-10 09:33:24,279 - utils.alert_system - INFO - Alert cleared
2026-04-10 09:33:24,367 - utils.alert_system - INFO - Alert cleared
2026-04-10 09:33:24,471 - utils.alert_system - INFO - Alert cleared
2026-04-10 09:33:24,552 - utils.alert_system - INFO - Alert cleared
2026-04-10 09:33:24,657 - utils.alert_system - INFO - Alert cleared
2026-04-10 09:33:24,766 - utils.alert_system - INFO - Alert cleared
2026-04-10 09:33:24,882 - utils.alert_system - INFO - Alert cleared
2026-04-10 09:33:24,982 - utils.alert_system - INFO - Alert cleared
2026-04-10 09:33:25,066 - utils.alert_system - INFO - Alert cleared
2026-04-10 09:33:25,166 - utils.alert_system - INFO - Alert cleared
2026-04-10 09:33:25,282 - utils.alert_system - INFO - Alert cleared
2026-04-10 09:33:25,406 - utils.alert_system - INFO - Alert cleared
2026-04-10 09:33:25,478 - utils.alert_system - INFO - Alert cleared
2026-04-10 09:33:25,551 - utils.alert_system - INFO - Alert cleared
2026-04-10 09:33:25,647 - utils.alert_system - INFO - Alert cleared
2026-04-10 09:33:25,734 - utils.alert_system - INFO - Alert cleared
2026-04-10 09:33:25,832 - utils.alert_system - INFO - Alert cleared
2026-04-10 09:33:25,917 - utils.alert_system - INFO - Alert cleared
2026-04-10 09:33:25,980 - utils.alert_system - INFO - Alert cleared
2026-04-10 09:33:26,097 - utils.alert_system - INFO - Alert cleared
2026-04-10 09:33:26,178 - utils.alert_system - INFO - Alert cleared
2026-04-10 09:33:26,289 - utils.alert_system - INFO - Alert cleared
2026-04-10 09:33:26,416 - utils.alert_system - INFO - Alert cleared
2026-04-10 09:33:26,497 - utils.alert_system - INFO - Alert cleared
2026-04-10 09:33:26,598 - utils.alert_system - INFO - Alert cleared
2026-04-10 09:33:26,682 - utils.alert_system - INFO - Alert cleared
2026-04-10 09:33:26,798 - utils.alert_system - INFO - Alert cleared
2026-04-10 09:33:26,887 - utils.alert_system - INFO - Alert cleared
2026-04-10 09:33:27,009 - utils.alert_system - INFO - Alert cleared
2026-04-10 09:33:27,109 - utils.alert_system - INFO - Alert cleared
2026-04-10 09:33:27,228 - utils.alert_system - INFO - Alert cleared
2026-04-10 09:33:27,348 - utils.alert_system - INFO - Alert cleared
2026-04-10 09:33:27,473 - utils.alert_system - INFO - Alert cleared
2026-04-10 09:33:27,578 - utils.alert_system - INFO - Alert cleared
2026-04-10 09:33:27,681 - utils.alert_system - INFO - Alert cleared
2026-04-10 09:33:27,800 - utils.alert_system - INFO - Alert cleared
2026-04-10 09:33:27,928 - utils.alert_system - INFO - Alert cleared
2026-04-10 09:33:28,027 - utils.alert_system - INFO - Alert cleared
2026-04-10 09:33:28,111 - utils.alert_system - INFO - Alert cleared
2026-04-10 09:33:28,197 - utils.alert_system - INFO - Alert cleared
2026-04-10 09:33:28,271 - utils.alert_system - INFO - Alert cleared
2026-04-10 09:33:28,372 - utils.alert_system - INFO - Alert cleared
2026-04-10 09:33:28,472 - utils.alert_system - INFO - Alert cleared
2026-04-10 09:33:28,542 - utils.alert_system - INFO - Alert cleared
2026-04-10 09:33:28,661 - utils.alert_system - INFO - Alert cleared
2026-04-10 09:33:28,766 - utils.alert_system - INFO - Alert cleared
2026-04-10 09:33:28,843 - utils.alert_system - INFO - Alert cleared
2026-04-10 09:33:28,948 - utils.alert_system - INFO - Alert cleared
2026-04-10 09:33:29,069 - utils.alert_system - INFO - Alert cleared
2026-04-10 09:33:29,142 - utils.alert_system - INFO - Alert cleared
2026-04-10 09:33:29,268 - utils.alert_system - INFO - Alert cleared
2026-04-10 09:33:29,398 - utils.alert_system - INFO - Alert cleared
2026-04-10 09:33:29,525 - utils.alert_system - INFO - Alert cleared
2026-04-10 09:33:29,631 - utils.alert_system - INFO - Alert cleared
2026-04-10 09:33:29,755 - utils.alert_system - INFO - Alert cleared
2026-04-10 09:33:29,880 - utils.alert_system - INFO - Alert cleared
2026-04-10 09:33:29,970 - utils.alert_system - INFO - Alert cleared
2026-04-10 09:33:30,072 - utils.alert_system - INFO - Alert cleared
2026-04-10 09:33:30,153 - utils.alert_system - INFO - Alert cleared
2026-04-10 09:33:30,284 - utils.alert_system - INFO - Alert cleared
2026-04-10 09:33:30,406 - utils.alert_system - INFO - Alert cleared
2026-04-10 09:33:30,529 - utils.alert_system - INFO - Alert cleared
2026-04-10 09:33:30,659 - utils.alert_system - INFO - Alert cleared
2026-04-10 09:33:30,748 - utils.alert_system - INFO - Alert cleared
2026-04-10 09:33:30,839 - utils.alert_system - INFO - Alert cleared
2026-04-10 09:33:30,916 - utils.alert_system - INFO - Alert cleared
2026-04-10 09:33:30,983 - utils.alert_system - INFO - Alert cleared
2026-04-10 09:33:31,055 - utils.alert_system - INFO - Alert cleared
2026-04-10 09:33:31,247 - utils.alert_system - INFO - Alert cleared
2026-04-10 09:33:31,334 - utils.alert_system - INFO - Alert cleared
2026-04-10 09:33:31,422 - utils.alert_system - INFO - Alert cleared
2026-04-10 09:33:31,498 - utils.alert_system - INFO - Alert cleared
2026-04-10 09:33:31,566 - utils.alert_system - INFO - Alert cleared
2026-04-10 09:33:31,648 - utils.alert_system - INFO - Alert cleared
2026-04-10 09:33:31,747 - utils.alert_system - INFO - Alert cleared
2026-04-10 09:33:31,863 - utils.alert_system - INFO - Alert cleared
2026-04-10 09:33:32,006 - utils.alert_system - INFO - Alert cleared
2026-04-10 09:33:32,113 - utils.alert_system - INFO - Alert cleared
2026-04-10 09:33:32,194 - utils.alert_system - INFO - Alert cleared
2026-04-10 09:33:32,268 - utils.alert_system - INFO - Alert cleared
2026-04-10 09:33:32,340 - utils.alert_system - INFO - Alert cleared
2026-04-10 09:33:32,459 - utils.alert_system - INFO - Alert cleared
2026-04-10 09:33:32,567 - utils.alert_system - INFO - Alert cleared
2026-04-10 09:33:32,670 - utils.alert_system - INFO - Alert cleared
2026-04-10 09:33:32,773 - utils.alert_system - INFO - Alert cleared
2026-04-10 09:33:32,877 - utils.alert_system - INFO - Alert cleared
2026-04-10 09:33:32,955 - utils.alert_system - INFO - Alert cleared
2026-04-10 09:33:33,066 - utils.alert_system - INFO - Alert cleared
2026-04-10 09:33:33,163 - utils.alert_system - INFO - Alert cleared
2026-04-10 09:33:33,258 - utils.alert_system - INFO - Alert cleared
2026-04-10 09:33:33,361 - utils.alert_system - INFO - Alert cleared
2026-04-10 09:33:33,440 - utils.alert_system - INFO - Alert cleared
2026-04-10 09:33:33,534 - utils.alert_system - INFO - Alert cleared
2026-04-10 09:33:33,638 - utils.alert_system - INFO - Alert cleared
2026-04-10 09:33:33,729 - utils.alert_system - INFO - Alert cleared
2026-04-10 09:33:33,933 - utils.alert_system - INFO - Alert cleared
2026-04-10 09:33:34,033 - utils.alert_system - INFO - Alert cleared
2026-04-10 09:33:34,130 - utils.alert_system - INFO - Alert cleared
2026-04-10 09:33:34,228 - utils.alert_system - INFO - Alert cleared
2026-04-10 09:33:34,327 - utils.alert_system - INFO - Alert cleared
2026-04-10 09:33:34,439 - utils.alert_system - INFO - Alert cleared
2026-04-10 09:33:34,581 - utils.alert_system - INFO - Alert cleared
2026-04-10 09:33:34,690 - utils.alert_system - INFO - Alert cleared
2026-04-10 09:33:34,778 - utils.alert_system - INFO - Alert cleared
2026-04-10 09:33:34,871 - utils.alert_system - INFO - Alert cleared
2026-04-10 09:33:34,998 - utils.alert_system - INFO - Alert cleared
2026-04-10 09:33:35,078 - utils.alert_system - INFO - Alert cleared
2026-04-10 09:33:35,183 - utils.alert_system - INFO - Alert cleared
2026-04-10 09:33:35,289 - utils.alert_system - INFO - Alert cleared
2026-04-10 09:33:35,387 - utils.alert_system - INFO - Alert cleared
2026-04-10 09:33:35,503 - utils.alert_system - INFO - Alert cleared
2026-04-10 09:33:35,597 - utils.alert_system - INFO - Alert cleared
2026-04-10 09:33:35,687 - utils.alert_system - INFO - Alert cleared
2026-04-10 09:33:35,780 - utils.alert_system - INFO - Alert cleared
2026-04-10 09:33:35,848 - utils.alert_system - INFO - Alert cleared
2026-04-10 09:33:36,189 - utils.alert_system - INFO - Alert cleared
2026-04-10 09:33:36,321 - utils.alert_system - INFO - Alert cleared
2026-04-10 09:33:36,416 - utils.alert_system - INFO - Alert cleared
2026-04-10 09:33:36,527 - utils.alert_system - INFO - Alert cleared
2026-04-10 09:33:36,597 - utils.alert_system - INFO - Alert cleared
2026-04-10 09:33:36,697 - utils.alert_system - INFO - Alert cleared
2026-04-10 09:33:36,824 - utils.alert_system - INFO - Alert cleared
2026-04-10 09:33:36,905 - utils.alert_system - INFO - Alert cleared
2026-04-10 09:33:36,980 - utils.alert_system - INFO - Alert cleared
2026-04-10 09:33:37,077 - utils.alert_system - INFO - Alert cleared
2026-04-10 09:33:37,189 - utils.alert_system - INFO - Alert cleared
2026-04-10 09:33:37,278 - utils.alert_system - INFO - Alert cleared
2026-04-10 09:33:37,354 - utils.alert_system - INFO - Alert cleared
2026-04-10 09:33:37,428 - utils.alert_system - INFO - Alert cleared
2026-04-10 09:33:37,528 - utils.alert_system - INFO - Alert cleared
2026-04-10 09:33:37,654 - utils.alert_system - INFO - Alert cleared
2026-04-10 09:33:37,743 - utils.alert_system - INFO - Alert cleared
2026-04-10 09:33:37,816 - utils.alert_system - INFO - Alert cleared
2026-04-10 09:33:37,916 - utils.alert_system - INFO - Alert cleared
2026-04-10 09:33:38,004 - utils.alert_system - INFO - Alert cleared
2026-04-10 09:33:38,078 - utils.alert_system - INFO - Alert cleared
2026-04-10 09:33:38,166 - utils.alert_system - INFO - Alert cleared
2026-04-10 09:33:38,247 - utils.alert_system - INFO - Alert cleared
2026-04-10 09:33:38,321 - utils.alert_system - INFO - Alert cleared
2026-04-10 09:33:38,435 - utils.alert_system - INFO - Alert cleared
2026-04-10 09:33:38,704 - utils.alert_system - INFO - Alert cleared
2026-04-10 09:33:38,820 - utils.alert_system - INFO - Alert cleared
2026-04-10 09:33:38,916 - utils.alert_system - INFO - Alert cleared
2026-04-10 09:33:38,995 - utils.alert_system - INFO - Alert cleared
2026-04-10 09:33:39,069 - utils.alert_system - INFO - Alert cleared
2026-04-10 09:33:39,147 - utils.alert_system - INFO - Alert cleared
2026-04-10 09:33:39,209 - utils.alert_system - INFO - Alert cleared
2026-04-10 09:33:39,278 - utils.alert_system - INFO - Alert cleared
2026-04-10 09:33:39,337 - utils.alert_system - INFO - Alert cleared
2026-04-10 09:33:39,404 - utils.alert_system - INFO - Alert cleared
2026-04-10 09:33:39,704 - utils.alert_system - INFO - Alert cleared
2026-04-10 09:33:39,828 - utils.alert_system - INFO - Alert cleared
2026-04-10 09:33:39,903 - utils.alert_system - INFO - Alert cleared
2026-04-10 09:33:39,993 - utils.alert_system - INFO - Alert cleared
2026-04-10 09:33:40,070 - utils.alert_system - INFO - Alert cleared
2026-04-10 09:33:40,143 - utils.alert_system - INFO - Alert cleared
2026-04-10 09:33:40,211 - utils.alert_system - INFO - Alert cleared
2026-04-10 09:33:40,278 - utils.alert_system - INFO - Alert cleared
2026-04-10 09:33:40,345 - utils.alert_system - INFO - Alert cleared
2026-04-10 09:33:40,430 - utils.alert_system - INFO - Alert cleared
2026-04-10 09:33:40,530 - utils.alert_system - INFO - Alert cleared
2026-04-10 09:33:40,634 - utils.alert_system - INFO - Alert cleared
2026-04-10 09:33:40,697 - utils.alert_system - INFO - Alert cleared
2026-04-10 09:33:40,797 - utils.alert_system - INFO - Alert cleared
2026-04-10 09:33:40,847 - utils.alert_system - INFO - Alert cleared
2026-04-10 09:33:40,931 - utils.alert_system - INFO - Alert cleared
2026-04-10 09:33:40,997 - utils.alert_system - INFO - Alert cleared
2026-04-10 09:33:41,083 - utils.alert_system - INFO - Alert cleared
2026-04-10 09:33:41,197 - utils.alert_system - INFO - Alert cleared
2026-04-10 09:33:41,288 - utils.alert_system - INFO - Alert cleared
2026-04-10 09:33:41,478 - utils.alert_system - INFO - Alert cleared
2026-04-10 09:33:41,552 - utils.alert_system - INFO - Alert cleared
2026-04-10 09:33:41,636 - utils.alert_system - INFO - Alert cleared
2026-04-10 09:33:41,736 - utils.alert_system - INFO - Alert cleared
2026-04-10 09:33:41,858 - utils.alert_system - INFO - Alert cleared
2026-04-10 09:33:41,937 - utils.alert_system - INFO - Alert cleared
2026-04-10 09:33:42,019 - utils.alert_system - INFO - Alert cleared
2026-04-10 09:33:42,118 - utils.alert_system - INFO - Alert cleared
2026-04-10 09:33:42,205 - utils.alert_system - INFO - Alert cleared
2026-04-10 09:33:42,266 - utils.alert_system - INFO - Alert cleared
2026-04-10 09:33:42,352 - utils.alert_system - INFO - Alert cleared
2026-04-10 09:33:42,436 - utils.alert_system - INFO - Alert cleared
2026-04-10 09:33:42,528 - utils.alert_system - INFO - Alert cleared
2026-04-10 09:33:42,616 - utils.alert_system - INFO - Alert cleared
2026-04-10 09:33:42,728 - utils.alert_system - INFO - Alert cleared
2026-04-10 09:33:42,825 - utils.alert_system - INFO - Alert cleared
2026-04-10 09:33:42,922 - utils.alert_system - INFO - Alert cleared
2026-04-10 09:33:43,028 - utils.alert_system - INFO - Alert cleared
2026-04-10 09:33:43,116 - utils.alert_system - INFO - Alert cleared
2026-04-10 09:33:43,198 - utils.alert_system - INFO - Alert cleared
2026-04-10 09:33:43,278 - utils.alert_system - INFO - Alert cleared
2026-04-10 09:33:43,368 - utils.alert_system - INFO - Alert cleared
2026-04-10 09:33:43,442 - utils.alert_system - INFO - Alert cleared
2026-04-10 09:33:43,516 - utils.alert_system - INFO - Alert cleared
2026-04-10 09:33:43,578 - utils.alert_system - INFO - Alert cleared
2026-04-10 09:33:43,647 - utils.alert_system - INFO - Alert cleared
2026-04-10 09:33:43,711 - utils.alert_system - INFO - Alert cleared
2026-04-10 09:33:43,777 - utils.alert_system - INFO - Alert cleared
2026-04-10 09:33:43,858 - utils.alert_system - INFO - Alert cleared
2026-04-10 09:33:43,965 - utils.alert_system - INFO - Alert cleared
2026-04-10 09:33:44,062 - utils.alert_system - INFO - Alert cleared
2026-04-10 09:33:44,138 - utils.alert_system - INFO - Alert cleared
2026-04-10 09:33:44,230 - utils.alert_system - INFO - Alert cleared
2026-04-10 09:33:44,333 - utils.alert_system - INFO - Alert cleared
2026-04-10 09:33:44,417 - utils.alert_system - INFO - Alert cleared
2026-04-10 09:33:44,486 - utils.alert_system - INFO - Alert cleared
2026-04-10 09:33:44,567 - utils.alert_system - INFO - Alert cleared
2026-04-10 09:33:44,652 - utils.alert_system - INFO - Alert cleared
2026-04-10 09:33:44,753 - utils.alert_system - INFO - Alert cleared
2026-04-10 09:33:44,816 - utils.alert_system - INFO - Alert cleared
2026-04-10 09:33:44,899 - utils.alert_system - INFO - Alert cleared
2026-04-10 09:33:44,966 - utils.alert_system - INFO - Alert cleared
2026-04-10 09:33:45,047 - utils.alert_system - INFO - Alert cleared
2026-04-10 09:33:45,109 - utils.alert_system - INFO - Alert cleared
2026-04-10 09:33:45,208 - utils.alert_system - INFO - Alert cleared
2026-04-10 09:33:45,298 - utils.alert_system - INFO - Alert cleared
2026-04-10 09:33:45,378 - utils.alert_system - INFO - Alert cleared
2026-04-10 09:33:45,478 - utils.alert_system - INFO - Alert cleared
2026-04-10 09:33:45,566 - utils.alert_system - INFO - Alert cleared
2026-04-10 09:33:45,648 - utils.alert_system - INFO - Alert cleared
2026-04-10 09:33:45,728 - utils.alert_system - INFO - Alert cleared
2026-04-10 09:33:45,816 - utils.alert_system - INFO - Alert cleared
2026-04-10 09:33:45,880 - utils.alert_system - INFO - Alert cleared
2026-04-10 09:33:45,985 - utils.alert_system - INFO - Alert cleared
2026-04-10 09:33:46,066 - utils.alert_system - INFO - Alert cleared
2026-04-10 09:33:46,130 - utils.alert_system - INFO - Alert cleared
2026-04-10 09:33:46,216 - utils.alert_system - INFO - Alert cleared
2026-04-10 09:33:46,304 - utils.alert_system - INFO - Alert cleared
2026-04-10 09:33:46,374 - utils.alert_system - INFO - Alert cleared
2026-04-10 09:33:46,449 - utils.alert_system - INFO - Alert cleared
2026-04-10 09:33:46,542 - utils.alert_system - INFO - Alert cleared
2026-04-10 09:33:46,642 - utils.alert_system - INFO - Alert cleared
2026-04-10 09:33:46,717 - utils.alert_system - INFO - Alert cleared
2026-04-10 09:33:46,791 - utils.alert_system - INFO - Alert cleared
2026-04-10 09:33:46,878 - utils.alert_system - INFO - Alert cleared
2026-04-10 09:33:46,961 - utils.alert_system - INFO - Alert cleared
2026-04-10 09:33:47,047 - utils.alert_system - INFO - Alert cleared
2026-04-10 09:33:47,128 - utils.alert_system - INFO - Alert cleared
2026-04-10 09:33:47,210 - utils.alert_system - INFO - Alert cleared
2026-04-10 09:33:47,281 - utils.alert_system - INFO - Alert cleared
2026-04-10 09:33:47,386 - utils.alert_system - INFO - Alert cleared
2026-04-10 09:33:47,447 - utils.alert_system - INFO - Alert cleared
2026-04-10 09:33:47,528 - utils.alert_system - INFO - Alert cleared
2026-04-10 09:33:47,605 - utils.alert_system - INFO - Alert cleared
2026-04-10 09:33:47,708 - utils.alert_system - INFO - Alert cleared
2026-04-10 09:33:47,778 - utils.alert_system - INFO - Alert cleared
2026-04-10 09:33:47,844 - utils.alert_system - INFO - Alert cleared
2026-04-10 09:33:47,966 - utils.alert_system - INFO - Alert cleared
2026-04-10 09:33:48,031 - utils.alert_system - INFO - Alert cleared
2026-04-10 09:33:48,097 - utils.alert_system - INFO - Alert cleared
2026-04-10 09:33:48,150 - utils.alert_system - INFO - Alert cleared
2026-04-10 09:33:48,231 - utils.alert_system - INFO - Alert cleared
2026-04-10 09:33:48,327 - utils.alert_system - INFO - Alert cleared
2026-04-10 09:33:48,380 - utils.alert_system - INFO - Alert cleared
2026-04-10 09:33:48,484 - utils.alert_system - INFO - Alert cleared
2026-04-10 09:33:48,547 - utils.alert_system - INFO - Alert cleared
2026-04-10 09:33:48,656 - utils.alert_system - INFO - Alert cleared
2026-04-10 09:33:48,780 - utils.alert_system - INFO - Alert cleared
2026-04-10 09:33:48,867 - utils.alert_system - INFO - Alert cleared
2026-04-10 09:33:48,948 - utils.alert_system - INFO - Alert cleared
2026-04-10 09:33:49,059 - utils.alert_system - INFO - Alert cleared
2026-04-10 09:33:49,130 - utils.alert_system - INFO - Alert cleared
2026-04-10 09:33:49,197 - utils.alert_system - INFO - Alert cleared
2026-04-10 09:33:49,258 - utils.alert_system - INFO - Alert cleared
2026-04-10 09:33:49,345 - utils.alert_system - INFO - Alert cleared
2026-04-10 09:33:49,423 - utils.alert_system - INFO - Alert cleared
2026-04-10 09:33:49,497 - utils.alert_system - INFO - Alert cleared
2026-04-10 09:33:49,567 - utils.alert_system - INFO - Alert cleared
2026-04-10 09:33:49,647 - utils.alert_system - INFO - Alert cleared
2026-04-10 09:33:49,728 - utils.alert_system - INFO - Alert cleared
2026-04-10 09:33:49,800 - utils.alert_system - INFO - Alert cleared
2026-04-10 09:33:49,883 - utils.alert_system - INFO - Alert cleared
2026-04-10 09:33:49,967 - utils.alert_system - INFO - Alert cleared
2026-04-10 09:33:50,032 - utils.alert_system - INFO - Alert cleared
2026-04-10 09:33:50,116 - utils.alert_system - INFO - Alert cleared
2026-04-10 09:33:50,182 - utils.alert_system - WARNING - Alert: WARNING | Distance: 16.2m | TTC: 1.9s
2026-04-10 09:33:50,694 - utils.alert_system - INFO - Alert cleared
2026-04-10 09:33:50,799 - utils.alert_system - INFO - Alert cleared
2026-04-10 09:33:51,048 - utils.alert_system - WARNING - Alert: DANGER | Distance: 14.9m | TTC: 1.8s
2026-04-10 09:33:51,141 - utils.alert_system - WARNING - Alert: DANGER | Distance: 14.6m | TTC: 1.8s
2026-04-10 09:33:51,261 - utils.alert_system - INFO - Alert cleared
2026-04-10 09:33:51,348 - utils.alert_system - WARNING - Alert: DANGER | Distance: 5.4m | TTC: 0.6s
2026-04-10 09:33:51,470 - utils.alert_system - INFO - Alert cleared
2026-04-10 09:33:51,567 - utils.alert_system - INFO - Alert cleared
2026-04-10 09:33:51,628 - utils.alert_system - INFO - Alert cleared
2026-04-10 09:33:51,728 - utils.alert_system - INFO - Alert cleared
2026-04-10 09:33:51,797 - utils.alert_system - INFO - Alert cleared
2026-04-10 09:33:51,880 - utils.alert_system - INFO - Alert cleared
2026-04-10 09:33:51,980 - utils.alert_system - INFO - Alert cleared
2026-04-10 09:33:52,081 - utils.alert_system - WARNING - Alert: DANGER | Distance: 13.3m | TTC: 1.6s
2026-04-10 09:33:52,166 - utils.alert_system - WARNING - Alert: DANGER | Distance: 12.2m | TTC: 1.5s
2026-04-10 09:33:52,278 - utils.alert_system - WARNING - Alert: DANGER | Distance: 10.9m | TTC: 1.3s
2026-04-10 09:33:52,551 - utils.alert_system - WARNING - Alert: DANGER | Distance: 9.8m | TTC: 1.2s
2026-04-10 09:33:52,735 - utils.alert_system - INFO - Alert cleared
2026-04-10 09:33:52,797 - utils.alert_system - WARNING - Alert: DANGER | Distance: 8.6m | TTC: 1.0s
2026-04-10 09:33:52,855 - utils.alert_system - WARNING - Alert: DANGER | Distance: 8.2m | TTC: 1.0s
2026-04-10 09:33:53,018 - utils.alert_system - INFO - Alert cleared
2026-04-10 09:33:53,080 - utils.alert_system - WARNING - Alert: DANGER | Distance: 7.8m | TTC: 0.9s
2026-04-10 09:33:53,208 - utils.alert_system - INFO - Alert cleared
2026-04-10 09:33:53,278 - utils.alert_system - WARNING - Alert: DANGER | Distance: 7.6m | TTC: 0.9s
2026-04-10 09:33:53,395 - utils.alert_system - INFO - Alert cleared
2026-04-10 09:33:53,500 - utils.alert_system - INFO - Alert cleared
2026-04-10 09:33:53,595 - utils.alert_system - INFO - Alert cleared
2026-04-10 09:33:53,678 - utils.alert_system - INFO - Alert cleared
2026-04-10 09:33:53,766 - utils.alert_system - INFO - Alert cleared
2026-04-10 09:33:53,866 - utils.alert_system - INFO - Alert cleared
2026-04-10 09:33:53,931 - utils.alert_system - INFO - Alert cleared
2026-04-10 09:33:53,997 - utils.alert_system - INFO - Alert cleared
2026-04-10 09:33:54,053 - utils.alert_system - INFO - Alert cleared
2026-04-10 09:33:54,130 - utils.alert_system - INFO - Alert cleared
2026-04-10 09:33:54,242 - utils.alert_system - INFO - Alert cleared
2026-04-10 09:33:54,316 - utils.alert_system - INFO - Alert cleared
2026-04-10 09:33:54,400 - utils.alert_system - INFO - Alert cleared
2026-04-10 09:33:54,466 - utils.alert_system - INFO - Alert cleared
2026-04-10 09:33:54,548 - utils.alert_system - INFO - Alert cleared
2026-04-10 09:33:54,617 - utils.alert_system - INFO - Alert cleared
2026-04-10 09:33:54,707 - utils.alert_system - INFO - Alert cleared
2026-04-10 09:33:54,797 - utils.alert_system - INFO - Alert cleared
2026-04-10 09:33:54,878 - utils.alert_system - INFO - Alert cleared
2026-04-10 09:33:54,939 - utils.alert_system - INFO - Alert cleared
2026-04-10 09:33:55,038 - utils.alert_system - INFO - Alert cleared
2026-04-10 09:33:55,117 - utils.alert_system - INFO - Alert cleared
2026-04-10 09:33:55,191 - utils.alert_system - INFO - Alert cleared
2026-04-10 09:33:55,272 - utils.alert_system - INFO - Alert cleared
2026-04-10 09:33:55,355 - utils.alert_system - INFO - Alert cleared
2026-04-10 09:33:55,442 - utils.alert_system - INFO - Alert cleared
2026-04-10 09:33:55,512 - utils.alert_system - INFO - Alert cleared
2026-04-10 09:33:55,588 - utils.alert_system - INFO - Alert cleared
2026-04-10 09:33:55,671 - utils.alert_system - INFO - Alert cleared
2026-04-10 09:33:55,756 - utils.alert_system - INFO - Alert cleared
2026-04-10 09:33:55,829 - utils.alert_system - INFO - Alert cleared
2026-04-10 09:33:55,899 - utils.alert_system - INFO - Alert cleared
2026-04-10 09:33:55,978 - utils.alert_system - INFO - Alert cleared
2026-04-10 09:33:56,070 - utils.alert_system - INFO - Alert cleared
2026-04-10 09:33:56,170 - utils.alert_system - INFO - Alert cleared
2026-04-10 09:33:56,256 - utils.alert_system - INFO - Alert cleared
2026-04-10 09:33:56,328 - utils.alert_system - INFO - Alert cleared
2026-04-10 09:33:56,416 - utils.alert_system - INFO - Alert cleared
2026-04-10 09:33:56,497 - utils.alert_system - INFO - Alert cleared
2026-04-10 09:33:56,622 - utils.alert_system - INFO - Alert cleared
2026-04-10 09:33:56,706 - utils.alert_system - INFO - Alert cleared
2026-04-10 09:33:56,803 - utils.alert_system - INFO - Alert cleared
2026-04-10 09:33:56,866 - utils.alert_system - INFO - Alert cleared
2026-04-10 09:33:56,947 - utils.alert_system - INFO - Alert cleared
2026-04-10 09:33:57,016 - utils.alert_system - INFO - Alert cleared
2026-04-10 09:33:57,079 - utils.alert_system - INFO - Alert cleared
2026-04-10 09:33:57,207 - utils.alert_system - INFO - Alert cleared
2026-04-10 09:33:57,279 - utils.alert_system - INFO - Alert cleared
2026-04-10 09:33:57,348 - utils.alert_system - INFO - Alert cleared
2026-04-10 09:33:57,405 - utils.alert_system - INFO - Alert cleared
2026-04-10 09:33:57,466 - utils.alert_system - INFO - Alert cleared
2026-04-10 09:33:57,547 - utils.alert_system - INFO - Alert cleared
2026-04-10 09:33:57,639 - utils.alert_system - INFO - Alert cleared
2026-04-10 09:33:57,729 - utils.alert_system - INFO - Alert cleared
2026-04-10 09:33:57,821 - utils.alert_system - INFO - Alert cleared
2026-04-10 09:33:57,903 - utils.alert_system - INFO - Alert cleared
2026-04-10 09:33:57,981 - utils.alert_system - INFO - Alert cleared
2026-04-10 09:33:58,066 - utils.alert_system - INFO - Alert cleared
2026-04-10 09:33:58,148 - utils.alert_system - INFO - Alert cleared
2026-04-10 09:33:58,238 - utils.alert_system - INFO - Alert cleared
2026-04-10 09:33:58,347 - utils.alert_system - INFO - Alert cleared
2026-04-10 09:33:58,455 - utils.alert_system - INFO - Alert cleared
2026-04-10 09:33:58,548 - utils.alert_system - INFO - Alert cleared
2026-04-10 09:33:58,630 - utils.alert_system - INFO - Alert cleared
2026-04-10 09:33:58,716 - utils.alert_system - INFO - Alert cleared
2026-04-10 09:33:58,816 - utils.alert_system - INFO - Alert cleared
2026-04-10 09:33:58,928 - utils.alert_system - INFO - Alert cleared
2026-04-10 09:33:59,010 - utils.alert_system - INFO - Alert cleared
2026-04-10 09:33:59,095 - utils.alert_system - INFO - Alert cleared
2026-04-10 09:33:59,166 - utils.alert_system - INFO - Alert cleared
2026-04-10 09:33:59,231 - utils.alert_system - INFO - Alert cleared
2026-04-10 09:33:59,305 - utils.alert_system - INFO - Alert cleared
2026-04-10 09:33:59,389 - utils.alert_system - INFO - Alert cleared
2026-04-10 09:33:59,501 - utils.alert_system - INFO - Alert cleared
2026-04-10 09:33:59,605 - utils.alert_system - INFO - Alert cleared
2026-04-10 09:33:59,697 - utils.alert_system - INFO - Alert cleared
2026-04-10 09:33:59,874 - utils.alert_system - INFO - Alert cleared
2026-04-10 09:33:59,947 - utils.alert_system - INFO - Alert cleared
2026-04-10 09:34:00,054 - utils.alert_system - INFO - Alert cleared
2026-04-10 09:34:00,134 - utils.alert_system - INFO - Alert cleared
2026-04-10 09:34:00,198 - utils.alert_system - INFO - Alert cleared
2026-04-10 09:34:00,289 - utils.alert_system - INFO - Alert cleared
2026-04-10 09:34:00,443 - utils.alert_system - INFO - Alert cleared
2026-04-10 09:34:00,512 - utils.alert_system - INFO - Alert cleared
2026-04-10 09:34:00,579 - utils.alert_system - INFO - Alert cleared
2026-04-10 09:34:00,655 - utils.alert_system - INFO - Alert cleared
2026-04-10 09:34:00,717 - utils.alert_system - INFO - Alert cleared
2026-04-10 09:34:00,785 - utils.alert_system - INFO - Alert cleared
2026-04-10 09:34:00,847 - utils.alert_system - INFO - Alert cleared
2026-04-10 09:34:00,921 - utils.alert_system - INFO - Alert cleared
2026-04-10 09:34:01,005 - utils.alert_system - INFO - Alert cleared
2026-04-10 09:34:01,066 - utils.alert_system - INFO - Alert cleared
2026-04-10 09:34:01,150 - utils.alert_system - INFO - Alert cleared
2026-04-10 09:34:01,216 - utils.alert_system - INFO - Alert cleared
2026-04-10 09:34:01,297 - utils.alert_system - INFO - Alert cleared
2026-04-10 09:34:01,360 - utils.alert_system - INFO - Alert cleared
2026-04-10 09:34:01,456 - utils.alert_system - INFO - Alert cleared
2026-04-10 09:34:01,559 - utils.alert_system - INFO - Alert cleared
2026-04-10 09:34:01,648 - utils.alert_system - INFO - Alert cleared
2026-04-10 09:34:01,735 - utils.alert_system - INFO - Alert cleared
2026-04-10 09:34:01,829 - utils.alert_system - INFO - Alert cleared
2026-04-10 09:34:01,897 - utils.alert_system - INFO - Alert cleared
2026-04-10 09:34:01,960 - utils.alert_system - INFO - Alert cleared
2026-04-10 09:34:02,028 - utils.alert_system - INFO - Alert cleared
2026-04-10 09:34:02,104 - utils.alert_system - INFO - Alert cleared
2026-04-10 09:34:02,178 - utils.alert_system - INFO - Alert cleared
2026-04-10 09:34:02,247 - utils.alert_system - INFO - Alert cleared
2026-04-10 09:34:02,328 - utils.alert_system - INFO - Alert cleared
2026-04-10 09:34:02,397 - utils.alert_system - INFO - Alert cleared
2026-04-10 09:34:02,478 - utils.alert_system - INFO - Alert cleared
2026-04-10 09:34:02,532 - utils.alert_system - INFO - Alert cleared
2026-04-10 09:34:02,635 - utils.alert_system - INFO - Alert cleared
2026-04-10 09:34:02,717 - utils.alert_system - INFO - Alert cleared
2026-04-10 09:34:02,828 - utils.alert_system - INFO - Alert cleared
2026-04-10 09:34:02,894 - utils.alert_system - INFO - Alert cleared
2026-04-10 09:34:02,968 - utils.alert_system - INFO - Alert cleared
2026-04-10 09:34:03,068 - utils.alert_system - INFO - Alert cleared
2026-04-10 09:34:03,128 - utils.alert_system - INFO - Alert cleared
2026-04-10 09:34:03,198 - utils.alert_system - INFO - Alert cleared
2026-04-10 09:34:03,266 - utils.alert_system - INFO - Alert cleared
2026-04-10 09:34:03,340 - utils.alert_system - INFO - Alert cleared
2026-04-10 09:34:03,416 - utils.alert_system - INFO - Alert cleared
2026-04-10 09:34:03,497 - utils.alert_system - INFO - Alert cleared
2026-04-10 09:34:03,570 - utils.alert_system - INFO - Alert cleared
2026-04-10 09:34:03,659 - utils.alert_system - INFO - Alert cleared
2026-04-10 09:34:03,744 - utils.alert_system - INFO - Alert cleared
2026-04-10 09:34:03,818 - utils.alert_system - INFO - Alert cleared
2026-04-10 09:34:03,902 - utils.alert_system - INFO - Alert cleared
2026-04-10 09:34:03,986 - utils.alert_system - INFO - Alert cleared
2026-04-10 09:34:04,070 - utils.alert_system - INFO - Alert cleared
2026-04-10 09:34:04,134 - utils.alert_system - INFO - Alert cleared
2026-04-10 09:34:04,235 - utils.alert_system - INFO - Alert cleared
2026-04-10 09:34:04,352 - utils.alert_system - INFO - Alert cleared
2026-04-10 09:34:04,428 - utils.alert_system - INFO - Alert cleared
2026-04-10 09:34:04,497 - utils.alert_system - INFO - Alert cleared
2026-04-10 09:34:04,571 - utils.alert_system - INFO - Alert cleared
2026-04-10 09:34:04,651 - utils.alert_system - INFO - Alert cleared
2026-04-10 09:34:04,730 - utils.alert_system - INFO - Alert cleared
2026-04-10 09:34:04,816 - utils.alert_system - INFO - Alert cleared
2026-04-10 09:34:04,878 - utils.alert_system - INFO - Alert cleared
2026-04-10 09:34:04,955 - utils.alert_system - INFO - Alert cleared
2026-04-10 09:34:05,040 - utils.alert_system - INFO - Alert cleared
2026-04-10 09:34:05,126 - utils.alert_system - INFO - Alert cleared
2026-04-10 09:34:05,187 - utils.alert_system - INFO - Alert cleared
2026-04-10 09:34:05,257 - utils.alert_system - INFO - Alert cleared
2026-04-10 09:34:05,321 - utils.alert_system - INFO - Alert cleared
2026-04-10 09:34:05,385 - utils.alert_system - INFO - Alert cleared
2026-04-10 09:34:05,468 - utils.alert_system - INFO - Alert cleared
2026-04-10 09:34:05,547 - utils.alert_system - INFO - Alert cleared
2026-04-10 09:34:05,617 - utils.alert_system - INFO - Alert cleared
2026-04-10 09:34:05,697 - utils.alert_system - INFO - Alert cleared
2026-04-10 09:34:05,752 - utils.alert_system - INFO - Alert cleared
2026-04-10 09:34:05,828 - utils.alert_system - INFO - Alert cleared
2026-04-10 09:34:05,928 - utils.alert_system - INFO - Alert cleared
2026-04-10 09:34:05,997 - utils.alert_system - INFO - Alert cleared
2026-04-10 09:34:06,072 - utils.alert_system - INFO - Alert cleared
2026-04-10 09:34:06,151 - utils.alert_system - INFO - Alert cleared
2026-04-10 09:34:06,234 - utils.alert_system - INFO - Alert cleared
2026-04-10 09:34:06,328 - utils.alert_system - INFO - Alert cleared
2026-04-10 09:34:06,418 - utils.alert_system - INFO - Alert cleared
2026-04-10 09:34:06,500 - utils.alert_system - INFO - Alert cleared
2026-04-10 09:34:06,566 - utils.alert_system - INFO - Alert cleared
2026-04-10 09:34:06,660 - utils.alert_system - INFO - Alert cleared
2026-04-10 09:34:06,743 - utils.alert_system - INFO - Alert cleared
2026-04-10 09:34:06,802 - utils.alert_system - INFO - Alert cleared
2026-04-10 09:34:06,901 - utils.alert_system - INFO - Alert cleared
2026-04-10 09:34:06,959 - utils.alert_system - INFO - Alert cleared
2026-04-10 09:34:07,052 - utils.alert_system - INFO - Alert cleared
2026-04-10 09:34:07,118 - utils.alert_system - INFO - Alert cleared
2026-04-10 09:34:07,209 - utils.alert_system - INFO - Alert cleared
2026-04-10 09:34:07,278 - utils.alert_system - INFO - Alert cleared
2026-04-10 09:34:07,373 - utils.alert_system - INFO - Alert cleared
2026-04-10 09:34:07,459 - utils.alert_system - INFO - Alert cleared
2026-04-10 09:34:07,559 - utils.alert_system - INFO - Alert cleared
2026-04-10 09:34:07,658 - utils.alert_system - INFO - Alert cleared
2026-04-10 09:34:07,743 - utils.alert_system - INFO - Alert cleared
2026-04-10 09:34:07,850 - utils.alert_system - INFO - Alert cleared
2026-04-10 09:34:07,950 - utils.alert_system - INFO - Alert cleared
2026-04-10 09:34:08,017 - utils.alert_system - INFO - Alert cleared
2026-04-10 09:34:08,084 - utils.alert_system - INFO - Alert cleared
2026-04-10 09:34:08,167 - utils.alert_system - INFO - Alert cleared
2026-04-10 09:34:08,234 - utils.alert_system - INFO - Alert cleared
2026-04-10 09:34:08,308 - utils.alert_system - INFO - Alert cleared
2026-04-10 09:34:08,375 - utils.alert_system - INFO - Alert cleared
2026-04-10 09:34:08,456 - utils.alert_system - INFO - Alert cleared
2026-04-10 09:34:08,528 - utils.alert_system - INFO - Alert cleared
2026-04-10 09:34:08,600 - utils.alert_system - INFO - Alert cleared
2026-04-10 09:34:08,667 - utils.alert_system - INFO - Alert cleared
2026-04-10 09:34:08,749 - utils.alert_system - INFO - Alert cleared
2026-04-10 09:34:08,831 - utils.alert_system - INFO - Alert cleared
2026-04-10 09:34:08,917 - utils.alert_system - INFO - Alert cleared
2026-04-10 09:34:08,992 - utils.alert_system - INFO - Alert cleared
2026-04-10 09:34:09,059 - utils.alert_system - INFO - Alert cleared
2026-04-10 09:34:09,134 - utils.alert_system - INFO - Alert cleared
2026-04-10 09:34:09,234 - utils.alert_system - INFO - Alert cleared
2026-04-10 09:34:09,297 - utils.alert_system - INFO - Alert cleared
2026-04-10 09:34:09,363 - utils.alert_system - INFO - Alert cleared
2026-04-10 09:34:09,428 - utils.alert_system - INFO - Alert cleared
2026-04-10 09:34:09,499 - utils.alert_system - INFO - Alert cleared
2026-04-10 09:34:09,578 - utils.alert_system - INFO - Alert cleared
2026-04-10 09:34:09,650 - utils.alert_system - INFO - Alert cleared
2026-04-10 09:34:09,742 - utils.alert_system - INFO - Alert cleared
2026-04-10 09:34:09,852 - utils.alert_system - INFO - Alert cleared
2026-04-10 09:34:09,928 - utils.alert_system - INFO - Alert cleared
2026-04-10 09:34:10,017 - utils.alert_system - INFO - Alert cleared
2026-04-10 09:34:10,074 - utils.alert_system - INFO - Alert cleared
2026-04-10 09:34:10,149 - utils.alert_system - INFO - Alert cleared
2026-04-10 09:34:10,234 - utils.alert_system - INFO - Alert cleared
2026-04-10 09:34:10,299 - utils.alert_system - INFO - Alert cleared
2026-04-10 09:34:10,381 - utils.alert_system - INFO - Alert cleared
2026-04-10 09:34:10,478 - utils.alert_system - INFO - Alert cleared
2026-04-10 09:34:10,583 - utils.alert_system - INFO - Alert cleared
2026-04-10 09:34:10,657 - utils.alert_system - INFO - Alert cleared
2026-04-10 09:34:10,729 - utils.alert_system - INFO - Alert cleared
2026-04-10 09:34:10,828 - utils.alert_system - INFO - Alert cleared
2026-04-10 09:34:10,881 - utils.alert_system - INFO - Alert cleared
2026-04-10 09:34:10,948 - utils.alert_system - INFO - Alert cleared
2026-04-10 09:34:11,007 - utils.alert_system - INFO - Alert cleared
2026-04-10 09:34:11,099 - utils.alert_system - INFO - Alert cleared
2026-04-10 09:34:11,190 - utils.alert_system - INFO - Alert cleared
2026-04-10 09:34:11,292 - utils.alert_system - INFO - Alert cleared
2026-04-10 09:34:11,374 - utils.alert_system - INFO - Alert cleared
2026-04-10 09:34:11,466 - utils.alert_system - INFO - Alert cleared
2026-04-10 09:34:11,580 - utils.alert_system - INFO - Alert cleared
2026-04-10 09:34:11,682 - utils.alert_system - INFO - Alert cleared
2026-04-10 09:34:11,773 - utils.alert_system - INFO - Alert cleared
2026-04-10 09:34:11,836 - utils.alert_system - INFO - Alert cleared
2026-04-10 09:34:11,906 - utils.alert_system - INFO - Alert cleared
2026-04-10 09:34:11,979 - utils.alert_system - INFO - Alert cleared
2026-04-10 09:34:12,031 - utils.alert_system - INFO - Alert cleared
2026-04-10 09:34:12,097 - utils.alert_system - INFO - Alert cleared
2026-04-10 09:34:12,197 - utils.alert_system - INFO - Alert cleared
2026-04-10 09:34:12,295 - utils.alert_system - INFO - Alert cleared
2026-04-10 09:34:12,398 - utils.alert_system - INFO - Alert cleared
2026-04-10 09:34:12,460 - utils.alert_system - INFO - Alert cleared
2026-04-10 09:34:12,564 - utils.alert_system - INFO - Alert cleared
2026-04-10 09:34:12,630 - utils.alert_system - INFO - Alert cleared
2026-04-10 09:34:12,697 - utils.alert_system - INFO - Alert cleared
2026-04-10 09:34:12,783 - utils.alert_system - INFO - Alert cleared
2026-04-10 09:34:12,866 - utils.alert_system - INFO - Alert cleared
2026-04-10 09:34:12,935 - utils.alert_system - INFO - Alert cleared
2026-04-10 09:34:13,016 - utils.alert_system - INFO - Alert cleared
2026-04-10 09:34:13,097 - utils.alert_system - INFO - Alert cleared
2026-04-10 09:34:13,147 - utils.alert_system - INFO - Alert cleared
2026-04-10 09:34:13,232 - utils.alert_system - INFO - Alert cleared
2026-04-10 09:34:13,316 - utils.alert_system - INFO - Alert cleared
2026-04-10 09:34:13,380 - utils.alert_system - INFO - Alert cleared
2026-04-10 09:34:13,449 - utils.alert_system - INFO - Alert cleared
2026-04-10 09:34:13,528 - utils.alert_system - INFO - Alert cleared
2026-04-10 09:34:13,602 - utils.alert_system - INFO - Alert cleared
2026-04-10 09:34:13,666 - utils.alert_system - INFO - Alert cleared
2026-04-10 09:34:13,766 - utils.alert_system - INFO - Alert cleared
2026-04-10 09:34:13,862 - utils.alert_system - INFO - Alert cleared
2026-04-10 09:34:13,948 - utils.alert_system - INFO - Alert cleared
2026-04-10 09:34:14,030 - utils.alert_system - INFO - Alert cleared
2026-04-10 09:34:14,098 - utils.alert_system - INFO - Alert cleared
2026-04-10 09:34:14,184 - utils.alert_system - INFO - Alert cleared
2026-04-10 09:34:14,252 - utils.alert_system - INFO - Alert cleared
2026-04-10 09:34:14,317 - utils.alert_system - INFO - Alert cleared
2026-04-10 09:34:14,385 - utils.alert_system - INFO - Alert cleared
2026-04-10 09:34:14,466 - utils.alert_system - INFO - Alert cleared
2026-04-10 09:34:14,528 - utils.alert_system - INFO - Alert cleared
2026-04-10 09:34:14,586 - utils.alert_system - INFO - Alert cleared
2026-04-10 09:34:14,663 - utils.alert_system - INFO - Alert cleared
2026-04-10 09:34:14,727 - utils.alert_system - INFO - Alert cleared
2026-04-10 09:34:14,812 - utils.alert_system - INFO - Alert cleared
2026-04-10 09:34:14,913 - utils.alert_system - INFO - Alert cleared
2026-04-10 09:34:15,013 - utils.alert_system - INFO - Alert cleared
2026-04-10 09:34:15,095 - utils.alert_system - INFO - Alert cleared
2026-04-10 09:34:15,186 - utils.alert_system - INFO - Alert cleared
2026-04-10 09:34:15,259 - utils.alert_system - INFO - Alert cleared
2026-04-10 09:34:15,343 - utils.alert_system - INFO - Alert cleared
2026-04-10 09:34:15,428 - utils.alert_system - INFO - Alert cleared
2026-04-10 09:34:15,498 - utils.alert_system - INFO - Alert cleared
2026-04-10 09:34:15,597 - utils.alert_system - INFO - Alert cleared
2026-04-10 09:34:15,653 - utils.alert_system - INFO - Alert cleared
2026-04-10 09:34:15,728 - utils.alert_system - INFO - Alert cleared
2026-04-10 09:34:15,816 - utils.alert_system - INFO - Alert cleared
2026-04-10 09:34:15,899 - utils.alert_system - INFO - Alert cleared
2026-04-10 09:34:15,966 - utils.alert_system - INFO - Alert cleared
2026-04-10 09:34:16,031 - utils.alert_system - INFO - Alert cleared
2026-04-10 09:34:16,100 - utils.alert_system - INFO - Alert cleared
2026-04-10 09:34:16,176 - utils.alert_system - INFO - Alert cleared
2026-04-10 09:34:16,262 - utils.alert_system - INFO - Alert cleared
2026-04-10 09:34:16,366 - utils.alert_system - INFO - Alert cleared
2026-04-10 09:34:16,447 - utils.alert_system - INFO - Alert cleared
2026-04-10 09:34:16,532 - utils.alert_system - INFO - Alert cleared
2026-04-10 09:34:16,616 - utils.alert_system - INFO - Alert cleared
2026-04-10 09:34:16,706 - utils.alert_system - INFO - Alert cleared
2026-04-10 09:34:16,795 - utils.alert_system - INFO - Alert cleared
2026-04-10 09:34:16,888 - utils.alert_system - INFO - Alert cleared
2026-04-10 09:34:17,001 - utils.alert_system - INFO - Alert cleared
2026-04-10 09:34:17,078 - utils.alert_system - INFO - Alert cleared
2026-04-10 09:34:17,154 - utils.alert_system - INFO - Alert cleared
2026-04-10 09:34:17,221 - utils.alert_system - INFO - Alert cleared
2026-04-10 09:34:17,316 - utils.alert_system - INFO - Alert cleared
2026-04-10 09:34:17,378 - utils.alert_system - INFO - Alert cleared
2026-04-10 09:34:17,447 - utils.alert_system - INFO - Alert cleared
2026-04-10 09:34:17,528 - utils.alert_system - INFO - Alert cleared
2026-04-10 09:34:17,600 - utils.alert_system - INFO - Alert cleared
2026-04-10 09:34:17,728 - utils.alert_system - INFO - Alert cleared
2026-04-10 09:34:17,851 - utils.alert_system - INFO - Alert cleared
2026-04-10 09:34:17,959 - utils.alert_system - INFO - Alert cleared
2026-04-10 09:34:18,054 - utils.alert_system - INFO - Alert cleared
2026-04-10 09:34:18,158 - utils.alert_system - INFO - Alert cleared
2026-04-10 09:34:18,248 - utils.alert_system - INFO - Alert cleared
2026-04-10 09:34:18,339 - utils.alert_system - INFO - Alert cleared
2026-04-10 09:34:18,420 - utils.alert_system - INFO - Alert cleared
2026-04-10 09:34:18,517 - utils.alert_system - INFO - Alert cleared
2026-04-10 09:34:18,616 - utils.alert_system - INFO - Alert cleared
2026-04-10 09:34:18,720 - utils.alert_system - INFO - Alert cleared
2026-04-10 09:34:18,791 - utils.alert_system - INFO - Alert cleared
2026-04-10 09:34:18,897 - utils.alert_system - INFO - Alert cleared
2026-04-10 09:34:18,957 - utils.alert_system - INFO - Alert cleared
2026-04-10 09:34:19,046 - utils.alert_system - INFO - Alert cleared
2026-04-10 09:34:19,152 - utils.alert_system - INFO - Alert cleared
2026-04-10 09:34:19,259 - utils.alert_system - INFO - Alert cleared
2026-04-10 09:34:19,328 - utils.alert_system - INFO - Alert cleared
2026-04-10 09:34:19,399 - utils.alert_system - INFO - Alert cleared
2026-04-10 09:34:19,468 - utils.alert_system - INFO - Alert cleared
2026-04-10 09:34:19,541 - utils.alert_system - INFO - Alert cleared
2026-04-10 09:34:19,628 - utils.alert_system - INFO - Alert cleared
2026-04-10 09:34:19,728 - utils.alert_system - INFO - Alert cleared
2026-04-10 09:34:19,817 - utils.alert_system - INFO - Alert cleared
2026-04-10 09:34:19,894 - utils.alert_system - INFO - Alert cleared
2026-04-10 09:34:20,001 - utils.alert_system - INFO - Alert cleared
2026-04-10 09:34:20,078 - utils.alert_system - INFO - Alert cleared
2026-04-10 09:34:20,159 - utils.alert_system - INFO - Alert cleared
2026-04-10 09:34:20,258 - utils.alert_system - INFO - Alert cleared
2026-04-10 09:34:20,336 - utils.alert_system - INFO - Alert cleared
2026-04-10 09:34:20,410 - utils.alert_system - INFO - Alert cleared
2026-04-10 09:34:20,549 - utils.alert_system - INFO - Alert cleared
2026-04-10 09:34:20,652 - utils.alert_system - INFO - Alert cleared
2026-04-10 09:34:20,728 - utils.alert_system - INFO - Alert cleared
2026-04-10 09:34:20,783 - utils.alert_system - INFO - Alert cleared
2026-04-10 09:34:20,847 - utils.alert_system - INFO - Alert cleared
2026-04-10 09:34:20,919 - utils.alert_system - INFO - Alert cleared
2026-04-10 09:34:20,997 - utils.alert_system - INFO - Alert cleared
2026-04-10 09:34:21,052 - utils.alert_system - INFO - Alert cleared
2026-04-10 09:34:21,128 - utils.alert_system - INFO - Alert cleared
2026-04-10 09:34:21,195 - utils.alert_system - INFO - Alert cleared
2026-04-10 09:34:21,260 - utils.alert_system - INFO - Alert cleared
2026-04-10 09:34:21,453 - utils.alert_system - INFO - Alert cleared
2026-04-10 09:34:21,528 - utils.alert_system - INFO - Alert cleared
2026-04-10 09:34:21,599 - utils.alert_system - INFO - Alert cleared
2026-04-10 09:34:21,680 - utils.alert_system - INFO - Alert cleared
2026-04-10 09:34:21,760 - utils.alert_system - INFO - Alert cleared
2026-04-10 09:34:21,827 - utils.alert_system - INFO - Alert cleared
2026-04-10 09:34:21,916 - utils.alert_system - INFO - Alert cleared
2026-04-10 09:34:21,970 - utils.alert_system - INFO - Alert cleared
2026-04-10 09:34:22,043 - utils.alert_system - INFO - Alert cleared
2026-04-10 09:34:22,127 - utils.alert_system - INFO - Alert cleared
2026-04-10 09:34:22,183 - utils.alert_system - INFO - Alert cleared
2026-04-10 09:34:22,267 - utils.alert_system - INFO - Alert cleared
2026-04-10 09:34:22,351 - utils.alert_system - INFO - Alert cleared
2026-04-10 09:34:22,431 - utils.alert_system - INFO - Alert cleared
2026-04-10 09:34:22,530 - utils.alert_system - INFO - Alert cleared
2026-04-10 09:34:22,597 - utils.alert_system - INFO - Alert cleared
2026-04-10 09:34:22,671 - utils.alert_system - INFO - Alert cleared
2026-04-10 09:34:22,766 - utils.alert_system - INFO - Alert cleared
2026-04-10 09:34:22,834 - utils.alert_system - INFO - Alert cleared
2026-04-10 09:34:22,950 - utils.alert_system - INFO - Alert cleared
2026-04-10 09:34:23,051 - utils.alert_system - INFO - Alert cleared
2026-04-10 09:34:23,128 - utils.alert_system - INFO - Alert cleared
2026-04-10 09:34:23,202 - utils.alert_system - INFO - Alert cleared
2026-04-10 09:34:23,273 - utils.alert_system - INFO - Alert cleared
2026-04-10 09:34:23,350 - utils.alert_system - INFO - Alert cleared
2026-04-10 09:34:23,428 - utils.alert_system - INFO - Alert cleared
2026-04-10 09:34:23,490 - utils.alert_system - INFO - Alert cleared
2026-04-10 09:34:23,583 - utils.alert_system - INFO - Alert cleared
2026-04-10 09:34:23,668 - utils.alert_system - INFO - Alert cleared
2026-04-10 09:34:23,749 - utils.alert_system - INFO - Alert cleared
2026-04-10 09:34:23,834 - utils.alert_system - INFO - Alert cleared
2026-04-10 09:34:23,900 - utils.alert_system - INFO - Alert cleared
2026-04-10 09:34:23,966 - utils.alert_system - INFO - Alert cleared
2026-04-10 09:34:24,039 - utils.alert_system - INFO - Alert cleared
2026-04-10 09:34:24,128 - utils.alert_system - INFO - Alert cleared
2026-04-10 09:34:24,185 - utils.alert_system - INFO - Alert cleared
2026-04-10 09:34:24,250 - utils.alert_system - INFO - Alert cleared
2026-04-10 09:34:24,328 - utils.alert_system - INFO - Alert cleared
2026-04-10 09:34:24,342 - __main__ - INFO - End of video stream
2026-04-10 09:34:24,342 - __main__ - INFO - Cleaning up...
2026-04-10 09:34:24,343 - utils.alert_system - INFO - Alert cleared
2026-04-10 09:34:24,343 - utils.alert_system - INFO - Alert system cleaned up
2026-04-10 09:34:24,343 - utils.speed_monitor - INFO - Stopped speed monitoring
2026-04-10 09:34:24,347 - __main__ - INFO - ==================================================
2026-04-10 09:34:24,347 - __main__ - INFO - Session Summary:
2026-04-10 09:34:24,347 - __main__ - INFO - ==================================================
2026-04-10 09:34:24,347 - __main__ - INFO -   session_id: 20260410_093254
2026-04-10 09:34:24,347 - __main__ - INFO -   duration: 89.48961400985718
2026-04-10 09:34:24,347 - __main__ - INFO -   total_frames: 930
2026-04-10 09:34:24,347 - __main__ - INFO -   total_detections: 14
2026-04-10 09:34:24,347 - __main__ - INFO -   alerts_triggered: 0
2026-04-10 09:34:24,347 - __main__ - INFO -   average_speed: 30.0
2026-04-10 09:34:24,347 - __main__ - INFO -   top_detected: [('cow', 13), ('dog', 1)]
2026-04-10 09:34:24,347 - utils.data_logger - INFO - Session saved: 20260410_093254
2026-04-10 09:34:24,347 - utils.data_logger - INFO -   Frames: 930
2026-04-10 09:34:24,347 - utils.data_logger - INFO -   Detections: 14
2026-04-10 09:34:24,347 - utils.data_logger - INFO -   Alerts: 0
2026-04-10 09:34:24,366 - __main__ - INFO - Cleanup complete
2026-04-10 09:37:29,221 - __main__ - INFO - ==================================================
2026-04-10 09:37:29,221 - __main__ - INFO - Animal Collision Avoidance System Initializing
2026-04-10 09:37:29,221 - __main__ - INFO - ==================================================
2026-04-10 09:37:29,221 - __main__ - INFO - Loading model: C:\Users\Ranjith S\Desktop\New folder\New folder\models\yolov8n.pt
2026-04-10 09:37:29,221 - models.detector - INFO - Using device: cpu
2026-04-10 09:37:29,240 - models.detector - INFO - Model loaded from C:\Users\Ranjith S\Desktop\New folder\New folder\models\yolov8n.pt
2026-04-10 09:37:29,240 - utils.speed_monitor - INFO - Speed monitor initialized: source=simulation, default=30.0 km/h
2026-04-10 09:37:29,246 - utils.data_logger - INFO - Data logger initialized: session=20260410_093729
2026-04-10 09:37:29,249 - __main__ - INFO - Video output: C:\Users\Ranjith S\Desktop\New folder\New folder\data\output_videos\output_20260410_093729.mp4
2026-04-10 09:37:29,249 - __main__ - INFO - System initialization complete
2026-04-10 09:37:29,258 - __main__ - INFO - System started with source: WhatsApp Video 2026-04-10 at 9.17.37 AM.mp4
2026-04-10 09:37:29,258 - __main__ - INFO - Resolution: 640x360
2026-04-10 09:37:29,258 - __main__ - INFO - Video FPS: 30.00
2026-04-10 09:37:29,260 - __main__ - INFO - Press 'q' to quit, 'p' to pause, '+/-' to adjust speed
2026-04-10 09:37:29,260 - __main__ - INFO - Press 's' to save screenshot, 'r' to reset stats
2026-04-10 09:37:31,046 - utils.alert_system - INFO - Alert cleared
2026-04-10 09:37:31,253 - utils.alert_system - INFO - Alert cleared
2026-04-10 09:37:31,339 - utils.alert_system - INFO - Alert cleared
2026-04-10 09:37:31,433 - utils.alert_system - INFO - Alert cleared
2026-04-10 09:37:31,536 - utils.alert_system - INFO - Alert cleared
2026-04-10 09:37:31,655 - utils.alert_system - INFO - Alert cleared
2026-04-10 09:37:31,753 - utils.alert_system - INFO - Alert cleared
2026-04-10 09:37:31,866 - utils.alert_system - INFO - Alert cleared
2026-04-10 09:37:31,948 - utils.alert_system - INFO - Alert cleared
2026-04-10 09:37:32,039 - utils.alert_system - INFO - Alert cleared
2026-04-10 09:37:32,131 - utils.alert_system - INFO - Alert cleared
2026-04-10 09:37:32,254 - utils.alert_system - INFO - Alert cleared
2026-04-10 09:37:32,356 - utils.alert_system - INFO - Alert cleared
2026-04-10 09:37:32,454 - utils.alert_system - INFO - Alert cleared
2026-04-10 09:37:32,568 - utils.alert_system - INFO - Alert cleared
2026-04-10 09:37:32,677 - utils.alert_system - INFO - Alert cleared
2026-04-10 09:37:32,784 - utils.alert_system - INFO - Alert cleared
2026-04-10 09:37:32,886 - utils.alert_system - INFO - Alert cleared
2026-04-10 09:37:32,989 - utils.alert_system - INFO - Alert cleared
2026-04-10 09:37:33,131 - utils.alert_system - INFO - Alert cleared
2026-04-10 09:37:33,229 - utils.alert_system - INFO - Alert cleared
2026-04-10 09:37:33,360 - utils.alert_system - INFO - Alert cleared
2026-04-10 09:37:33,444 - utils.alert_system - INFO - Alert cleared
2026-04-10 09:37:33,555 - utils.alert_system - INFO - Alert cleared
2026-04-10 09:37:33,638 - utils.alert_system - INFO - Alert cleared
2026-04-10 09:37:33,735 - utils.alert_system - INFO - Alert cleared
2026-04-10 09:37:33,817 - utils.alert_system - INFO - Alert cleared
2026-04-10 09:37:33,936 - utils.alert_system - INFO - Alert cleared
2026-04-10 09:37:34,047 - utils.alert_system - INFO - Alert cleared
2026-04-10 09:37:34,168 - utils.alert_system - INFO - Alert cleared
2026-04-10 09:37:34,311 - utils.alert_system - INFO - Alert cleared
2026-04-10 09:37:34,437 - utils.alert_system - INFO - Alert cleared
2026-04-10 09:37:34,534 - utils.alert_system - INFO - Alert cleared
2026-04-10 09:37:34,680 - utils.alert_system - INFO - Alert cleared
2026-04-10 09:37:34,786 - utils.alert_system - INFO - Alert cleared
2026-04-10 09:37:34,897 - utils.alert_system - INFO - Alert cleared
2026-04-10 09:37:35,028 - utils.alert_system - INFO - Alert cleared
2026-04-10 09:37:35,135 - utils.alert_system - INFO - Alert cleared
2026-04-10 09:37:35,228 - utils.alert_system - INFO - Alert cleared
2026-04-10 09:37:35,366 - utils.alert_system - INFO - Alert cleared
2026-04-10 09:37:35,461 - utils.alert_system - INFO - Alert cleared
2026-04-10 09:37:35,528 - utils.alert_system - INFO - Alert cleared
2026-04-10 09:37:35,628 - utils.alert_system - INFO - Alert cleared
2026-04-10 09:37:35,720 - utils.alert_system - INFO - Alert cleared
2026-04-10 09:37:35,786 - utils.alert_system - INFO - Alert cleared
2026-04-10 09:37:35,886 - utils.alert_system - INFO - Alert cleared
2026-04-10 09:37:35,997 - utils.alert_system - INFO - Alert cleared
2026-04-10 09:37:36,087 - utils.alert_system - INFO - Alert cleared
2026-04-10 09:37:36,166 - utils.alert_system - INFO - Alert cleared
2026-04-10 09:37:36,284 - utils.alert_system - INFO - Alert cleared
2026-04-10 09:37:36,377 - utils.alert_system - INFO - Alert cleared
2026-04-10 09:37:36,466 - utils.alert_system - INFO - Alert cleared
2026-04-10 09:37:36,568 - utils.alert_system - INFO - Alert cleared
2026-04-10 09:37:36,684 - utils.alert_system - INFO - Alert cleared
2026-04-10 09:37:36,759 - utils.alert_system - INFO - Alert cleared
2026-04-10 09:37:36,868 - utils.alert_system - INFO - Alert cleared
2026-04-10 09:37:36,966 - utils.alert_system - INFO - Alert cleared
2026-04-10 09:37:37,041 - utils.alert_system - INFO - Alert cleared
2026-04-10 09:37:37,147 - utils.alert_system - INFO - Alert cleared
2026-04-10 09:37:37,260 - utils.alert_system - INFO - Alert cleared
2026-04-10 09:37:37,330 - utils.alert_system - INFO - Alert cleared
2026-04-10 09:37:37,452 - utils.alert_system - INFO - Alert cleared
2026-04-10 09:37:37,566 - utils.alert_system - INFO - Alert cleared
2026-04-10 09:37:37,660 - utils.alert_system - INFO - Alert cleared
2026-04-10 09:37:37,751 - utils.alert_system - INFO - Alert cleared
2026-04-10 09:37:37,871 - utils.alert_system - INFO - Alert cleared
2026-04-10 09:37:37,953 - utils.alert_system - INFO - Alert cleared
2026-04-10 09:37:38,084 - utils.alert_system - INFO - Alert cleared
2026-04-10 09:37:38,184 - utils.alert_system - INFO - Alert cleared
2026-04-10 09:37:38,288 - utils.alert_system - INFO - Alert cleared
2026-04-10 09:37:38,423 - utils.alert_system - INFO - Alert cleared
2026-04-10 09:37:38,502 - utils.alert_system - INFO - Alert cleared
2026-04-10 09:37:38,697 - utils.alert_system - INFO - Alert cleared
2026-04-10 09:37:38,797 - utils.alert_system - INFO - Alert cleared
2026-04-10 09:37:38,921 - utils.alert_system - INFO - Alert cleared
2026-04-10 09:37:38,997 - utils.alert_system - INFO - Alert cleared
2026-04-10 09:37:39,110 - utils.alert_system - INFO - Alert cleared
2026-04-10 09:37:39,197 - utils.alert_system - INFO - Alert cleared
2026-04-10 09:37:39,282 - utils.alert_system - INFO - Alert cleared
2026-04-10 09:37:39,378 - utils.alert_system - INFO - Alert cleared
2026-04-10 09:37:39,466 - utils.alert_system - INFO - Alert cleared
2026-04-10 09:37:39,547 - utils.alert_system - INFO - Alert cleared
2026-04-10 09:37:39,676 - utils.alert_system - INFO - Alert cleared
2026-04-10 09:37:39,847 - utils.alert_system - INFO - Alert cleared
2026-04-10 09:37:39,983 - utils.alert_system - INFO - Alert cleared
2026-04-10 09:37:40,098 - utils.alert_system - INFO - Alert cleared
2026-04-10 09:37:40,216 - utils.alert_system - INFO - Alert cleared
2026-04-10 09:37:40,316 - utils.alert_system - INFO - Alert cleared
2026-04-10 09:37:40,428 - utils.alert_system - INFO - Alert cleared
2026-04-10 09:37:40,547 - utils.alert_system - INFO - Alert cleared
2026-04-10 09:37:40,656 - utils.alert_system - INFO - Alert cleared
2026-04-10 09:37:40,764 - utils.alert_system - INFO - Alert cleared
2026-04-10 09:37:40,921 - utils.alert_system - INFO - Alert cleared
2026-04-10 09:37:41,016 - utils.alert_system - INFO - Alert cleared
2026-04-10 09:37:41,099 - utils.alert_system - INFO - Alert cleared
2026-04-10 09:37:41,197 - utils.alert_system - INFO - Alert cleared
2026-04-10 09:37:41,292 - utils.alert_system - INFO - Alert cleared
2026-04-10 09:37:41,397 - utils.alert_system - INFO - Alert cleared
2026-04-10 09:37:41,500 - utils.alert_system - INFO - Alert cleared
2026-04-10 09:37:41,616 - utils.alert_system - INFO - Alert cleared
2026-04-10 09:37:41,689 - utils.alert_system - INFO - Alert cleared
2026-04-10 09:37:41,798 - utils.alert_system - INFO - Alert cleared
2026-04-10 09:37:41,890 - utils.alert_system - INFO - Alert cleared
2026-04-10 09:37:41,987 - utils.alert_system - INFO - Alert cleared
2026-04-10 09:37:42,078 - utils.alert_system - INFO - Alert cleared
2026-04-10 09:37:42,206 - utils.alert_system - INFO - Alert cleared
2026-04-10 09:37:42,316 - utils.alert_system - INFO - Alert cleared
2026-04-10 09:37:42,397 - utils.alert_system - INFO - Alert cleared
2026-04-10 09:37:42,484 - utils.alert_system - INFO - Alert cleared
2026-04-10 09:37:42,579 - utils.alert_system - INFO - Alert cleared
2026-04-10 09:37:42,729 - utils.alert_system - INFO - Alert cleared
2026-04-10 09:37:42,848 - utils.alert_system - INFO - Alert cleared
2026-04-10 09:37:42,950 - utils.alert_system - INFO - Alert cleared
2026-04-10 09:37:43,069 - utils.alert_system - INFO - Alert cleared
2026-04-10 09:37:43,151 - utils.alert_system - INFO - Alert cleared
2026-04-10 09:37:43,228 - utils.alert_system - INFO - Alert cleared
2026-04-10 09:37:43,349 - utils.alert_system - INFO - Alert cleared
2026-04-10 09:37:43,466 - utils.alert_system - INFO - Alert cleared
2026-04-10 09:37:43,600 - utils.alert_system - INFO - Alert cleared
2026-04-10 09:37:43,689 - utils.alert_system - INFO - Alert cleared
2026-04-10 09:37:43,768 - utils.alert_system - INFO - Alert cleared
2026-04-10 09:37:43,827 - utils.alert_system - INFO - Alert cleared
2026-04-10 09:37:43,917 - utils.alert_system - INFO - Alert cleared
2026-04-10 09:37:44,016 - utils.alert_system - INFO - Alert cleared
2026-04-10 09:37:44,111 - utils.alert_system - INFO - Alert cleared
2026-04-10 09:37:44,216 - utils.alert_system - INFO - Alert cleared
2026-04-10 09:37:44,278 - utils.alert_system - INFO - Alert cleared
2026-04-10 09:37:44,398 - utils.alert_system - INFO - Alert cleared
2026-04-10 09:37:44,506 - utils.alert_system - INFO - Alert cleared
2026-04-10 09:37:44,577 - utils.alert_system - INFO - Alert cleared
2026-04-10 09:37:44,655 - utils.alert_system - INFO - Alert cleared
2026-04-10 09:37:44,733 - utils.alert_system - INFO - Alert cleared
2026-04-10 09:37:44,839 - utils.alert_system - INFO - Alert cleared
2026-04-10 09:37:44,956 - utils.alert_system - INFO - Alert cleared
2026-04-10 09:37:45,027 - utils.alert_system - INFO - Alert cleared
2026-04-10 09:37:45,132 - utils.alert_system - INFO - Alert cleared
2026-04-10 09:37:45,231 - utils.alert_system - INFO - Alert cleared
2026-04-10 09:37:45,319 - utils.alert_system - INFO - Alert cleared
2026-04-10 09:37:45,424 - utils.alert_system - INFO - Alert cleared
2026-04-10 09:37:45,539 - utils.alert_system - INFO - Alert cleared
2026-04-10 09:37:45,658 - utils.alert_system - INFO - Alert cleared
2026-04-10 09:37:45,755 - utils.alert_system - INFO - Alert cleared
2026-04-10 09:37:45,836 - utils.alert_system - INFO - Alert cleared
2026-04-10 09:37:45,947 - utils.alert_system - INFO - Alert cleared
2026-04-10 09:37:46,017 - utils.alert_system - INFO - Alert cleared
2026-04-10 09:37:46,078 - utils.alert_system - INFO - Alert cleared
2026-04-10 09:37:46,154 - utils.alert_system - INFO - Alert cleared
2026-04-10 09:37:46,266 - utils.alert_system - INFO - Alert cleared
2026-04-10 09:37:46,334 - utils.alert_system - INFO - Alert cleared
2026-04-10 09:37:46,474 - utils.alert_system - INFO - Alert cleared
2026-04-10 09:37:46,581 - utils.alert_system - INFO - Alert cleared
2026-04-10 09:37:46,697 - utils.alert_system - INFO - Alert cleared
2026-04-10 09:37:46,878 - utils.alert_system - INFO - Alert cleared
2026-04-10 09:37:46,978 - utils.alert_system - INFO - Alert cleared
2026-04-10 09:37:47,074 - utils.alert_system - INFO - Alert cleared
2026-04-10 09:37:47,178 - utils.alert_system - INFO - Alert cleared
2026-04-10 09:37:47,288 - utils.alert_system - INFO - Alert cleared
2026-04-10 09:37:47,377 - utils.alert_system - INFO - Alert cleared
2026-04-10 09:37:47,475 - utils.alert_system - INFO - Alert cleared
2026-04-10 09:37:47,616 - utils.alert_system - INFO - Alert cleared
2026-04-10 09:37:47,716 - utils.alert_system - INFO - Alert cleared
2026-04-10 09:37:47,823 - utils.alert_system - INFO - Alert cleared
2026-04-10 09:37:47,937 - utils.alert_system - INFO - Alert cleared
2026-04-10 09:37:48,016 - utils.alert_system - INFO - Alert cleared
2026-04-10 09:37:48,102 - utils.alert_system - INFO - Alert cleared
2026-04-10 09:37:48,178 - utils.alert_system - INFO - Alert cleared
2026-04-10 09:37:48,266 - utils.alert_system - INFO - Alert cleared
2026-04-10 09:37:48,375 - utils.alert_system - INFO - Alert cleared
2026-04-10 09:37:48,493 - utils.alert_system - INFO - Alert cleared
2026-04-10 09:37:48,594 - utils.alert_system - INFO - Alert cleared
2026-04-10 09:37:48,717 - utils.alert_system - INFO - Alert cleared
2026-04-10 09:37:48,849 - utils.alert_system - INFO - Alert cleared
2026-04-10 09:37:48,949 - utils.alert_system - INFO - Alert cleared
2026-04-10 09:37:49,047 - utils.alert_system - INFO - Alert cleared
2026-04-10 09:37:49,154 - utils.alert_system - INFO - Alert cleared
2026-04-10 09:37:49,228 - utils.alert_system - INFO - Alert cleared
2026-04-10 09:37:49,322 - utils.alert_system - INFO - Alert cleared
2026-04-10 09:37:49,437 - utils.alert_system - INFO - Alert cleared
2026-04-10 09:37:49,537 - utils.alert_system - INFO - Alert cleared
2026-04-10 09:37:49,643 - utils.alert_system - INFO - Alert cleared
2026-04-10 09:37:49,797 - utils.alert_system - INFO - Alert cleared
2026-04-10 09:37:49,897 - utils.alert_system - INFO - Alert cleared
2026-04-10 09:37:50,016 - utils.alert_system - INFO - Alert cleared
2026-04-10 09:37:50,128 - utils.alert_system - INFO - Alert cleared
2026-04-10 09:37:50,247 - utils.alert_system - INFO - Alert cleared
2026-04-10 09:37:50,370 - utils.alert_system - INFO - Alert cleared
2026-04-10 09:37:50,603 - utils.alert_system - INFO - Alert cleared
2026-04-10 09:37:50,704 - utils.alert_system - INFO - Alert cleared
2026-04-10 09:37:50,886 - utils.alert_system - INFO - Alert cleared
2026-04-10 09:37:50,977 - utils.alert_system - INFO - Alert cleared
2026-04-10 09:37:51,069 - utils.alert_system - INFO - Alert cleared
2026-04-10 09:37:51,132 - utils.alert_system - INFO - Alert cleared
2026-04-10 09:37:51,254 - utils.alert_system - INFO - Alert cleared
2026-04-10 09:37:51,354 - utils.alert_system - INFO - Alert cleared
2026-04-10 09:37:51,478 - utils.alert_system - INFO - Alert cleared
2026-04-10 09:37:51,583 - utils.alert_system - INFO - Alert cleared
2026-04-10 09:37:51,699 - utils.alert_system - INFO - Alert cleared
2026-04-10 09:37:51,818 - utils.alert_system - INFO - Alert cleared
2026-04-10 09:37:51,925 - utils.alert_system - INFO - Alert cleared
2026-04-10 09:37:52,028 - utils.alert_system - INFO - Alert cleared
2026-04-10 09:37:52,153 - utils.alert_system - INFO - Alert cleared
2026-04-10 09:37:52,393 - utils.alert_system - INFO - Alert cleared
2026-04-10 09:37:52,478 - utils.alert_system - INFO - Alert cleared
2026-04-10 09:37:52,566 - utils.alert_system - INFO - Alert cleared
2026-04-10 09:37:52,652 - utils.alert_system - INFO - Alert cleared
2026-04-10 09:37:52,749 - utils.alert_system - INFO - Alert cleared
2026-04-10 09:37:52,888 - utils.alert_system - INFO - Alert cleared
2026-04-10 09:37:53,028 - utils.alert_system - INFO - Alert cleared
2026-04-10 09:37:53,152 - utils.alert_system - INFO - Alert cleared
2026-04-10 09:37:53,352 - utils.alert_system - INFO - Alert cleared
2026-04-10 09:37:53,466 - utils.alert_system - INFO - Alert cleared
2026-04-10 09:37:53,586 - utils.alert_system - INFO - Alert cleared
2026-04-10 09:37:53,688 - utils.alert_system - INFO - Alert cleared
2026-04-10 09:37:53,804 - utils.alert_system - INFO - Alert cleared
2026-04-10 09:37:53,886 - utils.alert_system - INFO - Alert cleared
2026-04-10 09:37:53,986 - utils.alert_system - INFO - Alert cleared
2026-04-10 09:37:54,078 - utils.alert_system - INFO - Alert cleared
2026-04-10 09:37:54,177 - utils.alert_system - INFO - Alert cleared
2026-04-10 09:37:54,266 - utils.alert_system - INFO - Alert cleared
2026-04-10 09:37:54,378 - utils.alert_system - INFO - Alert cleared
2026-04-10 09:37:54,459 - utils.alert_system - INFO - Alert cleared
2026-04-10 09:37:54,547 - utils.alert_system - INFO - Alert cleared
2026-04-10 09:37:54,630 - utils.alert_system - INFO - Alert cleared
2026-04-10 09:37:54,704 - utils.alert_system - INFO - Alert cleared
2026-04-10 09:37:54,778 - utils.alert_system - INFO - Alert cleared
2026-04-10 09:37:54,847 - utils.alert_system - INFO - Alert cleared
2026-04-10 09:37:54,935 - utils.alert_system - INFO - Alert cleared
2026-04-10 09:37:55,026 - utils.alert_system - INFO - Alert cleared
2026-04-10 09:37:55,127 - utils.alert_system - INFO - Alert cleared
2026-04-10 09:37:55,263 - utils.alert_system - INFO - Alert cleared
2026-04-10 09:37:55,355 - utils.alert_system - INFO - Alert cleared
2026-04-10 09:37:55,460 - utils.alert_system - INFO - Alert cleared
2026-04-10 09:37:55,547 - utils.alert_system - INFO - Alert cleared
2026-04-10 09:37:55,628 - utils.alert_system - INFO - Alert cleared
2026-04-10 09:37:55,709 - utils.alert_system - INFO - Alert cleared
2026-04-10 09:37:55,790 - utils.alert_system - INFO - Alert cleared
2026-04-10 09:37:55,867 - utils.alert_system - INFO - Alert cleared
2026-04-10 09:37:55,981 - utils.alert_system - INFO - Alert cleared
2026-04-10 09:37:56,067 - utils.alert_system - INFO - Alert cleared
2026-04-10 09:37:56,162 - utils.alert_system - INFO - Alert cleared
2026-04-10 09:37:56,266 - utils.alert_system - INFO - Alert cleared
2026-04-10 09:37:56,336 - utils.alert_system - INFO - Alert cleared
2026-04-10 09:37:56,413 - utils.alert_system - INFO - Alert cleared
2026-04-10 09:37:56,517 - utils.alert_system - INFO - Alert cleared
2026-04-10 09:37:56,616 - utils.alert_system - INFO - Alert cleared
2026-04-10 09:37:56,757 - utils.alert_system - INFO - Alert cleared
2026-04-10 09:37:56,924 - utils.alert_system - INFO - Alert cleared
2026-04-10 09:37:57,047 - utils.alert_system - INFO - Alert cleared
2026-04-10 09:37:57,129 - utils.alert_system - INFO - Alert cleared
2026-04-10 09:37:57,257 - utils.alert_system - INFO - Alert cleared
2026-04-10 09:37:57,329 - utils.alert_system - INFO - Alert cleared
2026-04-10 09:37:57,434 - utils.alert_system - INFO - Alert cleared
2026-04-10 09:37:57,528 - utils.alert_system - INFO - Alert cleared
2026-04-10 09:37:57,619 - utils.alert_system - INFO - Alert cleared
2026-04-10 09:37:57,710 - utils.alert_system - INFO - Alert cleared
2026-04-10 09:37:57,828 - utils.alert_system - INFO - Alert cleared
2026-04-10 09:37:57,928 - utils.alert_system - INFO - Alert cleared
2026-04-10 09:37:58,047 - utils.alert_system - INFO - Alert cleared
2026-04-10 09:37:58,167 - utils.alert_system - INFO - Alert cleared
2026-04-10 09:37:58,266 - utils.alert_system - INFO - Alert cleared
2026-04-10 09:37:58,400 - utils.alert_system - INFO - Alert cleared
2026-04-10 09:37:58,505 - utils.alert_system - INFO - Alert cleared
2026-04-10 09:37:58,617 - utils.alert_system - INFO - Alert cleared
2026-04-10 09:37:58,698 - utils.alert_system - INFO - Alert cleared
2026-04-10 09:37:58,801 - utils.alert_system - INFO - Alert cleared
2026-04-10 09:37:58,884 - utils.alert_system - INFO - Alert cleared
2026-04-10 09:37:58,978 - utils.alert_system - INFO - Alert cleared
2026-04-10 09:37:59,067 - utils.alert_system - INFO - Alert cleared
2026-04-10 09:37:59,166 - utils.alert_system - INFO - Alert cleared
2026-04-10 09:37:59,251 - utils.alert_system - INFO - Alert cleared
2026-04-10 09:37:59,378 - utils.alert_system - INFO - Alert cleared
2026-04-10 09:37:59,483 - utils.alert_system - INFO - Alert cleared
2026-04-10 09:37:59,596 - utils.alert_system - INFO - Alert cleared
2026-04-10 09:37:59,696 - utils.alert_system - INFO - Alert cleared
2026-04-10 09:37:59,798 - utils.alert_system - INFO - Alert cleared
2026-04-10 09:37:59,917 - utils.alert_system - INFO - Alert cleared
2026-04-10 09:38:00,016 - utils.alert_system - INFO - Alert cleared
2026-04-10 09:38:00,085 - utils.alert_system - INFO - Alert cleared
2026-04-10 09:38:00,178 - utils.alert_system - INFO - Alert cleared
2026-04-10 09:38:00,266 - utils.alert_system - INFO - Alert cleared
2026-04-10 09:38:00,348 - utils.alert_system - INFO - Alert cleared
2026-04-10 09:38:00,428 - utils.alert_system - INFO - Alert cleared
2026-04-10 09:38:00,548 - utils.alert_system - INFO - Alert cleared
2026-04-10 09:38:00,667 - utils.alert_system - INFO - Alert cleared
2026-04-10 09:38:00,752 - utils.alert_system - INFO - Alert cleared
2026-04-10 09:38:00,866 - utils.alert_system - INFO - Alert cleared
2026-04-10 09:38:00,985 - utils.alert_system - INFO - Alert cleared
2026-04-10 09:38:01,069 - utils.alert_system - INFO - Alert cleared
2026-04-10 09:38:01,180 - utils.alert_system - INFO - Alert cleared
2026-04-10 09:38:01,309 - utils.alert_system - INFO - Alert cleared
2026-04-10 09:38:01,387 - utils.alert_system - INFO - Alert cleared
2026-04-10 09:38:01,500 - utils.alert_system - INFO - Alert cleared
2026-04-10 09:38:01,582 - utils.alert_system - INFO - Alert cleared
2026-04-10 09:38:01,666 - utils.alert_system - INFO - Alert cleared
2026-04-10 09:38:01,750 - utils.alert_system - INFO - Alert cleared
2026-04-10 09:38:01,850 - utils.alert_system - INFO - Alert cleared
2026-04-10 09:38:01,945 - utils.alert_system - INFO - Alert cleared
2026-04-10 09:38:02,018 - utils.alert_system - INFO - Alert cleared
2026-04-10 09:38:02,128 - utils.alert_system - INFO - Alert cleared
2026-04-10 09:38:02,228 - utils.alert_system - INFO - Alert cleared
2026-04-10 09:38:02,316 - utils.alert_system - INFO - Alert cleared
2026-04-10 09:38:02,406 - utils.alert_system - INFO - Alert cleared
2026-04-10 09:38:02,503 - utils.alert_system - INFO - Alert cleared
2026-04-10 09:38:02,609 - utils.alert_system - INFO - Alert cleared
2026-04-10 09:38:02,702 - utils.alert_system - INFO - Alert cleared
2026-04-10 09:38:02,786 - utils.alert_system - INFO - Alert cleared
2026-04-10 09:38:02,877 - utils.alert_system - INFO - Alert cleared
2026-04-10 09:38:02,961 - utils.alert_system - INFO - Alert cleared
2026-04-10 09:38:03,067 - utils.alert_system - INFO - Alert cleared
2026-04-10 09:38:03,189 - utils.alert_system - INFO - Alert cleared
2026-04-10 09:38:03,293 - utils.alert_system - INFO - Alert cleared
2026-04-10 09:38:03,400 - utils.alert_system - INFO - Alert cleared
2026-04-10 09:38:03,504 - utils.alert_system - INFO - Alert cleared
2026-04-10 09:38:03,617 - utils.alert_system - INFO - Alert cleared
2026-04-10 09:38:03,706 - utils.alert_system - INFO - Alert cleared
2026-04-10 09:38:03,816 - utils.alert_system - INFO - Alert cleared
2026-04-10 09:38:03,883 - utils.alert_system - INFO - Alert cleared
2026-04-10 09:38:03,997 - utils.alert_system - INFO - Alert cleared
2026-04-10 09:38:04,078 - utils.alert_system - INFO - Alert cleared
2026-04-10 09:38:04,164 - utils.alert_system - INFO - Alert cleared
2026-04-10 09:38:04,247 - utils.alert_system - INFO - Alert cleared
2026-04-10 09:38:04,333 - utils.alert_system - INFO - Alert cleared
2026-04-10 09:38:04,408 - utils.alert_system - INFO - Alert cleared
2026-04-10 09:38:04,528 - utils.alert_system - INFO - Alert cleared
2026-04-10 09:38:04,597 - utils.alert_system - INFO - Alert cleared
2026-04-10 09:38:04,716 - utils.alert_system - INFO - Alert cleared
2026-04-10 09:38:04,797 - utils.alert_system - INFO - Alert cleared
2026-04-10 09:38:04,859 - utils.alert_system - INFO - Alert cleared
2026-04-10 09:38:04,929 - utils.alert_system - INFO - Alert cleared
2026-04-10 09:38:05,038 - utils.alert_system - INFO - Alert cleared
2026-04-10 09:38:05,127 - utils.alert_system - INFO - Alert cleared
2026-04-10 09:38:05,199 - utils.alert_system - INFO - Alert cleared
2026-04-10 09:38:05,288 - utils.alert_system - INFO - Alert cleared
2026-04-10 09:38:05,369 - utils.alert_system - INFO - Alert cleared
2026-04-10 09:38:05,450 - utils.alert_system - INFO - Alert cleared
2026-04-10 09:38:05,529 - utils.alert_system - INFO - Alert cleared
2026-04-10 09:38:05,609 - utils.alert_system - INFO - Alert cleared
2026-04-10 09:38:05,678 - utils.alert_system - INFO - Alert cleared
2026-04-10 09:38:05,765 - utils.alert_system - INFO - Alert cleared
2026-04-10 09:38:05,857 - utils.alert_system - INFO - Alert cleared
2026-04-10 09:38:05,966 - utils.alert_system - INFO - Alert cleared
2026-04-10 09:38:06,066 - utils.alert_system - INFO - Alert cleared
2026-04-10 09:38:06,128 - utils.alert_system - INFO - Alert cleared
2026-04-10 09:38:06,209 - utils.alert_system - INFO - Alert cleared
2026-04-10 09:38:06,278 - utils.alert_system - INFO - Alert cleared
2026-04-10 09:38:06,518 - utils.alert_system - INFO - Alert cleared
2026-04-10 09:38:06,591 - utils.alert_system - INFO - Alert cleared
2026-04-10 09:38:06,666 - utils.alert_system - INFO - Alert cleared
2026-04-10 09:38:06,728 - utils.alert_system - INFO - Alert cleared
2026-04-10 09:38:06,790 - utils.alert_system - INFO - Alert cleared
2026-04-10 09:38:06,856 - utils.alert_system - INFO - Alert cleared
2026-04-10 09:38:06,928 - utils.alert_system - INFO - Alert cleared
2026-04-10 09:38:06,997 - utils.alert_system - INFO - Alert cleared
2026-04-10 09:38:07,065 - utils.alert_system - INFO - Alert cleared
2026-04-10 09:38:07,128 - utils.alert_system - INFO - Alert cleared
2026-04-10 09:38:07,231 - utils.alert_system - INFO - Alert cleared
2026-04-10 09:38:07,331 - utils.alert_system - INFO - Alert cleared
2026-04-10 09:38:07,430 - utils.alert_system - INFO - Alert cleared
2026-04-10 09:38:07,547 - utils.alert_system - INFO - Alert cleared
2026-04-10 09:38:07,627 - utils.alert_system - INFO - Alert cleared
2026-04-10 09:38:07,681 - utils.alert_system - INFO - Alert cleared
2026-04-10 09:38:07,770 - utils.alert_system - INFO - Alert cleared
2026-04-10 09:38:07,840 - utils.alert_system - INFO - Alert cleared
2026-04-10 09:38:07,943 - utils.alert_system - INFO - Alert cleared
2026-04-10 09:38:08,030 - utils.alert_system - INFO - Alert cleared
2026-04-10 09:38:08,128 - utils.alert_system - INFO - Alert cleared
2026-04-10 09:38:08,181 - utils.alert_system - INFO - Alert cleared
2026-04-10 09:38:08,266 - utils.alert_system - INFO - Alert cleared
2026-04-10 09:38:08,328 - utils.alert_system - INFO - Alert cleared
2026-04-10 09:38:08,448 - utils.alert_system - INFO - Alert cleared
2026-04-10 09:38:08,558 - utils.alert_system - INFO - Alert cleared
2026-04-10 09:38:08,666 - utils.alert_system - INFO - Alert cleared
2026-04-10 09:38:08,728 - utils.alert_system - INFO - Alert cleared
2026-04-10 09:38:08,817 - utils.alert_system - INFO - Alert cleared
2026-04-10 09:38:08,872 - utils.alert_system - INFO - Alert cleared
2026-04-10 09:38:08,940 - utils.alert_system - INFO - Alert cleared
2026-04-10 09:38:09,030 - utils.alert_system - INFO - Alert cleared
2026-04-10 09:38:09,118 - utils.alert_system - INFO - Alert cleared
2026-04-10 09:38:09,206 - utils.alert_system - INFO - Alert cleared
2026-04-10 09:38:09,313 - utils.alert_system - INFO - Alert cleared
2026-04-10 09:38:09,396 - utils.alert_system - INFO - Alert cleared
2026-04-10 09:38:09,463 - utils.alert_system - INFO - Alert cleared
2026-04-10 09:38:09,549 - utils.alert_system - INFO - Alert cleared
2026-04-10 09:38:09,613 - utils.alert_system - INFO - Alert cleared
2026-04-10 09:38:09,713 - utils.alert_system - INFO - Alert cleared
2026-04-10 09:38:09,790 - utils.alert_system - INFO - Alert cleared
2026-04-10 09:38:09,877 - utils.alert_system - INFO - Alert cleared
2026-04-10 09:38:09,977 - utils.alert_system - INFO - Alert cleared
2026-04-10 09:38:10,052 - utils.alert_system - INFO - Alert cleared
2026-04-10 09:38:10,139 - utils.alert_system - INFO - Alert cleared
2026-04-10 09:38:10,202 - utils.alert_system - INFO - Alert cleared
2026-04-10 09:38:10,272 - utils.alert_system - INFO - Alert cleared
2026-04-10 09:38:10,366 - utils.alert_system - INFO - Alert cleared
2026-04-10 09:38:10,458 - utils.alert_system - INFO - Alert cleared
2026-04-10 09:38:10,542 - utils.alert_system - INFO - Alert cleared
2026-04-10 09:38:10,630 - utils.alert_system - INFO - Alert cleared
2026-04-10 09:38:10,728 - utils.alert_system - INFO - Alert cleared
2026-04-10 09:38:10,817 - utils.alert_system - INFO - Alert cleared
2026-04-10 09:38:10,904 - utils.alert_system - INFO - Alert cleared
2026-04-10 09:38:10,985 - utils.alert_system - INFO - Alert cleared
2026-04-10 09:38:11,048 - utils.alert_system - INFO - Alert cleared
2026-04-10 09:38:11,147 - utils.alert_system - INFO - Alert cleared
2026-04-10 09:38:11,248 - utils.alert_system - INFO - Alert cleared
2026-04-10 09:38:11,330 - utils.alert_system - INFO - Alert cleared
2026-04-10 09:38:11,416 - utils.alert_system - INFO - Alert cleared
2026-04-10 09:38:11,478 - utils.alert_system - INFO - Alert cleared
2026-04-10 09:38:11,566 - utils.alert_system - INFO - Alert cleared
2026-04-10 09:38:11,662 - utils.alert_system - INFO - Alert cleared
2026-04-10 09:38:11,767 - utils.alert_system - INFO - Alert cleared
2026-04-10 09:38:11,843 - utils.alert_system - INFO - Alert cleared
2026-04-10 09:38:11,912 - utils.alert_system - INFO - Alert cleared
2026-04-10 09:38:11,981 - utils.alert_system - INFO - Alert cleared
2026-04-10 09:38:12,066 - utils.alert_system - INFO - Alert cleared
2026-04-10 09:38:12,166 - utils.alert_system - INFO - Alert cleared
2026-04-10 09:38:12,247 - utils.alert_system - INFO - Alert cleared
2026-04-10 09:38:12,328 - utils.alert_system - INFO - Alert cleared
2026-04-10 09:38:12,422 - utils.alert_system - INFO - Alert cleared
2026-04-10 09:38:12,479 - utils.alert_system - INFO - Alert cleared
2026-04-10 09:38:12,566 - utils.alert_system - INFO - Alert cleared
2026-04-10 09:38:12,642 - utils.alert_system - INFO - Alert cleared
2026-04-10 09:38:12,730 - utils.alert_system - INFO - Alert cleared
2026-04-10 09:38:12,817 - utils.alert_system - INFO - Alert cleared
2026-04-10 09:38:12,917 - utils.alert_system - INFO - Alert cleared
2026-04-10 09:38:12,997 - utils.alert_system - INFO - Alert cleared
2026-04-10 09:38:13,069 - utils.alert_system - INFO - Alert cleared
2026-04-10 09:38:13,157 - utils.alert_system - INFO - Alert cleared
2026-04-10 09:38:13,241 - utils.alert_system - INFO - Alert cleared
2026-04-10 09:38:13,319 - utils.alert_system - INFO - Alert cleared
2026-04-10 09:38:13,385 - utils.alert_system - INFO - Alert cleared
2026-04-10 09:38:13,458 - utils.alert_system - INFO - Alert cleared
2026-04-10 09:38:13,543 - utils.alert_system - INFO - Alert cleared
2026-04-10 09:38:13,636 - utils.alert_system - INFO - Alert cleared
2026-04-10 09:38:13,720 - utils.alert_system - INFO - Alert cleared
2026-04-10 09:38:13,802 - utils.alert_system - INFO - Alert cleared
2026-04-10 09:38:13,876 - utils.alert_system - INFO - Alert cleared
2026-04-10 09:38:13,978 - utils.alert_system - INFO - Alert cleared
2026-04-10 09:38:14,070 - utils.alert_system - INFO - Alert cleared
2026-04-10 09:38:14,167 - utils.alert_system - INFO - Alert cleared
2026-04-10 09:38:14,237 - utils.alert_system - INFO - Alert cleared
2026-04-10 09:38:14,320 - utils.alert_system - INFO - Alert cleared
2026-04-10 09:38:14,420 - utils.alert_system - INFO - Alert cleared
2026-04-10 09:38:14,486 - utils.alert_system - INFO - Alert cleared
2026-04-10 09:38:14,553 - utils.alert_system - INFO - Alert cleared
2026-04-10 09:38:14,647 - utils.alert_system - INFO - Alert cleared
2026-04-10 09:38:14,738 - utils.alert_system - INFO - Alert cleared
2026-04-10 09:38:14,834 - utils.alert_system - INFO - Alert cleared
2026-04-10 09:38:14,942 - utils.alert_system - INFO - Alert cleared
2026-04-10 09:38:15,004 - utils.alert_system - INFO - Alert cleared
2026-04-10 09:38:15,095 - utils.alert_system - INFO - Alert cleared
2026-04-10 09:38:15,166 - utils.alert_system - INFO - Alert cleared
2026-04-10 09:38:15,254 - utils.alert_system - INFO - Alert cleared
2026-04-10 09:38:15,321 - utils.alert_system - INFO - Alert cleared
2026-04-10 09:38:15,416 - utils.alert_system - INFO - Alert cleared
2026-04-10 09:38:15,497 - utils.alert_system - INFO - Alert cleared
2026-04-10 09:38:15,583 - utils.alert_system - INFO - Alert cleared
2026-04-10 09:38:15,669 - utils.alert_system - INFO - Alert cleared
2026-04-10 09:38:15,737 - utils.alert_system - INFO - Alert cleared
2026-04-10 09:38:15,822 - utils.alert_system - INFO - Alert cleared
2026-04-10 09:38:15,894 - utils.alert_system - INFO - Alert cleared
2026-04-10 09:38:15,966 - utils.alert_system - INFO - Alert cleared
2026-04-10 09:38:16,050 - utils.alert_system - INFO - Alert cleared
2026-04-10 09:38:16,154 - utils.alert_system - INFO - Alert cleared
2026-04-10 09:38:16,236 - utils.alert_system - INFO - Alert cleared
2026-04-10 09:38:16,323 - utils.alert_system - INFO - Alert cleared
2026-04-10 09:38:16,402 - utils.alert_system - INFO - Alert cleared
2026-04-10 09:38:16,469 - utils.alert_system - INFO - Alert cleared
2026-04-10 09:38:16,553 - utils.alert_system - INFO - Alert cleared
2026-04-10 09:38:16,641 - utils.alert_system - INFO - Alert cleared
2026-04-10 09:38:16,730 - utils.alert_system - INFO - Alert cleared
2026-04-10 09:38:16,836 - utils.alert_system - INFO - Alert cleared
2026-04-10 09:38:16,937 - utils.alert_system - INFO - Alert cleared
2026-04-10 09:38:17,002 - utils.alert_system - INFO - Alert cleared
2026-04-10 09:38:17,098 - utils.alert_system - INFO - Alert cleared
2026-04-10 09:38:17,247 - utils.alert_system - INFO - Alert cleared
2026-04-10 09:38:17,342 - utils.alert_system - INFO - Alert cleared
2026-04-10 09:38:17,406 - utils.alert_system - INFO - Alert cleared
2026-04-10 09:38:17,487 - utils.alert_system - INFO - Alert cleared
2026-04-10 09:38:17,552 - utils.alert_system - INFO - Alert cleared
2026-04-10 09:38:17,634 - utils.alert_system - INFO - Alert cleared
2026-04-10 09:38:17,707 - utils.alert_system - INFO - Alert cleared
2026-04-10 09:38:17,778 - utils.alert_system - INFO - Alert cleared
2026-04-10 09:38:17,859 - utils.alert_system - INFO - Alert cleared
2026-04-10 09:38:17,928 - utils.alert_system - INFO - Alert cleared
2026-04-10 09:38:17,999 - utils.alert_system - INFO - Alert cleared
2026-04-10 09:38:18,068 - utils.alert_system - INFO - Alert cleared
2026-04-10 09:38:18,132 - utils.alert_system - INFO - Alert cleared
2026-04-10 09:38:18,252 - utils.alert_system - INFO - Alert cleared
2026-04-10 09:38:18,351 - utils.alert_system - INFO - Alert cleared
2026-04-10 09:38:18,432 - utils.alert_system - INFO - Alert cleared
2026-04-10 09:38:18,530 - utils.alert_system - INFO - Alert cleared
2026-04-10 09:38:18,616 - utils.alert_system - INFO - Alert cleared
2026-04-10 09:38:18,697 - utils.alert_system - INFO - Alert cleared
2026-04-10 09:38:18,757 - utils.alert_system - INFO - Alert cleared
2026-04-10 09:38:18,866 - utils.alert_system - INFO - Alert cleared
2026-04-10 09:38:18,936 - utils.alert_system - INFO - Alert cleared
2026-04-10 09:38:19,028 - utils.alert_system - INFO - Alert cleared
2026-04-10 09:38:19,116 - utils.alert_system - INFO - Alert cleared
2026-04-10 09:38:19,217 - utils.alert_system - INFO - Alert cleared
2026-04-10 09:38:19,340 - utils.alert_system - INFO - Alert cleared
2026-04-10 09:38:19,441 - utils.alert_system - INFO - Alert cleared
2026-04-10 09:38:19,550 - utils.alert_system - INFO - Alert cleared
2026-04-10 09:38:19,624 - utils.alert_system - INFO - Alert cleared
2026-04-10 09:38:19,708 - utils.alert_system - INFO - Alert cleared
2026-04-10 09:38:19,779 - utils.alert_system - INFO - Alert cleared
2026-04-10 09:38:19,855 - utils.alert_system - INFO - Alert cleared
2026-04-10 09:38:19,934 - utils.alert_system - INFO - Alert cleared
2026-04-10 09:38:20,016 - utils.alert_system - INFO - Alert cleared
2026-04-10 09:38:20,098 - utils.alert_system - INFO - Alert cleared
2026-04-10 09:38:20,178 - utils.alert_system - INFO - Alert cleared
2026-04-10 09:38:20,298 - utils.alert_system - INFO - Alert cleared
2026-04-10 09:38:20,391 - utils.alert_system - INFO - Alert cleared
2026-04-10 09:38:20,478 - utils.alert_system - INFO - Alert cleared
2026-04-10 09:38:20,560 - utils.alert_system - INFO - Alert cleared
2026-04-10 09:38:20,633 - utils.alert_system - INFO - Alert cleared
2026-04-10 09:38:20,717 - utils.alert_system - INFO - Alert cleared
2026-04-10 09:38:20,802 - utils.alert_system - INFO - Alert cleared
2026-04-10 09:38:20,900 - utils.alert_system - INFO - Alert cleared
2026-04-10 09:38:20,967 - utils.alert_system - INFO - Alert cleared
2026-04-10 09:38:21,049 - utils.alert_system - INFO - Alert cleared
2026-04-10 09:38:21,116 - utils.alert_system - INFO - Alert cleared
2026-04-10 09:38:21,178 - utils.alert_system - INFO - Alert cleared
2026-04-10 09:38:21,279 - utils.alert_system - INFO - Alert cleared
2026-04-10 09:38:21,398 - utils.alert_system - INFO - Alert cleared
2026-04-10 09:38:21,486 - utils.alert_system - WARNING - Alert: WARNING | Distance: 16.2m | TTC: 1.9s
2026-04-10 09:38:21,998 - utils.alert_system - INFO - Alert cleared
2026-04-10 09:38:22,078 - utils.alert_system - INFO - Alert cleared
2026-04-10 09:38:22,328 - utils.alert_system - WARNING - Alert: DANGER | Distance: 14.9m | TTC: 1.8s
2026-04-10 09:38:22,450 - utils.alert_system - WARNING - Alert: DANGER | Distance: 14.6m | TTC: 1.8s
2026-04-10 09:38:22,652 - utils.alert_system - INFO - Alert cleared
2026-04-10 09:38:22,766 - utils.alert_system - WARNING - Alert: DANGER | Distance: 5.4m | TTC: 0.6s
2026-04-10 09:38:22,879 - utils.alert_system - INFO - Alert cleared
2026-04-10 09:38:22,988 - utils.alert_system - INFO - Alert cleared
2026-04-10 09:38:23,097 - utils.alert_system - INFO - Alert cleared
2026-04-10 09:38:23,198 - utils.alert_system - INFO - Alert cleared
2026-04-10 09:38:23,266 - utils.alert_system - INFO - Alert cleared
2026-04-10 09:38:23,348 - utils.alert_system - INFO - Alert cleared
2026-04-10 09:38:23,433 - utils.alert_system - INFO - Alert cleared
2026-04-10 09:38:23,498 - utils.alert_system - WARNING - Alert: DANGER | Distance: 13.3m | TTC: 1.6s
2026-04-10 09:38:23,566 - utils.alert_system - WARNING - Alert: DANGER | Distance: 12.2m | TTC: 1.5s
2026-04-10 09:38:23,666 - utils.alert_system - WARNING - Alert: DANGER | Distance: 10.9m | TTC: 1.3s
2026-04-10 09:38:23,739 - utils.alert_system - WARNING - Alert: DANGER | Distance: 9.8m | TTC: 1.2s
2026-04-10 09:38:23,924 - utils.alert_system - INFO - Alert cleared
2026-04-10 09:38:24,008 - utils.alert_system - WARNING - Alert: DANGER | Distance: 8.6m | TTC: 1.0s
2026-04-10 09:38:24,090 - utils.alert_system - WARNING - Alert: DANGER | Distance: 8.2m | TTC: 1.0s
2026-04-10 09:38:24,232 - utils.alert_system - INFO - Alert cleared
2026-04-10 09:38:24,328 - utils.alert_system - WARNING - Alert: DANGER | Distance: 7.8m | TTC: 0.9s
2026-04-10 09:38:24,439 - utils.alert_system - INFO - Alert cleared
2026-04-10 09:38:24,536 - utils.alert_system - WARNING - Alert: DANGER | Distance: 7.6m | TTC: 0.9s
2026-04-10 09:38:24,649 - utils.alert_system - INFO - Alert cleared
2026-04-10 09:38:24,728 - utils.alert_system - INFO - Alert cleared
2026-04-10 09:38:24,806 - utils.alert_system - INFO - Alert cleared
2026-04-10 09:38:24,914 - utils.alert_system - INFO - Alert cleared
2026-04-10 09:38:25,002 - utils.alert_system - INFO - Alert cleared
2026-04-10 09:38:25,091 - utils.alert_system - INFO - Alert cleared
2026-04-10 09:38:25,198 - utils.alert_system - INFO - Alert cleared
2026-04-10 09:38:25,284 - utils.alert_system - INFO - Alert cleared
2026-04-10 09:38:25,383 - utils.alert_system - INFO - Alert cleared
2026-04-10 09:38:25,471 - utils.alert_system - INFO - Alert cleared
2026-04-10 09:38:25,574 - utils.alert_system - INFO - Alert cleared
2026-04-10 09:38:25,654 - utils.alert_system - INFO - Alert cleared
2026-04-10 09:38:25,729 - utils.alert_system - INFO - Alert cleared
2026-04-10 09:38:25,798 - utils.alert_system - INFO - Alert cleared
2026-04-10 09:38:25,898 - utils.alert_system - INFO - Alert cleared
2026-04-10 09:38:25,997 - utils.alert_system - INFO - Alert cleared
2026-04-10 09:38:26,097 - utils.alert_system - INFO - Alert cleared
2026-04-10 09:38:26,181 - utils.alert_system - INFO - Alert cleared
2026-04-10 09:38:26,247 - utils.alert_system - INFO - Alert cleared
2026-04-10 09:38:26,342 - utils.alert_system - INFO - Alert cleared
2026-04-10 09:38:26,447 - utils.alert_system - INFO - Alert cleared
2026-04-10 09:38:26,534 - utils.alert_system - INFO - Alert cleared
2026-04-10 09:38:26,622 - utils.alert_system - INFO - Alert cleared
2026-04-10 09:38:26,730 - utils.alert_system - INFO - Alert cleared
2026-04-10 09:38:26,797 - utils.alert_system - INFO - Alert cleared
2026-04-10 09:38:26,858 - utils.alert_system - INFO - Alert cleared
2026-04-10 09:38:26,947 - utils.alert_system - INFO - Alert cleared
2026-04-10 09:38:27,048 - utils.alert_system - INFO - Alert cleared
2026-04-10 09:38:27,117 - utils.alert_system - INFO - Alert cleared
2026-04-10 09:38:27,190 - utils.alert_system - INFO - Alert cleared
2026-04-10 09:38:27,255 - utils.alert_system - INFO - Alert cleared
2026-04-10 09:38:27,339 - utils.alert_system - INFO - Alert cleared
2026-04-10 09:38:27,421 - utils.alert_system - INFO - Alert cleared
2026-04-10 09:38:27,505 - utils.alert_system - INFO - Alert cleared
2026-04-10 09:38:27,582 - utils.alert_system - INFO - Alert cleared
2026-04-10 09:38:27,728 - utils.alert_system - INFO - Alert cleared
2026-04-10 09:38:27,801 - utils.alert_system - INFO - Alert cleared
2026-04-10 09:38:27,897 - utils.alert_system - INFO - Alert cleared
2026-04-10 09:38:27,966 - utils.alert_system - INFO - Alert cleared
2026-04-10 09:38:28,047 - utils.alert_system - INFO - Alert cleared
2026-04-10 09:38:28,098 - utils.alert_system - INFO - Alert cleared
2026-04-10 09:38:28,181 - utils.alert_system - INFO - Alert cleared
2026-04-10 09:38:28,256 - utils.alert_system - INFO - Alert cleared
2026-04-10 09:38:28,348 - utils.alert_system - INFO - Alert cleared
2026-04-10 09:38:28,445 - utils.alert_system - INFO - Alert cleared
2026-04-10 09:38:28,528 - utils.alert_system - INFO - Alert cleared
2026-04-10 09:38:28,606 - utils.alert_system - INFO - Alert cleared
2026-04-10 09:38:28,705 - utils.alert_system - INFO - Alert cleared
2026-04-10 09:38:28,804 - utils.alert_system - INFO - Alert cleared
2026-04-10 09:38:28,897 - utils.alert_system - INFO - Alert cleared
2026-04-10 09:38:28,983 - utils.alert_system - INFO - Alert cleared
2026-04-10 09:38:29,193 - utils.alert_system - INFO - Alert cleared
2026-04-10 09:38:29,282 - utils.alert_system - INFO - Alert cleared
2026-04-10 09:38:29,348 - utils.alert_system - INFO - Alert cleared
2026-04-10 09:38:29,454 - utils.alert_system - INFO - Alert cleared
2026-04-10 09:38:29,527 - utils.alert_system - INFO - Alert cleared
2026-04-10 09:38:29,599 - utils.alert_system - INFO - Alert cleared
2026-04-10 09:38:29,664 - utils.alert_system - INFO - Alert cleared
2026-04-10 09:38:29,735 - utils.alert_system - INFO - Alert cleared
2026-04-10 09:38:29,828 - utils.alert_system - INFO - Alert cleared
2026-04-10 09:38:29,902 - utils.alert_system - INFO - Alert cleared
2026-04-10 09:38:29,999 - utils.alert_system - INFO - Alert cleared
2026-04-10 09:38:30,095 - utils.alert_system - INFO - Alert cleared
2026-04-10 09:38:30,178 - utils.alert_system - INFO - Alert cleared
2026-04-10 09:38:30,255 - utils.alert_system - INFO - Alert cleared
2026-04-10 09:38:30,347 - utils.alert_system - INFO - Alert cleared
2026-04-10 09:38:30,416 - utils.alert_system - INFO - Alert cleared
2026-04-10 09:38:30,521 - utils.alert_system - INFO - Alert cleared
2026-04-10 09:38:30,606 - utils.alert_system - INFO - Alert cleared
2026-04-10 09:38:30,728 - utils.alert_system - INFO - Alert cleared
2026-04-10 09:38:30,839 - utils.alert_system - INFO - Alert cleared
2026-04-10 09:38:30,897 - utils.alert_system - INFO - Alert cleared
2026-04-10 09:38:31,003 - utils.alert_system - INFO - Alert cleared
2026-04-10 09:38:31,079 - utils.alert_system - INFO - Alert cleared
2026-04-10 09:38:31,168 - utils.alert_system - INFO - Alert cleared
2026-04-10 09:38:31,238 - utils.alert_system - INFO - Alert cleared
2026-04-10 09:38:31,305 - utils.alert_system - INFO - Alert cleared
2026-04-10 09:38:31,387 - utils.alert_system - INFO - Alert cleared
2026-04-10 09:38:31,497 - utils.alert_system - INFO - Alert cleared
2026-04-10 09:38:31,554 - utils.alert_system - INFO - Alert cleared
2026-04-10 09:38:31,638 - utils.alert_system - INFO - Alert cleared
2026-04-10 09:38:31,721 - utils.alert_system - INFO - Alert cleared
2026-04-10 09:38:31,828 - utils.alert_system - INFO - Alert cleared
2026-04-10 09:38:31,885 - utils.alert_system - INFO - Alert cleared
2026-04-10 09:38:31,954 - utils.alert_system - INFO - Alert cleared
2026-04-10 09:38:32,037 - utils.alert_system - INFO - Alert cleared
2026-04-10 09:38:32,135 - utils.alert_system - INFO - Alert cleared
2026-04-10 09:38:32,216 - utils.alert_system - INFO - Alert cleared
2026-04-10 09:38:32,289 - utils.alert_system - INFO - Alert cleared
2026-04-10 09:38:32,347 - utils.alert_system - INFO - Alert cleared
2026-04-10 09:38:32,429 - utils.alert_system - INFO - Alert cleared
2026-04-10 09:38:32,520 - utils.alert_system - INFO - Alert cleared
2026-04-10 09:38:32,598 - utils.alert_system - INFO - Alert cleared
2026-04-10 09:38:32,666 - utils.alert_system - INFO - Alert cleared
2026-04-10 09:38:32,760 - utils.alert_system - INFO - Alert cleared
2026-04-10 09:38:32,851 - utils.alert_system - INFO - Alert cleared
2026-04-10 09:38:32,928 - utils.alert_system - INFO - Alert cleared
2026-04-10 09:38:33,004 - utils.alert_system - INFO - Alert cleared
2026-04-10 09:38:33,109 - utils.alert_system - INFO - Alert cleared
2026-04-10 09:38:33,197 - utils.alert_system - INFO - Alert cleared
2026-04-10 09:38:33,279 - utils.alert_system - INFO - Alert cleared
2026-04-10 09:38:33,349 - utils.alert_system - INFO - Alert cleared
2026-04-10 09:38:33,436 - utils.alert_system - INFO - Alert cleared
2026-04-10 09:38:33,561 - utils.alert_system - INFO - Alert cleared
2026-04-10 09:38:33,666 - utils.alert_system - INFO - Alert cleared
2026-04-10 09:38:33,737 - utils.alert_system - INFO - Alert cleared
2026-04-10 09:38:33,811 - utils.alert_system - INFO - Alert cleared
2026-04-10 09:38:33,894 - utils.alert_system - INFO - Alert cleared
2026-04-10 09:38:33,966 - utils.alert_system - INFO - Alert cleared
2026-04-10 09:38:34,029 - utils.alert_system - INFO - Alert cleared
2026-04-10 09:38:34,105 - utils.alert_system - INFO - Alert cleared
2026-04-10 09:38:34,187 - utils.alert_system - INFO - Alert cleared
2026-04-10 09:38:34,283 - utils.alert_system - INFO - Alert cleared
2026-04-10 09:38:34,368 - utils.alert_system - INFO - Alert cleared
2026-04-10 09:38:34,448 - utils.alert_system - INFO - Alert cleared
2026-04-10 09:38:34,528 - utils.alert_system - INFO - Alert cleared
2026-04-10 09:38:34,648 - utils.alert_system - INFO - Alert cleared
2026-04-10 09:38:34,716 - utils.alert_system - INFO - Alert cleared
2026-04-10 09:38:34,818 - utils.alert_system - INFO - Alert cleared
2026-04-10 09:38:34,902 - utils.alert_system - INFO - Alert cleared
2026-04-10 09:38:34,987 - utils.alert_system - INFO - Alert cleared
2026-04-10 09:38:35,052 - utils.alert_system - INFO - Alert cleared
2026-04-10 09:38:35,135 - utils.alert_system - INFO - Alert cleared
2026-04-10 09:38:35,252 - utils.alert_system - INFO - Alert cleared
2026-04-10 09:38:35,352 - utils.alert_system - INFO - Alert cleared
2026-04-10 09:38:35,436 - utils.alert_system - INFO - Alert cleared
2026-04-10 09:38:35,504 - utils.alert_system - INFO - Alert cleared
2026-04-10 09:38:35,584 - utils.alert_system - INFO - Alert cleared
2026-04-10 09:38:35,653 - utils.alert_system - INFO - Alert cleared
2026-04-10 09:38:35,716 - utils.alert_system - INFO - Alert cleared
2026-04-10 09:38:35,797 - utils.alert_system - INFO - Alert cleared
2026-04-10 09:38:35,878 - utils.alert_system - INFO - Alert cleared
2026-04-10 09:38:35,943 - utils.alert_system - INFO - Alert cleared
2026-04-10 09:38:36,016 - utils.alert_system - INFO - Alert cleared
2026-04-10 09:38:36,083 - utils.alert_system - INFO - Alert cleared
2026-04-10 09:38:36,178 - utils.alert_system - INFO - Alert cleared
2026-04-10 09:38:36,284 - utils.alert_system - INFO - Alert cleared
2026-04-10 09:38:36,367 - utils.alert_system - INFO - Alert cleared
2026-04-10 09:38:36,455 - utils.alert_system - INFO - Alert cleared
2026-04-10 09:38:36,536 - utils.alert_system - INFO - Alert cleared
2026-04-10 09:38:36,624 - utils.alert_system - INFO - Alert cleared
2026-04-10 09:38:36,707 - utils.alert_system - INFO - Alert cleared
2026-04-10 09:38:36,803 - utils.alert_system - INFO - Alert cleared
2026-04-10 09:38:36,884 - utils.alert_system - INFO - Alert cleared
2026-04-10 09:38:36,966 - utils.alert_system - INFO - Alert cleared
2026-04-10 09:38:37,056 - utils.alert_system - INFO - Alert cleared
2026-04-10 09:38:37,137 - utils.alert_system - INFO - Alert cleared
2026-04-10 09:38:37,202 - utils.alert_system - INFO - Alert cleared
2026-04-10 09:38:37,273 - utils.alert_system - INFO - Alert cleared
2026-04-10 09:38:37,352 - utils.alert_system - INFO - Alert cleared
2026-04-10 09:38:37,435 - utils.alert_system - INFO - Alert cleared
2026-04-10 09:38:37,543 - utils.alert_system - INFO - Alert cleared
2026-04-10 09:38:37,631 - utils.alert_system - INFO - Alert cleared
2026-04-10 09:38:37,697 - utils.alert_system - INFO - Alert cleared
2026-04-10 09:38:37,785 - utils.alert_system - INFO - Alert cleared
2026-04-10 09:38:37,868 - utils.alert_system - INFO - Alert cleared
2026-04-10 09:38:37,974 - utils.alert_system - INFO - Alert cleared
2026-04-10 09:38:38,038 - utils.alert_system - INFO - Alert cleared
2026-04-10 09:38:38,110 - utils.alert_system - INFO - Alert cleared
2026-04-10 09:38:38,184 - utils.alert_system - INFO - Alert cleared
2026-04-10 09:38:38,251 - utils.alert_system - INFO - Alert cleared
2026-04-10 09:38:38,328 - utils.alert_system - INFO - Alert cleared
2026-04-10 09:38:38,378 - utils.alert_system - INFO - Alert cleared
2026-04-10 09:38:38,500 - utils.alert_system - INFO - Alert cleared
2026-04-10 09:38:38,600 - utils.alert_system - INFO - Alert cleared
2026-04-10 09:38:38,702 - utils.alert_system - INFO - Alert cleared
2026-04-10 09:38:38,809 - utils.alert_system - INFO - Alert cleared
2026-04-10 09:38:38,899 - utils.alert_system - INFO - Alert cleared
2026-04-10 09:38:38,987 - utils.alert_system - INFO - Alert cleared
2026-04-10 09:38:39,077 - utils.alert_system - INFO - Alert cleared
2026-04-10 09:38:39,168 - utils.alert_system - INFO - Alert cleared
2026-04-10 09:38:39,235 - utils.alert_system - INFO - Alert cleared
2026-04-10 09:38:39,328 - utils.alert_system - INFO - Alert cleared
2026-04-10 09:38:39,407 - utils.alert_system - INFO - Alert cleared
2026-04-10 09:38:39,466 - utils.alert_system - INFO - Alert cleared
2026-04-10 09:38:39,528 - utils.alert_system - INFO - Alert cleared
2026-04-10 09:38:39,607 - utils.alert_system - INFO - Alert cleared
2026-04-10 09:38:39,728 - utils.alert_system - INFO - Alert cleared
2026-04-10 09:38:39,818 - utils.alert_system - INFO - Alert cleared
2026-04-10 09:38:39,903 - utils.alert_system - INFO - Alert cleared
2026-04-10 09:38:39,967 - utils.alert_system - INFO - Alert cleared
2026-04-10 09:38:40,049 - utils.alert_system - INFO - Alert cleared
2026-04-10 09:38:40,141 - utils.alert_system - INFO - Alert cleared
2026-04-10 09:38:40,225 - utils.alert_system - INFO - Alert cleared
2026-04-10 09:38:40,302 - utils.alert_system - INFO - Alert cleared
2026-04-10 09:38:40,391 - utils.alert_system - INFO - Alert cleared
2026-04-10 09:38:40,462 - utils.alert_system - INFO - Alert cleared
2026-04-10 09:38:40,578 - utils.alert_system - INFO - Alert cleared
2026-04-10 09:38:40,652 - utils.alert_system - INFO - Alert cleared
2026-04-10 09:38:40,780 - utils.alert_system - INFO - Alert cleared
2026-04-10 09:38:40,898 - utils.alert_system - INFO - Alert cleared
2026-04-10 09:38:40,967 - utils.alert_system - INFO - Alert cleared
2026-04-10 09:38:41,050 - utils.alert_system - INFO - Alert cleared
2026-04-10 09:38:41,116 - utils.alert_system - INFO - Alert cleared
2026-04-10 09:38:41,200 - utils.alert_system - INFO - Alert cleared
2026-04-10 09:38:41,266 - utils.alert_system - INFO - Alert cleared
2026-04-10 09:38:41,351 - utils.alert_system - INFO - Alert cleared
2026-04-10 09:38:41,419 - utils.alert_system - INFO - Alert cleared
2026-04-10 09:38:41,480 - utils.alert_system - INFO - Alert cleared
2026-04-10 09:38:41,567 - utils.alert_system - INFO - Alert cleared
2026-04-10 09:38:41,648 - utils.alert_system - INFO - Alert cleared
2026-04-10 09:38:41,749 - utils.alert_system - INFO - Alert cleared
2026-04-10 09:38:41,840 - utils.alert_system - INFO - Alert cleared
2026-04-10 09:38:41,929 - utils.alert_system - INFO - Alert cleared
2026-04-10 09:38:42,016 - utils.alert_system - INFO - Alert cleared
2026-04-10 09:38:42,097 - utils.alert_system - INFO - Alert cleared
2026-04-10 09:38:42,167 - utils.alert_system - INFO - Alert cleared
2026-04-10 09:38:42,243 - utils.alert_system - INFO - Alert cleared
2026-04-10 09:38:42,328 - utils.alert_system - INFO - Alert cleared
2026-04-10 09:38:42,407 - utils.alert_system - INFO - Alert cleared
2026-04-10 09:38:42,490 - utils.alert_system - INFO - Alert cleared
2026-04-10 09:38:42,553 - utils.alert_system - INFO - Alert cleared
2026-04-10 09:38:42,641 - utils.alert_system - INFO - Alert cleared
2026-04-10 09:38:42,747 - utils.alert_system - INFO - Alert cleared
2026-04-10 09:38:42,843 - utils.alert_system - INFO - Alert cleared
2026-04-10 09:38:42,917 - utils.alert_system - INFO - Alert cleared
2026-04-10 09:38:43,007 - utils.alert_system - INFO - Alert cleared
2026-04-10 09:38:43,116 - utils.alert_system - INFO - Alert cleared
2026-04-10 09:38:43,191 - utils.alert_system - INFO - Alert cleared
2026-04-10 09:38:43,293 - utils.alert_system - INFO - Alert cleared
2026-04-10 09:38:43,382 - utils.alert_system - INFO - Alert cleared
2026-04-10 09:38:43,477 - utils.alert_system - INFO - Alert cleared
2026-04-10 09:38:43,546 - utils.alert_system - INFO - Alert cleared
2026-04-10 09:38:43,628 - utils.alert_system - INFO - Alert cleared
2026-04-10 09:38:43,735 - utils.alert_system - INFO - Alert cleared
2026-04-10 09:38:43,847 - utils.alert_system - INFO - Alert cleared
2026-04-10 09:38:43,928 - utils.alert_system - INFO - Alert cleared
2026-04-10 09:38:44,031 - utils.alert_system - INFO - Alert cleared
2026-04-10 09:38:44,098 - utils.alert_system - INFO - Alert cleared
2026-04-10 09:38:44,183 - utils.alert_system - INFO - Alert cleared
2026-04-10 09:38:44,269 - utils.alert_system - INFO - Alert cleared
2026-04-10 09:38:44,369 - utils.alert_system - INFO - Alert cleared
2026-04-10 09:38:44,447 - utils.alert_system - INFO - Alert cleared
2026-04-10 09:38:44,533 - utils.alert_system - INFO - Alert cleared
2026-04-10 09:38:44,616 - utils.alert_system - INFO - Alert cleared
2026-04-10 09:38:44,721 - utils.alert_system - INFO - Alert cleared
2026-04-10 09:38:44,829 - utils.alert_system - INFO - Alert cleared
2026-04-10 09:38:44,916 - utils.alert_system - INFO - Alert cleared
2026-04-10 09:38:44,983 - utils.alert_system - INFO - Alert cleared
2026-04-10 09:38:45,048 - utils.alert_system - INFO - Alert cleared
2026-04-10 09:38:45,133 - utils.alert_system - INFO - Alert cleared
2026-04-10 09:38:45,207 - utils.alert_system - INFO - Alert cleared
2026-04-10 09:38:45,290 - utils.alert_system - INFO - Alert cleared
2026-04-10 09:38:45,398 - utils.alert_system - INFO - Alert cleared
2026-04-10 09:38:45,452 - utils.alert_system - INFO - Alert cleared
2026-04-10 09:38:45,578 - utils.alert_system - INFO - Alert cleared
2026-04-10 09:38:45,680 - utils.alert_system - INFO - Alert cleared
2026-04-10 09:38:45,753 - utils.alert_system - INFO - Alert cleared
2026-04-10 09:38:45,816 - utils.alert_system - INFO - Alert cleared
2026-04-10 09:38:45,900 - utils.alert_system - INFO - Alert cleared
2026-04-10 09:38:45,970 - utils.alert_system - INFO - Alert cleared
2026-04-10 09:38:46,031 - utils.alert_system - INFO - Alert cleared
2026-04-10 09:38:46,121 - utils.alert_system - INFO - Alert cleared
2026-04-10 09:38:46,203 - utils.alert_system - INFO - Alert cleared
2026-04-10 09:38:46,282 - utils.alert_system - INFO - Alert cleared
2026-04-10 09:38:46,347 - utils.alert_system - INFO - Alert cleared
2026-04-10 09:38:46,437 - utils.alert_system - INFO - Alert cleared
2026-04-10 09:38:46,541 - utils.alert_system - INFO - Alert cleared
2026-04-10 09:38:46,628 - utils.alert_system - INFO - Alert cleared
2026-04-10 09:38:46,686 - utils.alert_system - INFO - Alert cleared
2026-04-10 09:38:46,782 - utils.alert_system - INFO - Alert cleared
2026-04-10 09:38:46,871 - utils.alert_system - INFO - Alert cleared
2026-04-10 09:38:46,948 - utils.alert_system - INFO - Alert cleared
2026-04-10 09:38:47,016 - utils.alert_system - INFO - Alert cleared
2026-04-10 09:38:47,102 - utils.alert_system - INFO - Alert cleared
2026-04-10 09:38:47,173 - utils.alert_system - INFO - Alert cleared
2026-04-10 09:38:47,244 - utils.alert_system - INFO - Alert cleared
2026-04-10 09:38:47,347 - utils.alert_system - INFO - Alert cleared
2026-04-10 09:38:47,447 - utils.alert_system - INFO - Alert cleared
2026-04-10 09:38:47,547 - utils.alert_system - INFO - Alert cleared
2026-04-10 09:38:47,616 - utils.alert_system - INFO - Alert cleared
2026-04-10 09:38:47,753 - utils.alert_system - INFO - Alert cleared
2026-04-10 09:38:47,816 - utils.alert_system - INFO - Alert cleared
2026-04-10 09:38:47,905 - utils.alert_system - INFO - Alert cleared
2026-04-10 09:38:47,966 - utils.alert_system - INFO - Alert cleared
2026-04-10 09:38:48,028 - utils.alert_system - INFO - Alert cleared
2026-04-10 09:38:48,131 - utils.alert_system - INFO - Alert cleared
2026-04-10 09:38:48,216 - utils.alert_system - INFO - Alert cleared
2026-04-10 09:38:48,278 - utils.alert_system - INFO - Alert cleared
2026-04-10 09:38:48,382 - utils.alert_system - INFO - Alert cleared
2026-04-10 09:38:48,448 - utils.alert_system - INFO - Alert cleared
2026-04-10 09:38:48,531 - utils.alert_system - INFO - Alert cleared
2026-04-10 09:38:48,598 - utils.alert_system - INFO - Alert cleared
2026-04-10 09:38:48,698 - utils.alert_system - INFO - Alert cleared
2026-04-10 09:38:48,785 - utils.alert_system - INFO - Alert cleared
2026-04-10 09:38:48,867 - utils.alert_system - INFO - Alert cleared
2026-04-10 09:38:48,998 - utils.alert_system - INFO - Alert cleared
2026-04-10 09:38:49,067 - utils.alert_system - INFO - Alert cleared
2026-04-10 09:38:49,181 - utils.alert_system - INFO - Alert cleared
2026-04-10 09:38:49,268 - utils.alert_system - INFO - Alert cleared
2026-04-10 09:38:49,333 - utils.alert_system - INFO - Alert cleared
2026-04-10 09:38:49,443 - utils.alert_system - INFO - Alert cleared
2026-04-10 09:38:49,498 - utils.alert_system - INFO - Alert cleared
2026-04-10 09:38:49,580 - utils.alert_system - INFO - Alert cleared
2026-04-10 09:38:49,648 - utils.alert_system - INFO - Alert cleared
2026-04-10 09:38:49,728 - utils.alert_system - INFO - Alert cleared
2026-04-10 09:38:49,797 - utils.alert_system - INFO - Alert cleared
2026-04-10 09:38:49,878 - utils.alert_system - INFO - Alert cleared
2026-04-10 09:38:49,966 - utils.alert_system - INFO - Alert cleared
2026-04-10 09:38:50,066 - utils.alert_system - INFO - Alert cleared
2026-04-10 09:38:50,172 - utils.alert_system - INFO - Alert cleared
2026-04-10 09:38:50,266 - utils.alert_system - INFO - Alert cleared
2026-04-10 09:38:50,331 - utils.alert_system - INFO - Alert cleared
2026-04-10 09:38:50,395 - utils.alert_system - INFO - Alert cleared
2026-04-10 09:38:50,508 - utils.alert_system - INFO - Alert cleared
2026-04-10 09:38:50,605 - utils.alert_system - INFO - Alert cleared
2026-04-10 09:38:50,677 - utils.alert_system - INFO - Alert cleared
2026-04-10 09:38:50,730 - utils.alert_system - INFO - Alert cleared
2026-04-10 09:38:50,822 - utils.alert_system - INFO - Alert cleared
2026-04-10 09:38:50,916 - utils.alert_system - INFO - Alert cleared
2026-04-10 09:38:51,028 - utils.alert_system - INFO - Alert cleared
2026-04-10 09:38:51,112 - utils.alert_system - INFO - Alert cleared
2026-04-10 09:38:51,179 - utils.alert_system - INFO - Alert cleared
2026-04-10 09:38:51,253 - utils.alert_system - INFO - Alert cleared
2026-04-10 09:38:51,328 - utils.alert_system - INFO - Alert cleared
2026-04-10 09:38:51,404 - utils.alert_system - INFO - Alert cleared
2026-04-10 09:38:51,466 - utils.alert_system - INFO - Alert cleared
2026-04-10 09:38:51,547 - utils.alert_system - INFO - Alert cleared
2026-04-10 09:38:51,616 - utils.alert_system - INFO - Alert cleared
2026-04-10 09:38:51,684 - utils.alert_system - INFO - Alert cleared
2026-04-10 09:38:51,755 - utils.alert_system - INFO - Alert cleared
2026-04-10 09:38:51,852 - utils.alert_system - INFO - Alert cleared
2026-04-10 09:38:51,928 - utils.alert_system - INFO - Alert cleared
2026-04-10 09:38:52,016 - utils.alert_system - INFO - Alert cleared
2026-04-10 09:38:52,121 - utils.alert_system - INFO - Alert cleared
2026-04-10 09:38:52,414 - utils.alert_system - INFO - Alert cleared
2026-04-10 09:38:52,479 - utils.alert_system - INFO - Alert cleared
2026-04-10 09:38:52,552 - utils.alert_system - INFO - Alert cleared
2026-04-10 09:38:52,616 - utils.alert_system - INFO - Alert cleared
2026-04-10 09:38:52,679 - utils.alert_system - INFO - Alert cleared
2026-04-10 09:38:52,747 - utils.alert_system - INFO - Alert cleared
2026-04-10 09:38:52,828 - utils.alert_system - INFO - Alert cleared
2026-04-10 09:38:52,886 - utils.alert_system - INFO - Alert cleared
2026-04-10 09:38:52,954 - utils.alert_system - INFO - Alert cleared
2026-04-10 09:38:53,043 - utils.alert_system - INFO - Alert cleared
2026-04-10 09:38:53,108 - utils.alert_system - INFO - Alert cleared
2026-04-10 09:38:53,195 - utils.alert_system - INFO - Alert cleared
2026-04-10 09:38:53,271 - utils.alert_system - INFO - Alert cleared
2026-04-10 09:38:53,334 - utils.alert_system - INFO - Alert cleared
2026-04-10 09:38:53,403 - utils.alert_system - INFO - Alert cleared
2026-04-10 09:38:53,485 - utils.alert_system - INFO - Alert cleared
2026-04-10 09:38:53,549 - utils.alert_system - INFO - Alert cleared
2026-04-10 09:38:53,638 - utils.alert_system - INFO - Alert cleared
2026-04-10 09:38:53,713 - utils.alert_system - INFO - Alert cleared
2026-04-10 09:38:53,780 - utils.alert_system - INFO - Alert cleared
2026-04-10 09:38:53,866 - utils.alert_system - INFO - Alert cleared
2026-04-10 09:38:53,982 - utils.alert_system - INFO - Alert cleared
2026-04-10 09:38:54,077 - utils.alert_system - INFO - Alert cleared
2026-04-10 09:38:54,169 - utils.alert_system - INFO - Alert cleared
2026-04-10 09:38:54,251 - utils.alert_system - INFO - Alert cleared
2026-04-10 09:38:54,348 - utils.alert_system - INFO - Alert cleared
2026-04-10 09:38:54,448 - utils.alert_system - INFO - Alert cleared
2026-04-10 09:38:54,559 - utils.alert_system - INFO - Alert cleared
2026-04-10 09:38:54,647 - utils.alert_system - INFO - Alert cleared
2026-04-10 09:38:54,728 - utils.alert_system - INFO - Alert cleared
2026-04-10 09:38:54,816 - utils.alert_system - INFO - Alert cleared
2026-04-10 09:38:54,881 - utils.alert_system - INFO - Alert cleared
2026-04-10 09:38:54,954 - utils.alert_system - INFO - Alert cleared
2026-04-10 09:38:55,032 - utils.alert_system - INFO - Alert cleared
2026-04-10 09:38:55,119 - utils.alert_system - INFO - Alert cleared
2026-04-10 09:38:55,218 - utils.alert_system - INFO - Alert cleared
2026-04-10 09:38:55,354 - utils.alert_system - INFO - Alert cleared
2026-04-10 09:38:55,467 - utils.alert_system - INFO - Alert cleared
2026-04-10 09:38:55,549 - utils.alert_system - INFO - Alert cleared
2026-04-10 09:38:55,628 - utils.alert_system - INFO - Alert cleared
2026-04-10 09:38:55,697 - utils.alert_system - INFO - Alert cleared
2026-04-10 09:38:55,753 - utils.alert_system - INFO - Alert cleared
2026-04-10 09:38:55,836 - utils.alert_system - INFO - Alert cleared
2026-04-10 09:38:55,903 - utils.alert_system - INFO - Alert cleared
2026-04-10 09:38:55,986 - utils.alert_system - INFO - Alert cleared
2026-04-10 09:38:56,068 - utils.alert_system - INFO - Alert cleared
2026-04-10 09:38:56,157 - utils.alert_system - INFO - Alert cleared
2026-04-10 09:38:56,247 - utils.alert_system - INFO - Alert cleared
2026-04-10 09:38:56,335 - utils.alert_system - INFO - Alert cleared
2026-04-10 09:38:56,441 - utils.alert_system - INFO - Alert cleared
2026-04-10 09:38:56,534 - utils.alert_system - INFO - Alert cleared
2026-04-10 09:38:56,603 - utils.alert_system - INFO - Alert cleared
2026-04-10 09:38:56,685 - utils.alert_system - INFO - Alert cleared
2026-04-10 09:38:56,778 - utils.alert_system - INFO - Alert cleared
2026-04-10 09:38:56,870 - utils.alert_system - INFO - Alert cleared
2026-04-10 09:38:56,891 - __main__ - INFO - End of video stream
2026-04-10 09:38:56,891 - __main__ - INFO - Cleaning up...
2026-04-10 09:38:56,894 - utils.alert_system - INFO - Alert cleared
2026-04-10 09:38:56,894 - utils.alert_system - INFO - Alert system cleaned up
2026-04-10 09:38:56,894 - utils.speed_monitor - INFO - Stopped speed monitoring
2026-04-10 09:38:56,894 - __main__ - INFO - ==================================================
2026-04-10 09:38:56,898 - __main__ - INFO - Session Summary:
2026-04-10 09:38:56,898 - __main__ - INFO - ==================================================
2026-04-10 09:38:56,898 - __main__ - INFO -   session_id: 20260410_093729
2026-04-10 09:38:56,898 - __main__ - INFO -   duration: 87.64869403839111
2026-04-10 09:38:56,899 - __main__ - INFO -   total_frames: 930
2026-04-10 09:38:56,899 - __main__ - INFO -   total_detections: 14
2026-04-10 09:38:56,899 - __main__ - INFO -   alerts_triggered: 0
2026-04-10 09:38:56,899 - __main__ - INFO -   average_speed: 30.0
2026-04-10 09:38:56,899 - __main__ - INFO -   top_detected: [('cow', 13), ('dog', 1)]
2026-04-10 09:38:56,900 - utils.data_logger - INFO - Session saved: 20260410_093729
2026-04-10 09:38:56,900 - utils.data_logger - INFO -   Frames: 930
2026-04-10 09:38:56,901 - utils.data_logger - INFO -   Detections: 14
2026-04-10 09:38:56,901 - utils.data_logger - INFO -   Alerts: 0
2026-04-10 09:38:56,919 - __main__ - INFO - Cleanup complete
2026-04-10 12:13:35,267 - __main__ - INFO - ==================================================
2026-04-10 12:13:35,267 - __main__ - INFO - Animal Collision Avoidance System Initializing
2026-04-10 12:13:35,267 - __main__ - INFO - ==================================================
2026-04-10 12:13:35,267 - __main__ - INFO - Loading model: C:\Users\Ranjith S\Desktop\New folder\New folder\models\yolov8n.pt
2026-04-10 12:13:35,267 - models.detector - INFO - Using device: cpu
2026-04-10 12:13:35,334 - models.detector - INFO - Model loaded from C:\Users\Ranjith S\Desktop\New folder\New folder\models\yolov8n.pt
2026-04-10 12:13:35,334 - utils.speed_monitor - INFO - Speed monitor initialized: source=simulation, default=30.0 km/h
2026-04-10 12:13:35,336 - utils.data_logger - INFO - Data logger initialized: session=20260410_121335
2026-04-10 12:13:35,359 - __main__ - INFO - Video output: C:\Users\Ranjith S\Desktop\New folder\New folder\data\output_videos\output_20260410_121335.mp4
2026-04-10 12:13:35,359 - __main__ - INFO - System initialization complete
2026-04-10 12:13:35,384 - __main__ - INFO - System started with source: WhatsApp Video 2026-04-10 at 9.17.37 AM.mp4
2026-04-10 12:13:35,384 - __main__ - INFO - Resolution: 640x360
2026-04-10 12:13:35,384 - __main__ - INFO - Video FPS: 30.00
2026-04-10 12:13:35,384 - __main__ - INFO - Press 'q' to quit, 'p' to pause, '+/-' to adjust speed
2026-04-10 12:13:35,384 - __main__ - INFO - Press 's' to save screenshot, 'r' to reset stats
2026-04-10 12:13:37,303 - utils.alert_system - INFO - Alert cleared
2026-04-10 12:13:37,427 - utils.alert_system - INFO - Alert cleared
2026-04-10 12:13:37,512 - utils.alert_system - INFO - Alert cleared
2026-04-10 12:13:37,622 - utils.alert_system - INFO - Alert cleared
2026-04-10 12:13:37,740 - utils.alert_system - INFO - Alert cleared
2026-04-10 12:13:37,816 - utils.alert_system - INFO - Alert cleared
2026-04-10 12:13:37,898 - utils.alert_system - INFO - Alert cleared
2026-04-10 12:13:38,019 - utils.alert_system - INFO - Alert cleared
2026-04-10 12:13:38,097 - utils.alert_system - INFO - Alert cleared
2026-04-10 12:13:38,188 - utils.alert_system - INFO - Alert cleared
2026-04-10 12:13:38,257 - utils.alert_system - INFO - Alert cleared
2026-04-10 12:13:38,328 - utils.alert_system - INFO - Alert cleared
2026-04-10 12:13:38,402 - utils.alert_system - INFO - Alert cleared
2026-04-10 12:13:38,472 - utils.alert_system - INFO - Alert cleared
2026-04-10 12:13:38,547 - utils.alert_system - INFO - Alert cleared
2026-04-10 12:13:38,655 - utils.alert_system - INFO - Alert cleared
2026-04-10 12:13:38,727 - utils.alert_system - INFO - Alert cleared
2026-04-10 12:13:38,797 - utils.alert_system - INFO - Alert cleared
2026-04-10 12:13:38,877 - utils.alert_system - INFO - Alert cleared
2026-04-10 12:13:38,947 - utils.alert_system - INFO - Alert cleared
2026-04-10 12:13:39,028 - utils.alert_system - INFO - Alert cleared
2026-04-10 12:13:39,095 - utils.alert_system - INFO - Alert cleared
2026-04-10 12:13:39,167 - utils.alert_system - INFO - Alert cleared
2026-04-10 12:13:39,250 - utils.alert_system - INFO - Alert cleared
2026-04-10 12:13:39,342 - utils.alert_system - INFO - Alert cleared
2026-04-10 12:13:39,423 - utils.alert_system - INFO - Alert cleared
2026-04-10 12:13:39,516 - utils.alert_system - INFO - Alert cleared
2026-04-10 12:13:39,628 - utils.alert_system - INFO - Alert cleared
2026-04-10 12:13:39,703 - utils.alert_system - INFO - Alert cleared
2026-04-10 12:13:39,778 - utils.alert_system - INFO - Alert cleared
2026-04-10 12:13:39,837 - utils.alert_system - INFO - Alert cleared
2026-04-10 12:13:39,897 - utils.alert_system - INFO - Alert cleared
2026-04-10 12:13:39,997 - utils.alert_system - INFO - Alert cleared
2026-04-10 12:13:40,055 - utils.alert_system - INFO - Alert cleared
2026-04-10 12:13:40,119 - utils.alert_system - INFO - Alert cleared
2026-04-10 12:13:40,189 - utils.alert_system - INFO - Alert cleared
2026-04-10 12:13:40,263 - utils.alert_system - INFO - Alert cleared
2026-04-10 12:13:40,347 - utils.alert_system - INFO - Alert cleared
2026-04-10 12:13:40,420 - utils.alert_system - INFO - Alert cleared
2026-04-10 12:13:40,489 - utils.alert_system - INFO - Alert cleared
2026-04-10 12:13:40,566 - utils.alert_system - INFO - Alert cleared
2026-04-10 12:13:40,666 - utils.alert_system - INFO - Alert cleared
2026-04-10 12:13:40,752 - utils.alert_system - INFO - Alert cleared
2026-04-10 12:13:40,847 - utils.alert_system - INFO - Alert cleared
2026-04-10 12:13:40,900 - utils.alert_system - INFO - Alert cleared
2026-04-10 12:13:40,971 - utils.alert_system - INFO - Alert cleared
2026-04-10 12:13:41,044 - utils.alert_system - INFO - Alert cleared
2026-04-10 12:13:41,119 - utils.alert_system - INFO - Alert cleared
2026-04-10 12:13:41,197 - utils.alert_system - INFO - Alert cleared
2026-04-10 12:13:41,261 - utils.alert_system - INFO - Alert cleared
2026-04-10 12:13:41,329 - utils.alert_system - INFO - Alert cleared
2026-04-10 12:13:41,428 - utils.alert_system - INFO - Alert cleared
2026-04-10 12:13:41,546 - utils.alert_system - INFO - Alert cleared
2026-04-10 12:13:41,616 - utils.alert_system - INFO - Alert cleared
2026-04-10 12:13:41,697 - utils.alert_system - INFO - Alert cleared
2026-04-10 12:13:41,778 - utils.alert_system - INFO - Alert cleared
2026-04-10 12:13:41,854 - utils.alert_system - INFO - Alert cleared
2026-04-10 12:13:41,929 - utils.alert_system - INFO - Alert cleared
2026-04-10 12:13:42,016 - utils.alert_system - INFO - Alert cleared
2026-04-10 12:13:42,087 - utils.alert_system - INFO - Alert cleared
2026-04-10 12:13:42,178 - utils.alert_system - INFO - Alert cleared
2026-04-10 12:13:42,297 - utils.alert_system - INFO - Alert cleared
2026-04-10 12:13:42,366 - utils.alert_system - INFO - Alert cleared
2026-04-10 12:13:42,448 - utils.alert_system - INFO - Alert cleared
2026-04-10 12:13:42,516 - utils.alert_system - INFO - Alert cleared
2026-04-10 12:13:42,635 - utils.alert_system - INFO - Alert cleared
2026-04-10 12:13:42,753 - utils.alert_system - INFO - Alert cleared
2026-04-10 12:13:42,837 - utils.alert_system - INFO - Alert cleared
2026-04-10 12:13:42,919 - utils.alert_system - INFO - Alert cleared
2026-04-10 12:13:42,998 - utils.alert_system - INFO - Alert cleared
2026-04-10 12:13:43,066 - utils.alert_system - INFO - Alert cleared
2026-04-10 12:13:43,136 - utils.alert_system - INFO - Alert cleared
2026-04-10 12:13:43,203 - utils.alert_system - INFO - Alert cleared
2026-04-10 12:13:43,280 - utils.alert_system - INFO - Alert cleared
2026-04-10 12:13:43,398 - utils.alert_system - INFO - Alert cleared
2026-04-10 12:13:43,481 - utils.alert_system - INFO - Alert cleared
2026-04-10 12:13:43,552 - utils.alert_system - INFO - Alert cleared
2026-04-10 12:13:43,659 - utils.alert_system - INFO - Alert cleared
2026-04-10 12:13:43,736 - utils.alert_system - INFO - Alert cleared
2026-04-10 12:13:43,837 - utils.alert_system - INFO - Alert cleared
2026-04-10 12:13:43,921 - utils.alert_system - INFO - Alert cleared
2026-04-10 12:13:44,001 - utils.alert_system - INFO - Alert cleared
2026-04-10 12:13:44,079 - utils.alert_system - INFO - Alert cleared
2026-04-10 12:13:44,133 - utils.alert_system - INFO - Alert cleared
2026-04-10 12:13:44,197 - utils.alert_system - INFO - Alert cleared
2026-04-10 12:13:44,266 - utils.alert_system - INFO - Alert cleared
2026-04-10 12:13:44,349 - utils.alert_system - INFO - Alert cleared
2026-04-10 12:13:44,420 - utils.alert_system - INFO - Alert cleared
2026-04-10 12:13:44,497 - utils.alert_system - INFO - Alert cleared
2026-04-10 12:13:44,566 - utils.alert_system - INFO - Alert cleared
2026-04-10 12:13:44,650 - utils.alert_system - INFO - Alert cleared
2026-04-10 12:13:44,716 - utils.alert_system - INFO - Alert cleared
2026-04-10 12:13:44,779 - utils.alert_system - INFO - Alert cleared
2026-04-10 12:13:44,849 - utils.alert_system - INFO - Alert cleared
2026-04-10 12:13:44,916 - utils.alert_system - INFO - Alert cleared
2026-04-10 12:13:44,997 - utils.alert_system - INFO - Alert cleared
2026-04-10 12:13:45,066 - utils.alert_system - INFO - Alert cleared
2026-04-10 12:13:45,177 - utils.alert_system - INFO - Alert cleared
2026-04-10 12:13:45,253 - utils.alert_system - INFO - Alert cleared
2026-04-10 12:13:45,316 - utils.alert_system - INFO - Alert cleared
2026-04-10 12:13:45,386 - utils.alert_system - INFO - Alert cleared
2026-04-10 12:13:45,478 - utils.alert_system - INFO - Alert cleared
2026-04-10 12:13:45,536 - utils.alert_system - INFO - Alert cleared
2026-04-10 12:13:45,597 - utils.alert_system - INFO - Alert cleared
2026-04-10 12:13:45,703 - utils.alert_system - INFO - Alert cleared
2026-04-10 12:13:45,780 - utils.alert_system - INFO - Alert cleared
2026-04-10 12:13:45,868 - utils.alert_system - INFO - Alert cleared
2026-04-10 12:13:45,951 - utils.alert_system - INFO - Alert cleared
2026-04-10 12:13:46,042 - utils.alert_system - INFO - Alert cleared
2026-04-10 12:13:46,138 - utils.alert_system - INFO - Alert cleared
2026-04-10 12:13:46,298 - utils.alert_system - INFO - Alert cleared
2026-04-10 12:13:46,367 - utils.alert_system - INFO - Alert cleared
2026-04-10 12:13:46,458 - utils.alert_system - INFO - Alert cleared
2026-04-10 12:13:46,528 - utils.alert_system - INFO - Alert cleared
2026-04-10 12:13:46,632 - utils.alert_system - INFO - Alert cleared
2026-04-10 12:13:46,719 - utils.alert_system - INFO - Alert cleared
2026-04-10 12:13:46,797 - utils.alert_system - INFO - Alert cleared
2026-04-10 12:13:46,878 - utils.alert_system - INFO - Alert cleared
2026-04-10 12:13:46,952 - utils.alert_system - INFO - Alert cleared
2026-04-10 12:13:47,019 - utils.alert_system - INFO - Alert cleared
2026-04-10 12:13:47,101 - utils.alert_system - INFO - Alert cleared
2026-04-10 12:13:47,197 - utils.alert_system - INFO - Alert cleared
2026-04-10 12:13:47,306 - utils.alert_system - INFO - Alert cleared
2026-04-10 12:13:47,385 - utils.alert_system - INFO - Alert cleared
2026-04-10 12:13:47,466 - utils.alert_system - INFO - Alert cleared
2026-04-10 12:13:47,547 - utils.alert_system - INFO - Alert cleared
2026-04-10 12:13:47,627 - utils.alert_system - INFO - Alert cleared
2026-04-10 12:13:47,735 - utils.alert_system - INFO - Alert cleared
2026-04-10 12:13:47,819 - utils.alert_system - INFO - Alert cleared
2026-04-10 12:13:47,917 - utils.alert_system - INFO - Alert cleared
2026-04-10 12:13:48,016 - utils.alert_system - INFO - Alert cleared
2026-04-10 12:13:48,078 - utils.alert_system - INFO - Alert cleared
2026-04-10 12:13:48,176 - utils.alert_system - INFO - Alert cleared
2026-04-10 12:13:48,247 - utils.alert_system - INFO - Alert cleared
2026-04-10 12:13:48,309 - utils.alert_system - INFO - Alert cleared
2026-04-10 12:13:48,377 - utils.alert_system - INFO - Alert cleared
2026-04-10 12:13:48,478 - utils.alert_system - INFO - Alert cleared
2026-04-10 12:13:48,554 - utils.alert_system - INFO - Alert cleared
2026-04-10 12:13:48,626 - utils.alert_system - INFO - Alert cleared
2026-04-10 12:13:48,705 - utils.alert_system - INFO - Alert cleared
2026-04-10 12:13:48,816 - utils.alert_system - INFO - Alert cleared
2026-04-10 12:13:48,916 - utils.alert_system - INFO - Alert cleared
2026-04-10 12:13:48,985 - utils.alert_system - INFO - Alert cleared
2026-04-10 12:13:49,050 - utils.alert_system - INFO - Alert cleared
2026-04-10 12:13:49,126 - utils.alert_system - INFO - Alert cleared
2026-04-10 12:13:49,192 - utils.alert_system - INFO - Alert cleared
2026-04-10 12:13:49,268 - utils.alert_system - INFO - Alert cleared
2026-04-10 12:13:49,349 - utils.alert_system - INFO - Alert cleared
2026-04-10 12:13:49,448 - utils.alert_system - INFO - Alert cleared
2026-04-10 12:13:49,528 - utils.alert_system - INFO - Alert cleared
2026-04-10 12:13:49,597 - utils.alert_system - INFO - Alert cleared
2026-04-10 12:13:49,678 - utils.alert_system - INFO - Alert cleared
2026-04-10 12:13:49,766 - utils.alert_system - INFO - Alert cleared
2026-04-10 12:13:49,832 - utils.alert_system - INFO - Alert cleared
2026-04-10 12:13:49,898 - utils.alert_system - INFO - Alert cleared
2026-04-10 12:13:49,966 - utils.alert_system - INFO - Alert cleared
2026-04-10 12:13:50,041 - utils.alert_system - INFO - Alert cleared
2026-04-10 12:13:50,132 - utils.alert_system - INFO - Alert cleared
2026-04-10 12:13:50,197 - utils.alert_system - INFO - Alert cleared
2026-04-10 12:13:50,278 - utils.alert_system - INFO - Alert cleared
2026-04-10 12:13:50,366 - utils.alert_system - INFO - Alert cleared
2026-04-10 12:13:50,434 - utils.alert_system - INFO - Alert cleared
2026-04-10 12:13:50,508 - utils.alert_system - INFO - Alert cleared
2026-04-10 12:13:50,632 - utils.alert_system - INFO - Alert cleared
2026-04-10 12:13:50,728 - utils.alert_system - INFO - Alert cleared
2026-04-10 12:13:50,801 - utils.alert_system - INFO - Alert cleared
2026-04-10 12:13:50,884 - utils.alert_system - INFO - Alert cleared
2026-04-10 12:13:50,960 - utils.alert_system - INFO - Alert cleared
2026-04-10 12:13:51,057 - utils.alert_system - INFO - Alert cleared
2026-04-10 12:13:51,145 - utils.alert_system - INFO - Alert cleared
2026-04-10 12:13:51,200 - utils.alert_system - INFO - Alert cleared
2026-04-10 12:13:51,299 - utils.alert_system - INFO - Alert cleared
2026-04-10 12:13:51,403 - utils.alert_system - INFO - Alert cleared
2026-04-10 12:13:51,478 - utils.alert_system - INFO - Alert cleared
2026-04-10 12:13:51,538 - utils.alert_system - INFO - Alert cleared
2026-04-10 12:13:51,616 - utils.alert_system - INFO - Alert cleared
2026-04-10 12:13:51,687 - utils.alert_system - INFO - Alert cleared
2026-04-10 12:13:51,760 - utils.alert_system - INFO - Alert cleared
2026-04-10 12:13:51,848 - utils.alert_system - INFO - Alert cleared
2026-04-10 12:13:51,928 - utils.alert_system - INFO - Alert cleared
2026-04-10 12:13:51,999 - utils.alert_system - INFO - Alert cleared
2026-04-10 12:13:52,078 - utils.alert_system - INFO - Alert cleared
2026-04-10 12:13:52,147 - utils.alert_system - INFO - Alert cleared
2026-04-10 12:13:52,216 - utils.alert_system - INFO - Alert cleared
2026-04-10 12:13:52,282 - utils.alert_system - INFO - Alert cleared
2026-04-10 12:13:52,366 - utils.alert_system - INFO - Alert cleared
2026-04-10 12:13:52,458 - utils.alert_system - INFO - Alert cleared
2026-04-10 12:13:52,548 - utils.alert_system - INFO - Alert cleared
2026-04-10 12:13:52,621 - utils.alert_system - INFO - Alert cleared
2026-04-10 12:13:52,697 - utils.alert_system - INFO - Alert cleared
2026-04-10 12:13:52,758 - utils.alert_system - INFO - Alert cleared
2026-04-10 12:13:52,832 - utils.alert_system - INFO - Alert cleared
2026-04-10 12:13:52,928 - utils.alert_system - INFO - Alert cleared
2026-04-10 12:13:53,004 - utils.alert_system - INFO - Alert cleared
2026-04-10 12:13:53,088 - utils.alert_system - INFO - Alert cleared
2026-04-10 12:13:53,178 - utils.alert_system - INFO - Alert cleared
2026-04-10 12:13:53,266 - utils.alert_system - INFO - Alert cleared
2026-04-10 12:13:53,366 - utils.alert_system - INFO - Alert cleared
2026-04-10 12:13:53,447 - utils.alert_system - INFO - Alert cleared
2026-04-10 12:13:53,517 - utils.alert_system - INFO - Alert cleared
2026-04-10 12:13:53,598 - utils.alert_system - INFO - Alert cleared
2026-04-10 12:13:53,678 - utils.alert_system - INFO - Alert cleared
2026-04-10 12:13:53,760 - utils.alert_system - INFO - Alert cleared
2026-04-10 12:13:53,834 - utils.alert_system - INFO - Alert cleared
2026-04-10 12:13:53,920 - utils.alert_system - INFO - Alert cleared
2026-04-10 12:13:53,982 - utils.alert_system - INFO - Alert cleared
2026-04-10 12:13:54,048 - utils.alert_system - INFO - Alert cleared
2026-04-10 12:13:54,128 - utils.alert_system - INFO - Alert cleared
2026-04-10 12:13:54,188 - utils.alert_system - INFO - Alert cleared
2026-04-10 12:13:54,266 - utils.alert_system - INFO - Alert cleared
2026-04-10 12:13:54,328 - utils.alert_system - INFO - Alert cleared
2026-04-10 12:13:54,407 - utils.alert_system - INFO - Alert cleared
2026-04-10 12:13:54,479 - utils.alert_system - INFO - Alert cleared
2026-04-10 12:13:54,550 - utils.alert_system - INFO - Alert cleared
2026-04-10 12:13:54,623 - utils.alert_system - INFO - Alert cleared
2026-04-10 12:13:54,699 - utils.alert_system - INFO - Alert cleared
2026-04-10 12:13:54,766 - utils.alert_system - INFO - Alert cleared
2026-04-10 12:13:54,849 - utils.alert_system - INFO - Alert cleared
2026-04-10 12:13:54,917 - utils.alert_system - INFO - Alert cleared
2026-04-10 12:13:54,998 - utils.alert_system - INFO - Alert cleared
2026-04-10 12:13:55,062 - utils.alert_system - INFO - Alert cleared
2026-04-10 12:13:55,128 - utils.alert_system - INFO - Alert cleared
2026-04-10 12:13:55,198 - utils.alert_system - INFO - Alert cleared
2026-04-10 12:13:55,266 - utils.alert_system - INFO - Alert cleared
2026-04-10 12:13:55,331 - utils.alert_system - INFO - Alert cleared
2026-04-10 12:13:55,423 - utils.alert_system - INFO - Alert cleared
2026-04-10 12:13:55,489 - utils.alert_system - INFO - Alert cleared
2026-04-10 12:13:55,572 - utils.alert_system - INFO - Alert cleared
2026-04-10 12:13:55,647 - utils.alert_system - INFO - Alert cleared
2026-04-10 12:13:55,716 - utils.alert_system - INFO - Alert cleared
2026-04-10 12:13:55,797 - utils.alert_system - INFO - Alert cleared
2026-04-10 12:13:55,878 - utils.alert_system - INFO - Alert cleared
2026-04-10 12:13:55,948 - utils.alert_system - INFO - Alert cleared
2026-04-10 12:13:56,031 - utils.alert_system - INFO - Alert cleared
2026-04-10 12:13:56,102 - utils.alert_system - INFO - Alert cleared
2026-04-10 12:13:56,178 - utils.alert_system - INFO - Alert cleared
2026-04-10 12:13:56,247 - utils.alert_system - INFO - Alert cleared
2026-04-10 12:13:56,347 - utils.alert_system - INFO - Alert cleared
2026-04-10 12:13:56,428 - utils.alert_system - INFO - Alert cleared
2026-04-10 12:13:56,498 - utils.alert_system - INFO - Alert cleared
2026-04-10 12:13:56,566 - utils.alert_system - INFO - Alert cleared
2026-04-10 12:13:56,628 - utils.alert_system - INFO - Alert cleared
2026-04-10 12:13:56,730 - utils.alert_system - INFO - Alert cleared
2026-04-10 12:13:56,816 - utils.alert_system - INFO - Alert cleared
2026-04-10 12:13:56,888 - utils.alert_system - INFO - Alert cleared
2026-04-10 12:13:56,969 - utils.alert_system - INFO - Alert cleared
2026-04-10 12:13:57,027 - utils.alert_system - INFO - Alert cleared
2026-04-10 12:13:57,116 - utils.alert_system - INFO - Alert cleared
2026-04-10 12:13:57,208 - utils.alert_system - INFO - Alert cleared
2026-04-10 12:13:57,295 - utils.alert_system - INFO - Alert cleared
2026-04-10 12:13:57,388 - utils.alert_system - INFO - Alert cleared
2026-04-10 12:13:57,483 - utils.alert_system - INFO - Alert cleared
2026-04-10 12:13:57,547 - utils.alert_system - INFO - Alert cleared
2026-04-10 12:13:57,639 - utils.alert_system - INFO - Alert cleared
2026-04-10 12:13:57,728 - utils.alert_system - INFO - Alert cleared
2026-04-10 12:13:57,786 - utils.alert_system - INFO - Alert cleared
2026-04-10 12:13:57,866 - utils.alert_system - INFO - Alert cleared
2026-04-10 12:13:57,947 - utils.alert_system - INFO - Alert cleared
2026-04-10 12:13:58,016 - utils.alert_system - INFO - Alert cleared
2026-04-10 12:13:58,096 - utils.alert_system - INFO - Alert cleared
2026-04-10 12:13:58,195 - utils.alert_system - INFO - Alert cleared
2026-04-10 12:13:58,287 - utils.alert_system - INFO - Alert cleared
2026-04-10 12:13:58,361 - utils.alert_system - INFO - Alert cleared
2026-04-10 12:13:58,431 - utils.alert_system - INFO - Alert cleared
2026-04-10 12:13:58,528 - utils.alert_system - INFO - Alert cleared
2026-04-10 12:13:58,604 - utils.alert_system - INFO - Alert cleared
2026-04-10 12:13:58,679 - utils.alert_system - INFO - Alert cleared
2026-04-10 12:13:58,767 - utils.alert_system - INFO - Alert cleared
2026-04-10 12:13:58,837 - utils.alert_system - INFO - Alert cleared
2026-04-10 12:13:58,897 - utils.alert_system - INFO - Alert cleared
2026-04-10 12:13:58,978 - utils.alert_system - INFO - Alert cleared
2026-04-10 12:13:59,060 - utils.alert_system - INFO - Alert cleared
2026-04-10 12:13:59,131 - utils.alert_system - INFO - Alert cleared
2026-04-10 12:13:59,197 - utils.alert_system - INFO - Alert cleared
2026-04-10 12:13:59,272 - utils.alert_system - INFO - Alert cleared
2026-04-10 12:13:59,336 - utils.alert_system - INFO - Alert cleared
2026-04-10 12:13:59,416 - utils.alert_system - INFO - Alert cleared
2026-04-10 12:13:59,477 - utils.alert_system - INFO - Alert cleared
2026-04-10 12:13:59,578 - utils.alert_system - INFO - Alert cleared
2026-04-10 12:13:59,651 - utils.alert_system - INFO - Alert cleared
2026-04-10 12:13:59,748 - utils.alert_system - INFO - Alert cleared
2026-04-10 12:13:59,801 - utils.alert_system - INFO - Alert cleared
2026-04-10 12:13:59,897 - utils.alert_system - INFO - Alert cleared
2026-04-10 12:13:59,989 - utils.alert_system - INFO - Alert cleared
2026-04-10 12:14:00,102 - utils.alert_system - INFO - Alert cleared
2026-04-10 12:14:00,168 - utils.alert_system - INFO - Alert cleared
2026-04-10 12:14:00,238 - utils.alert_system - INFO - Alert cleared
2026-04-10 12:14:00,304 - utils.alert_system - INFO - Alert cleared
2026-04-10 12:14:00,395 - utils.alert_system - INFO - Alert cleared
2026-04-10 12:14:00,468 - utils.alert_system - INFO - Alert cleared
2026-04-10 12:14:00,527 - utils.alert_system - INFO - Alert cleared
2026-04-10 12:14:00,596 - utils.alert_system - INFO - Alert cleared
2026-04-10 12:14:00,678 - utils.alert_system - INFO - Alert cleared
2026-04-10 12:14:00,747 - utils.alert_system - INFO - Alert cleared
2026-04-10 12:14:00,853 - utils.alert_system - INFO - Alert cleared
2026-04-10 12:14:00,928 - utils.alert_system - INFO - Alert cleared
2026-04-10 12:14:00,989 - utils.alert_system - INFO - Alert cleared
2026-04-10 12:14:01,095 - utils.alert_system - INFO - Alert cleared
2026-04-10 12:14:01,169 - utils.alert_system - INFO - Alert cleared
2026-04-10 12:14:01,228 - utils.alert_system - INFO - Alert cleared
2026-04-10 12:14:01,298 - utils.alert_system - INFO - Alert cleared
2026-04-10 12:14:01,369 - utils.alert_system - INFO - Alert cleared
2026-04-10 12:14:01,431 - utils.alert_system - INFO - Alert cleared
2026-04-10 12:14:01,504 - utils.alert_system - INFO - Alert cleared
2026-04-10 12:14:01,588 - utils.alert_system - INFO - Alert cleared
2026-04-10 12:14:01,729 - utils.alert_system - INFO - Alert cleared
2026-04-10 12:14:01,784 - utils.alert_system - INFO - Alert cleared
2026-04-10 12:14:01,853 - utils.alert_system - INFO - Alert cleared
2026-04-10 12:14:01,927 - utils.alert_system - INFO - Alert cleared
2026-04-10 12:14:02,016 - utils.alert_system - INFO - Alert cleared
2026-04-10 12:14:02,095 - utils.alert_system - INFO - Alert cleared
2026-04-10 12:14:02,178 - utils.alert_system - INFO - Alert cleared
2026-04-10 12:14:02,257 - utils.alert_system - INFO - Alert cleared
2026-04-10 12:14:02,329 - utils.alert_system - INFO - Alert cleared
2026-04-10 12:14:02,397 - utils.alert_system - INFO - Alert cleared
2026-04-10 12:14:02,478 - utils.alert_system - INFO - Alert cleared
2026-04-10 12:14:02,571 - utils.alert_system - INFO - Alert cleared
2026-04-10 12:14:02,671 - utils.alert_system - INFO - Alert cleared
2026-04-10 12:14:02,751 - utils.alert_system - INFO - Alert cleared
2026-04-10 12:14:02,852 - utils.alert_system - INFO - Alert cleared
2026-04-10 12:14:02,916 - utils.alert_system - INFO - Alert cleared
2026-04-10 12:14:02,979 - utils.alert_system - INFO - Alert cleared
2026-04-10 12:14:03,078 - utils.alert_system - INFO - Alert cleared
2026-04-10 12:14:03,147 - utils.alert_system - INFO - Alert cleared
2026-04-10 12:14:03,228 - utils.alert_system - INFO - Alert cleared
2026-04-10 12:14:03,301 - utils.alert_system - INFO - Alert cleared
2026-04-10 12:14:03,378 - utils.alert_system - INFO - Alert cleared
2026-04-10 12:14:03,466 - utils.alert_system - INFO - Alert cleared
2026-04-10 12:14:03,552 - utils.alert_system - INFO - Alert cleared
2026-04-10 12:14:03,604 - utils.alert_system - INFO - Alert cleared
2026-04-10 12:14:03,674 - utils.alert_system - INFO - Alert cleared
2026-04-10 12:14:03,766 - utils.alert_system - INFO - Alert cleared
2026-04-10 12:14:03,834 - utils.alert_system - INFO - Alert cleared
2026-04-10 12:14:03,916 - utils.alert_system - INFO - Alert cleared
2026-04-10 12:14:03,978 - utils.alert_system - INFO - Alert cleared
2026-04-10 12:14:04,054 - utils.alert_system - INFO - Alert cleared
2026-04-10 12:14:04,129 - utils.alert_system - INFO - Alert cleared
2026-04-10 12:14:04,197 - utils.alert_system - INFO - Alert cleared
2026-04-10 12:14:04,262 - utils.alert_system - INFO - Alert cleared
2026-04-10 12:14:04,319 - utils.alert_system - INFO - Alert cleared
2026-04-10 12:14:04,398 - utils.alert_system - INFO - Alert cleared
2026-04-10 12:14:04,468 - utils.alert_system - INFO - Alert cleared
2026-04-10 12:14:04,548 - utils.alert_system - INFO - Alert cleared
2026-04-10 12:14:04,616 - utils.alert_system - INFO - Alert cleared
2026-04-10 12:14:04,683 - utils.alert_system - INFO - Alert cleared
2026-04-10 12:14:04,819 - utils.alert_system - INFO - Alert cleared
2026-04-10 12:14:04,902 - utils.alert_system - INFO - Alert cleared
2026-04-10 12:14:04,978 - utils.alert_system - INFO - Alert cleared
2026-04-10 12:14:05,069 - utils.alert_system - INFO - Alert cleared
2026-04-10 12:14:05,160 - utils.alert_system - INFO - Alert cleared
2026-04-10 12:14:05,248 - utils.alert_system - INFO - Alert cleared
2026-04-10 12:14:05,316 - utils.alert_system - INFO - Alert cleared
2026-04-10 12:14:05,401 - utils.alert_system - INFO - Alert cleared
2026-04-10 12:14:05,470 - utils.alert_system - INFO - Alert cleared
2026-04-10 12:14:05,554 - utils.alert_system - INFO - Alert cleared
2026-04-10 12:14:05,619 - utils.alert_system - INFO - Alert cleared
2026-04-10 12:14:05,705 - utils.alert_system - INFO - Alert cleared
2026-04-10 12:14:05,803 - utils.alert_system - INFO - Alert cleared
2026-04-10 12:14:05,885 - utils.alert_system - INFO - Alert cleared
2026-04-10 12:14:05,952 - utils.alert_system - INFO - Alert cleared
2026-04-10 12:14:06,036 - utils.alert_system - INFO - Alert cleared
2026-04-10 12:14:06,111 - utils.alert_system - INFO - Alert cleared
2026-04-10 12:14:06,178 - utils.alert_system - INFO - Alert cleared
2026-04-10 12:14:06,266 - utils.alert_system - INFO - Alert cleared
2026-04-10 12:14:06,359 - utils.alert_system - INFO - Alert cleared
2026-04-10 12:14:06,447 - utils.alert_system - INFO - Alert cleared
2026-04-10 12:14:06,528 - utils.alert_system - INFO - Alert cleared
2026-04-10 12:14:06,628 - utils.alert_system - INFO - Alert cleared
2026-04-10 12:14:06,716 - utils.alert_system - INFO - Alert cleared
2026-04-10 12:14:06,779 - utils.alert_system - INFO - Alert cleared
2026-04-10 12:14:07,119 - utils.alert_system - INFO - Alert cleared
2026-04-10 12:14:07,278 - utils.alert_system - INFO - Alert cleared
2026-04-10 12:14:07,336 - utils.alert_system - INFO - Alert cleared
2026-04-10 12:14:07,428 - utils.alert_system - INFO - Alert cleared
2026-04-10 12:14:07,521 - utils.alert_system - INFO - Alert cleared
2026-04-10 12:14:07,621 - utils.alert_system - INFO - Alert cleared
2026-04-10 12:14:07,731 - utils.alert_system - INFO - Alert cleared
2026-04-10 12:14:07,803 - utils.alert_system - INFO - Alert cleared
2026-04-10 12:14:07,908 - utils.alert_system - INFO - Alert cleared
2026-04-10 12:14:07,984 - utils.alert_system - INFO - Alert cleared
2026-04-10 12:14:08,081 - utils.alert_system - INFO - Alert cleared
2026-04-10 12:14:08,150 - utils.alert_system - INFO - Alert cleared
2026-04-10 12:14:08,250 - utils.alert_system - INFO - Alert cleared
2026-04-10 12:14:08,350 - utils.alert_system - INFO - Alert cleared
2026-04-10 12:14:08,427 - utils.alert_system - INFO - Alert cleared
2026-04-10 12:14:08,527 - utils.alert_system - INFO - Alert cleared
2026-04-10 12:14:08,802 - utils.alert_system - INFO - Alert cleared
2026-04-10 12:14:08,920 - utils.alert_system - INFO - Alert cleared
2026-04-10 12:14:09,003 - utils.alert_system - INFO - Alert cleared
2026-04-10 12:14:09,075 - utils.alert_system - INFO - Alert cleared
2026-04-10 12:14:09,166 - utils.alert_system - INFO - Alert cleared
2026-04-10 12:14:09,227 - utils.alert_system - INFO - Alert cleared
2026-04-10 12:14:09,306 - utils.alert_system - INFO - Alert cleared
2026-04-10 12:14:09,397 - utils.alert_system - INFO - Alert cleared
2026-04-10 12:14:09,473 - utils.alert_system - INFO - Alert cleared
2026-04-10 12:14:09,557 - utils.alert_system - INFO - Alert cleared
2026-04-10 12:14:09,628 - utils.alert_system - INFO - Alert cleared
2026-04-10 12:14:09,697 - utils.alert_system - INFO - Alert cleared
2026-04-10 12:14:09,783 - utils.alert_system - INFO - Alert cleared
2026-04-10 12:14:09,866 - utils.alert_system - INFO - Alert cleared
2026-04-10 12:14:09,927 - utils.alert_system - INFO - Alert cleared
2026-04-10 12:14:09,999 - utils.alert_system - INFO - Alert cleared
2026-04-10 12:14:10,066 - utils.alert_system - INFO - Alert cleared
2026-04-10 12:14:10,166 - utils.alert_system - INFO - Alert cleared
2026-04-10 12:14:10,451 - utils.alert_system - INFO - Alert cleared
2026-04-10 12:14:10,600 - utils.alert_system - INFO - Alert cleared
2026-04-10 12:14:10,762 - utils.alert_system - INFO - Alert cleared
2026-04-10 12:14:10,884 - utils.alert_system - INFO - Alert cleared
2026-04-10 12:14:11,013 - utils.alert_system - INFO - Alert cleared
2026-04-10 12:14:11,182 - utils.alert_system - INFO - Alert cleared
2026-04-10 12:14:11,377 - utils.alert_system - INFO - Alert cleared
2026-04-10 12:14:11,570 - utils.alert_system - INFO - Alert cleared
2026-04-10 12:14:11,706 - utils.alert_system - INFO - Alert cleared
2026-04-10 12:14:11,902 - utils.alert_system - INFO - Alert cleared
2026-04-10 12:14:12,131 - utils.alert_system - INFO - Alert cleared
2026-04-10 12:14:12,350 - utils.alert_system - INFO - Alert cleared
2026-04-10 12:14:12,630 - utils.alert_system - INFO - Alert cleared
2026-04-10 12:14:12,832 - utils.alert_system - INFO - Alert cleared
2026-04-10 12:14:13,024 - utils.alert_system - INFO - Alert cleared
2026-04-10 12:14:13,247 - utils.alert_system - INFO - Alert cleared
2026-04-10 12:14:13,374 - utils.alert_system - INFO - Alert cleared
2026-04-10 12:14:13,599 - utils.alert_system - INFO - Alert cleared
2026-04-10 12:14:13,819 - utils.alert_system - INFO - Alert cleared
2026-04-10 12:14:14,018 - utils.alert_system - INFO - Alert cleared
2026-04-10 12:14:14,148 - utils.alert_system - INFO - Alert cleared
2026-04-10 12:14:14,366 - utils.alert_system - INFO - Alert cleared
2026-04-10 12:14:14,472 - utils.alert_system - INFO - Alert cleared
2026-04-10 12:14:14,598 - utils.alert_system - INFO - Alert cleared
2026-04-10 12:14:14,691 - utils.alert_system - INFO - Alert cleared
2026-04-10 12:14:14,792 - utils.alert_system - INFO - Alert cleared
2026-04-10 12:14:14,879 - utils.alert_system - INFO - Alert cleared
2026-04-10 12:14:14,983 - utils.alert_system - INFO - Alert cleared
2026-04-10 12:14:15,079 - utils.alert_system - INFO - Alert cleared
2026-04-10 12:14:15,149 - utils.alert_system - INFO - Alert cleared
2026-04-10 12:14:15,277 - utils.alert_system - INFO - Alert cleared
2026-04-10 12:14:15,368 - utils.alert_system - INFO - Alert cleared
2026-04-10 12:14:15,451 - utils.alert_system - INFO - Alert cleared
2026-04-10 12:14:15,528 - utils.alert_system - INFO - Alert cleared
2026-04-10 12:14:15,606 - utils.alert_system - INFO - Alert cleared
2026-04-10 12:14:15,689 - utils.alert_system - INFO - Alert cleared
2026-04-10 12:14:15,778 - utils.alert_system - INFO - Alert cleared
2026-04-10 12:14:15,878 - utils.alert_system - INFO - Alert cleared
2026-04-10 12:14:15,978 - utils.alert_system - INFO - Alert cleared
2026-04-10 12:14:16,065 - utils.alert_system - INFO - Alert cleared
2026-04-10 12:14:16,139 - utils.alert_system - INFO - Alert cleared
2026-04-10 12:14:16,217 - utils.alert_system - INFO - Alert cleared
2026-04-10 12:14:16,288 - utils.alert_system - INFO - Alert cleared
2026-04-10 12:14:16,366 - utils.alert_system - INFO - Alert cleared
2026-04-10 12:14:16,431 - utils.alert_system - INFO - Alert cleared
2026-04-10 12:14:16,506 - utils.alert_system - INFO - Alert cleared
2026-04-10 12:14:16,578 - utils.alert_system - INFO - Alert cleared
2026-04-10 12:14:16,639 - utils.alert_system - INFO - Alert cleared
2026-04-10 12:14:16,716 - utils.alert_system - INFO - Alert cleared
2026-04-10 12:14:16,780 - utils.alert_system - INFO - Alert cleared
2026-04-10 12:14:16,866 - utils.alert_system - INFO - Alert cleared
2026-04-10 12:14:16,938 - utils.alert_system - INFO - Alert cleared
2026-04-10 12:14:17,006 - utils.alert_system - INFO - Alert cleared
2026-04-10 12:14:17,103 - utils.alert_system - INFO - Alert cleared
2026-04-10 12:14:17,194 - utils.alert_system - INFO - Alert cleared
2026-04-10 12:14:17,263 - utils.alert_system - INFO - Alert cleared
2026-04-10 12:14:17,330 - utils.alert_system - INFO - Alert cleared
2026-04-10 12:14:17,398 - utils.alert_system - INFO - Alert cleared
2026-04-10 12:14:17,478 - utils.alert_system - INFO - Alert cleared
2026-04-10 12:14:17,547 - utils.alert_system - INFO - Alert cleared
2026-04-10 12:14:17,639 - utils.alert_system - INFO - Alert cleared
2026-04-10 12:14:17,716 - utils.alert_system - INFO - Alert cleared
2026-04-10 12:14:17,797 - utils.alert_system - INFO - Alert cleared
2026-04-10 12:14:17,863 - utils.alert_system - INFO - Alert cleared
2026-04-10 12:14:17,942 - utils.alert_system - INFO - Alert cleared
2026-04-10 12:14:18,016 - utils.alert_system - INFO - Alert cleared
2026-04-10 12:14:18,097 - utils.alert_system - INFO - Alert cleared
2026-04-10 12:14:18,166 - utils.alert_system - INFO - Alert cleared
2026-04-10 12:14:18,269 - utils.alert_system - INFO - Alert cleared
2026-04-10 12:14:18,367 - utils.alert_system - INFO - Alert cleared
2026-04-10 12:14:18,428 - utils.alert_system - INFO - Alert cleared
2026-04-10 12:14:18,497 - utils.alert_system - INFO - Alert cleared
2026-04-10 12:14:18,579 - utils.alert_system - INFO - Alert cleared
2026-04-10 12:14:18,666 - utils.alert_system - INFO - Alert cleared
2026-04-10 12:14:18,752 - utils.alert_system - INFO - Alert cleared
2026-04-10 12:14:18,816 - utils.alert_system - INFO - Alert cleared
2026-04-10 12:14:18,912 - utils.alert_system - INFO - Alert cleared
2026-04-10 12:14:19,003 - utils.alert_system - INFO - Alert cleared
2026-04-10 12:14:19,091 - utils.alert_system - INFO - Alert cleared
2026-04-10 12:14:19,168 - utils.alert_system - INFO - Alert cleared
2026-04-10 12:14:19,255 - utils.alert_system - INFO - Alert cleared
2026-04-10 12:14:19,339 - utils.alert_system - INFO - Alert cleared
2026-04-10 12:14:19,398 - utils.alert_system - INFO - Alert cleared
2026-04-10 12:14:19,478 - utils.alert_system - INFO - Alert cleared
2026-04-10 12:14:19,550 - utils.alert_system - INFO - Alert cleared
2026-04-10 12:14:19,616 - utils.alert_system - INFO - Alert cleared
2026-04-10 12:14:19,698 - utils.alert_system - INFO - Alert cleared
2026-04-10 12:14:19,797 - utils.alert_system - INFO - Alert cleared
2026-04-10 12:14:19,866 - utils.alert_system - INFO - Alert cleared
2026-04-10 12:14:19,937 - utils.alert_system - INFO - Alert cleared
2026-04-10 12:14:20,025 - utils.alert_system - INFO - Alert cleared
2026-04-10 12:14:20,116 - utils.alert_system - INFO - Alert cleared
2026-04-10 12:14:20,181 - utils.alert_system - INFO - Alert cleared
2026-04-10 12:14:20,266 - utils.alert_system - INFO - Alert cleared
2026-04-10 12:14:20,329 - utils.alert_system - INFO - Alert cleared
2026-04-10 12:14:20,437 - utils.alert_system - INFO - Alert cleared
2026-04-10 12:14:20,504 - utils.alert_system - INFO - Alert cleared
2026-04-10 12:14:20,570 - utils.alert_system - INFO - Alert cleared
2026-04-10 12:14:20,647 - utils.alert_system - INFO - Alert cleared
2026-04-10 12:14:20,717 - utils.alert_system - INFO - Alert cleared
2026-04-10 12:14:20,787 - utils.alert_system - INFO - Alert cleared
2026-04-10 12:14:20,874 - utils.alert_system - INFO - Alert cleared
2026-04-10 12:14:20,966 - utils.alert_system - INFO - Alert cleared
2026-04-10 12:14:21,053 - utils.alert_system - INFO - Alert cleared
2026-04-10 12:14:21,129 - utils.alert_system - INFO - Alert cleared
2026-04-10 12:14:21,204 - utils.alert_system - INFO - Alert cleared
2026-04-10 12:14:21,279 - utils.alert_system - INFO - Alert cleared
2026-04-10 12:14:21,369 - utils.alert_system - INFO - Alert cleared
2026-04-10 12:14:21,452 - utils.alert_system - INFO - Alert cleared
2026-04-10 12:14:21,540 - utils.alert_system - INFO - Alert cleared
2026-04-10 12:14:21,599 - utils.alert_system - INFO - Alert cleared
2026-04-10 12:14:21,679 - utils.alert_system - INFO - Alert cleared
2026-04-10 12:14:21,762 - utils.alert_system - INFO - Alert cleared
2026-04-10 12:14:21,854 - utils.alert_system - INFO - Alert cleared
2026-04-10 12:14:21,966 - utils.alert_system - INFO - Alert cleared
2026-04-10 12:14:22,036 - utils.alert_system - INFO - Alert cleared
2026-04-10 12:14:22,100 - utils.alert_system - INFO - Alert cleared
2026-04-10 12:14:22,210 - utils.alert_system - INFO - Alert cleared
2026-04-10 12:14:22,301 - utils.alert_system - INFO - Alert cleared
2026-04-10 12:14:22,398 - utils.alert_system - WARNING - Alert: WARNING | Distance: 16.2m | TTC: 1.9s
2026-04-10 12:14:22,908 - utils.alert_system - INFO - Alert cleared
2026-04-10 12:14:22,977 - utils.alert_system - INFO - Alert cleared
2026-04-10 12:14:23,216 - utils.alert_system - WARNING - Alert: DANGER | Distance: 14.9m | TTC: 1.8s
2026-04-10 12:14:23,286 - utils.alert_system - WARNING - Alert: DANGER | Distance: 14.6m | TTC: 1.8s
2026-04-10 12:14:23,431 - utils.alert_system - INFO - Alert cleared
2026-04-10 12:14:23,516 - utils.alert_system - WARNING - Alert: DANGER | Distance: 5.4m | TTC: 0.6s
2026-04-10 12:14:23,642 - utils.alert_system - INFO - Alert cleared
2026-04-10 12:14:23,702 - utils.alert_system - INFO - Alert cleared
2026-04-10 12:14:23,778 - utils.alert_system - INFO - Alert cleared
2026-04-10 12:14:23,997 - utils.alert_system - INFO - Alert cleared
2026-04-10 12:14:24,083 - utils.alert_system - INFO - Alert cleared
2026-04-10 12:14:24,169 - utils.alert_system - INFO - Alert cleared
2026-04-10 12:14:24,228 - utils.alert_system - INFO - Alert cleared
2026-04-10 12:14:24,297 - utils.alert_system - WARNING - Alert: DANGER | Distance: 13.3m | TTC: 1.6s
2026-04-10 12:14:24,366 - utils.alert_system - WARNING - Alert: DANGER | Distance: 12.2m | TTC: 1.5s
2026-04-10 12:14:24,448 - utils.alert_system - WARNING - Alert: DANGER | Distance: 10.9m | TTC: 1.3s
2026-04-10 12:14:24,528 - utils.alert_system - WARNING - Alert: DANGER | Distance: 9.8m | TTC: 1.2s
2026-04-10 12:14:24,625 - utils.alert_system - INFO - Alert cleared
2026-04-10 12:14:24,717 - utils.alert_system - WARNING - Alert: DANGER | Distance: 8.6m | TTC: 1.0s
2026-04-10 12:14:24,809 - utils.alert_system - WARNING - Alert: DANGER | Distance: 8.2m | TTC: 1.0s
2026-04-10 12:14:24,941 - utils.alert_system - INFO - Alert cleared
2026-04-10 12:14:25,018 - utils.alert_system - WARNING - Alert: DANGER | Distance: 7.8m | TTC: 0.9s
2026-04-10 12:14:25,140 - utils.alert_system - INFO - Alert cleared
2026-04-10 12:14:25,228 - utils.alert_system - WARNING - Alert: DANGER | Distance: 7.6m | TTC: 0.9s
2026-04-10 12:14:25,334 - utils.alert_system - INFO - Alert cleared
2026-04-10 12:14:25,419 - utils.alert_system - INFO - Alert cleared
2026-04-10 12:14:25,497 - utils.alert_system - INFO - Alert cleared
2026-04-10 12:14:25,597 - utils.alert_system - INFO - Alert cleared
2026-04-10 12:14:25,666 - utils.alert_system - INFO - Alert cleared
2026-04-10 12:14:25,732 - utils.alert_system - INFO - Alert cleared
2026-04-10 12:14:25,810 - utils.alert_system - INFO - Alert cleared
2026-04-10 12:14:25,878 - utils.alert_system - INFO - Alert cleared
2026-04-10 12:14:25,947 - utils.alert_system - INFO - Alert cleared
2026-04-10 12:14:26,026 - utils.alert_system - INFO - Alert cleared
2026-04-10 12:14:26,116 - utils.alert_system - INFO - Alert cleared
2026-04-10 12:14:26,185 - utils.alert_system - INFO - Alert cleared
2026-04-10 12:14:26,260 - utils.alert_system - INFO - Alert cleared
2026-04-10 12:14:26,328 - utils.alert_system - INFO - Alert cleared
2026-04-10 12:14:26,385 - utils.alert_system - INFO - Alert cleared
2026-04-10 12:14:26,469 - utils.alert_system - INFO - Alert cleared
2026-04-10 12:14:26,547 - utils.alert_system - INFO - Alert cleared
2026-04-10 12:14:26,880 - utils.alert_system - INFO - Alert cleared
2026-04-10 12:14:26,987 - utils.alert_system - INFO - Alert cleared
2026-04-10 12:14:27,051 - utils.alert_system - INFO - Alert cleared
2026-04-10 12:14:27,134 - utils.alert_system - INFO - Alert cleared
2026-04-10 12:14:27,212 - utils.alert_system - INFO - Alert cleared
2026-04-10 12:14:27,278 - utils.alert_system - INFO - Alert cleared
2026-04-10 12:14:27,360 - utils.alert_system - INFO - Alert cleared
2026-04-10 12:14:27,429 - utils.alert_system - INFO - Alert cleared
2026-04-10 12:14:27,492 - utils.alert_system - INFO - Alert cleared
2026-04-10 12:14:27,583 - utils.alert_system - INFO - Alert cleared
2026-04-10 12:14:27,648 - utils.alert_system - INFO - Alert cleared
2026-04-10 12:14:27,717 - utils.alert_system - INFO - Alert cleared
2026-04-10 12:14:27,784 - utils.alert_system - INFO - Alert cleared
2026-04-10 12:14:27,887 - utils.alert_system - INFO - Alert cleared
2026-04-10 12:14:27,983 - utils.alert_system - INFO - Alert cleared
2026-04-10 12:14:28,066 - utils.alert_system - INFO - Alert cleared
2026-04-10 12:14:28,151 - utils.alert_system - INFO - Alert cleared
2026-04-10 12:14:28,217 - utils.alert_system - INFO - Alert cleared
2026-04-10 12:14:28,284 - utils.alert_system - INFO - Alert cleared
2026-04-10 12:14:28,347 - utils.alert_system - INFO - Alert cleared
2026-04-10 12:14:28,409 - utils.alert_system - INFO - Alert cleared
2026-04-10 12:14:28,477 - utils.alert_system - INFO - Alert cleared
2026-04-10 12:14:28,548 - utils.alert_system - INFO - Alert cleared
2026-04-10 12:14:28,629 - utils.alert_system - INFO - Alert cleared
2026-04-10 12:14:28,710 - utils.alert_system - INFO - Alert cleared
2026-04-10 12:14:28,793 - utils.alert_system - INFO - Alert cleared
2026-04-10 12:14:28,867 - utils.alert_system - INFO - Alert cleared
2026-04-10 12:14:29,192 - utils.alert_system - INFO - Alert cleared
2026-04-10 12:14:29,369 - utils.alert_system - INFO - Alert cleared
2026-04-10 12:14:29,634 - utils.alert_system - INFO - Alert cleared
2026-04-10 12:14:29,820 - utils.alert_system - INFO - Alert cleared
2026-04-10 12:14:30,016 - utils.alert_system - INFO - Alert cleared
2026-04-10 12:14:30,216 - utils.alert_system - INFO - Alert cleared
2026-04-10 12:14:30,378 - utils.alert_system - INFO - Alert cleared
2026-04-10 12:14:30,528 - utils.alert_system - INFO - Alert cleared
2026-04-10 12:14:30,744 - utils.alert_system - INFO - Alert cleared
2026-04-10 12:14:30,884 - utils.alert_system - INFO - Alert cleared
2026-04-10 12:14:31,039 - utils.alert_system - INFO - Alert cleared
2026-04-10 12:14:31,241 - utils.alert_system - INFO - Alert cleared
2026-04-10 12:14:31,467 - utils.alert_system - INFO - Alert cleared
2026-04-10 12:14:31,685 - utils.alert_system - INFO - Alert cleared
2026-04-10 12:14:31,831 - utils.alert_system - INFO - Alert cleared
2026-04-10 12:14:32,078 - utils.alert_system - INFO - Alert cleared
2026-04-10 12:14:32,241 - utils.alert_system - INFO - Alert cleared
2026-04-10 12:14:32,422 - utils.alert_system - INFO - Alert cleared
2026-04-10 12:14:32,548 - utils.alert_system - INFO - Alert cleared
2026-04-10 12:14:32,728 - utils.alert_system - INFO - Alert cleared
2026-04-10 12:14:32,937 - utils.alert_system - INFO - Alert cleared
2026-04-10 12:14:33,141 - utils.alert_system - INFO - Alert cleared
2026-04-10 12:14:33,320 - utils.alert_system - INFO - Alert cleared
2026-04-10 12:14:33,498 - utils.alert_system - INFO - Alert cleared
2026-04-10 12:14:33,678 - utils.alert_system - INFO - Alert cleared
2026-04-10 12:14:33,828 - utils.alert_system - INFO - Alert cleared
2026-04-10 12:14:33,954 - utils.alert_system - INFO - Alert cleared
2026-04-10 12:14:34,066 - utils.alert_system - INFO - Alert cleared
2026-04-10 12:14:34,131 - utils.alert_system - INFO - Alert cleared
2026-04-10 12:14:34,228 - utils.alert_system - INFO - Alert cleared
2026-04-10 12:14:34,308 - utils.alert_system - INFO - Alert cleared
2026-04-10 12:14:34,378 - utils.alert_system - INFO - Alert cleared
2026-04-10 12:14:34,447 - utils.alert_system - INFO - Alert cleared
2026-04-10 12:14:34,525 - utils.alert_system - INFO - Alert cleared
2026-04-10 12:14:34,606 - utils.alert_system - INFO - Alert cleared
2026-04-10 12:14:34,681 - utils.alert_system - INFO - Alert cleared
2026-04-10 12:14:34,788 - utils.alert_system - INFO - Alert cleared
2026-04-10 12:14:34,877 - utils.alert_system - INFO - Alert cleared
2026-04-10 12:14:34,962 - utils.alert_system - INFO - Alert cleared
2026-04-10 12:14:35,067 - utils.alert_system - INFO - Alert cleared
2026-04-10 12:14:35,147 - utils.alert_system - INFO - Alert cleared
2026-04-10 12:14:35,230 - utils.alert_system - INFO - Alert cleared
2026-04-10 12:14:35,316 - utils.alert_system - INFO - Alert cleared
2026-04-10 12:14:35,390 - utils.alert_system - INFO - Alert cleared
2026-04-10 12:14:35,469 - utils.alert_system - INFO - Alert cleared
2026-04-10 12:14:35,539 - utils.alert_system - INFO - Alert cleared
2026-04-10 12:14:35,612 - utils.alert_system - INFO - Alert cleared
2026-04-10 12:14:35,701 - utils.alert_system - INFO - Alert cleared
2026-04-10 12:14:35,781 - utils.alert_system - INFO - Alert cleared
2026-04-10 12:14:35,887 - utils.alert_system - INFO - Alert cleared
2026-04-10 12:14:35,955 - utils.alert_system - INFO - Alert cleared
2026-04-10 12:14:36,028 - utils.alert_system - INFO - Alert cleared
2026-04-10 12:14:36,102 - utils.alert_system - INFO - Alert cleared
2026-04-10 12:14:36,198 - utils.alert_system - INFO - Alert cleared
2026-04-10 12:14:36,297 - utils.alert_system - INFO - Alert cleared
2026-04-10 12:14:36,398 - utils.alert_system - INFO - Alert cleared
2026-04-10 12:14:36,496 - utils.alert_system - INFO - Alert cleared
2026-04-10 12:14:36,592 - utils.alert_system - INFO - Alert cleared
2026-04-10 12:14:36,699 - utils.alert_system - INFO - Alert cleared
2026-04-10 12:14:36,826 - utils.alert_system - INFO - Alert cleared
2026-04-10 12:14:36,916 - utils.alert_system - INFO - Alert cleared
2026-04-10 12:14:36,997 - utils.alert_system - INFO - Alert cleared
2026-04-10 12:14:37,105 - utils.alert_system - INFO - Alert cleared
2026-04-10 12:14:37,195 - utils.alert_system - INFO - Alert cleared
2026-04-10 12:14:37,293 - utils.alert_system - INFO - Alert cleared
2026-04-10 12:14:37,398 - utils.alert_system - INFO - Alert cleared
2026-04-10 12:14:37,466 - utils.alert_system - INFO - Alert cleared
2026-04-10 12:14:37,578 - utils.alert_system - INFO - Alert cleared
2026-04-10 12:14:37,695 - utils.alert_system - INFO - Alert cleared
2026-04-10 12:14:37,766 - utils.alert_system - INFO - Alert cleared
2026-04-10 12:14:37,831 - utils.alert_system - INFO - Alert cleared
2026-04-10 12:14:37,897 - utils.alert_system - INFO - Alert cleared
2026-04-10 12:14:37,994 - utils.alert_system - INFO - Alert cleared
2026-04-10 12:14:38,089 - utils.alert_system - INFO - Alert cleared
2026-04-10 12:14:38,164 - utils.alert_system - INFO - Alert cleared
2026-04-10 12:14:38,270 - utils.alert_system - INFO - Alert cleared
2026-04-10 12:14:38,355 - utils.alert_system - INFO - Alert cleared
2026-04-10 12:14:38,428 - utils.alert_system - INFO - Alert cleared
2026-04-10 12:14:38,517 - utils.alert_system - INFO - Alert cleared
2026-04-10 12:14:38,579 - utils.alert_system - INFO - Alert cleared
2026-04-10 12:14:38,664 - utils.alert_system - INFO - Alert cleared
2026-04-10 12:14:38,742 - utils.alert_system - INFO - Alert cleared
2026-04-10 12:14:38,850 - utils.alert_system - INFO - Alert cleared
2026-04-10 12:14:38,939 - utils.alert_system - INFO - Alert cleared
2026-04-10 12:14:39,017 - utils.alert_system - INFO - Alert cleared
2026-04-10 12:14:39,077 - utils.alert_system - INFO - Alert cleared
2026-04-10 12:14:39,187 - utils.alert_system - INFO - Alert cleared
2026-04-10 12:14:39,278 - utils.alert_system - INFO - Alert cleared
2026-04-10 12:14:39,367 - utils.alert_system - INFO - Alert cleared
2026-04-10 12:14:39,448 - utils.alert_system - INFO - Alert cleared
2026-04-10 12:14:39,528 - utils.alert_system - INFO - Alert cleared
2026-04-10 12:14:39,607 - utils.alert_system - INFO - Alert cleared
2026-04-10 12:14:39,678 - utils.alert_system - INFO - Alert cleared
2026-04-10 12:14:39,747 - utils.alert_system - INFO - Alert cleared
2026-04-10 12:14:39,864 - utils.alert_system - INFO - Alert cleared
2026-04-10 12:14:39,970 - utils.alert_system - INFO - Alert cleared
2026-04-10 12:14:40,047 - utils.alert_system - INFO - Alert cleared
2026-04-10 12:14:40,147 - utils.alert_system - INFO - Alert cleared
2026-04-10 12:14:40,247 - utils.alert_system - INFO - Alert cleared
2026-04-10 12:14:40,317 - utils.alert_system - INFO - Alert cleared
2026-04-10 12:14:40,389 - utils.alert_system - INFO - Alert cleared
2026-04-10 12:14:40,457 - utils.alert_system - INFO - Alert cleared
2026-04-10 12:14:40,528 - utils.alert_system - INFO - Alert cleared
2026-04-10 12:14:40,597 - utils.alert_system - INFO - Alert cleared
2026-04-10 12:14:40,678 - utils.alert_system - INFO - Alert cleared
2026-04-10 12:14:40,766 - utils.alert_system - INFO - Alert cleared
2026-04-10 12:14:40,852 - utils.alert_system - INFO - Alert cleared
2026-04-10 12:14:40,928 - utils.alert_system - INFO - Alert cleared
2026-04-10 12:14:40,997 - utils.alert_system - INFO - Alert cleared
2026-04-10 12:14:41,126 - utils.alert_system - INFO - Alert cleared
2026-04-10 12:14:41,227 - utils.alert_system - INFO - Alert cleared
2026-04-10 12:14:41,292 - utils.alert_system - INFO - Alert cleared
2026-04-10 12:14:41,378 - utils.alert_system - INFO - Alert cleared
2026-04-10 12:14:41,428 - utils.alert_system - INFO - Alert cleared
2026-04-10 12:14:41,547 - utils.alert_system - INFO - Alert cleared
2026-04-10 12:14:41,654 - utils.alert_system - INFO - Alert cleared
2026-04-10 12:14:41,747 - utils.alert_system - INFO - Alert cleared
2026-04-10 12:14:41,852 - utils.alert_system - INFO - Alert cleared
2026-04-10 12:14:41,937 - utils.alert_system - INFO - Alert cleared
2026-04-10 12:14:42,002 - utils.alert_system - INFO - Alert cleared
2026-04-10 12:14:42,100 - utils.alert_system - INFO - Alert cleared
2026-04-10 12:14:42,177 - utils.alert_system - INFO - Alert cleared
2026-04-10 12:14:42,248 - utils.alert_system - INFO - Alert cleared
2026-04-10 12:14:42,303 - utils.alert_system - INFO - Alert cleared
2026-04-10 12:14:42,398 - utils.alert_system - INFO - Alert cleared
2026-04-10 12:14:42,478 - utils.alert_system - INFO - Alert cleared
2026-04-10 12:14:42,550 - utils.alert_system - INFO - Alert cleared
2026-04-10 12:14:42,637 - utils.alert_system - INFO - Alert cleared
2026-04-10 12:14:42,697 - utils.alert_system - INFO - Alert cleared
2026-04-10 12:14:42,802 - utils.alert_system - INFO - Alert cleared
2026-04-10 12:14:42,878 - utils.alert_system - INFO - Alert cleared
2026-04-10 12:14:42,966 - utils.alert_system - INFO - Alert cleared
2026-04-10 12:14:43,041 - utils.alert_system - INFO - Alert cleared
2026-04-10 12:14:43,127 - utils.alert_system - INFO - Alert cleared
2026-04-10 12:14:43,218 - utils.alert_system - INFO - Alert cleared
2026-04-10 12:14:43,295 - utils.alert_system - INFO - Alert cleared
2026-04-10 12:14:43,378 - utils.alert_system - INFO - Alert cleared
2026-04-10 12:14:43,468 - utils.alert_system - INFO - Alert cleared
2026-04-10 12:14:43,536 - utils.alert_system - INFO - Alert cleared
2026-04-10 12:14:43,603 - utils.alert_system - INFO - Alert cleared
2026-04-10 12:14:43,717 - utils.alert_system - INFO - Alert cleared
2026-04-10 12:14:43,817 - utils.alert_system - INFO - Alert cleared
2026-04-10 12:14:43,925 - utils.alert_system - INFO - Alert cleared
2026-04-10 12:14:43,994 - utils.alert_system - INFO - Alert cleared
2026-04-10 12:14:44,069 - utils.alert_system - INFO - Alert cleared
2026-04-10 12:14:44,147 - utils.alert_system - INFO - Alert cleared
2026-04-10 12:14:44,228 - utils.alert_system - INFO - Alert cleared
2026-04-10 12:14:44,328 - utils.alert_system - INFO - Alert cleared
2026-04-10 12:14:44,416 - utils.alert_system - INFO - Alert cleared
2026-04-10 12:14:44,478 - utils.alert_system - INFO - Alert cleared
2026-04-10 12:14:44,569 - utils.alert_system - INFO - Alert cleared
2026-04-10 12:14:44,638 - utils.alert_system - INFO - Alert cleared
2026-04-10 12:14:44,738 - utils.alert_system - INFO - Alert cleared
2026-04-10 12:14:44,820 - utils.alert_system - INFO - Alert cleared
2026-04-10 12:14:44,891 - utils.alert_system - INFO - Alert cleared
2026-04-10 12:14:44,983 - utils.alert_system - INFO - Alert cleared
2026-04-10 12:14:45,072 - utils.alert_system - INFO - Alert cleared
2026-04-10 12:14:45,168 - utils.alert_system - INFO - Alert cleared
2026-04-10 12:14:45,271 - utils.alert_system - INFO - Alert cleared
2026-04-10 12:14:45,344 - utils.alert_system - INFO - Alert cleared
2026-04-10 12:14:45,416 - utils.alert_system - INFO - Alert cleared
2026-04-10 12:14:45,478 - utils.alert_system - INFO - Alert cleared
2026-04-10 12:14:45,578 - utils.alert_system - INFO - Alert cleared
2026-04-10 12:14:45,661 - utils.alert_system - INFO - Alert cleared
2026-04-10 12:14:45,735 - utils.alert_system - INFO - Alert cleared
2026-04-10 12:14:45,827 - utils.alert_system - INFO - Alert cleared
2026-04-10 12:14:45,905 - utils.alert_system - INFO - Alert cleared
2026-04-10 12:14:45,993 - utils.alert_system - INFO - Alert cleared
2026-04-10 12:14:46,091 - utils.alert_system - INFO - Alert cleared
2026-04-10 12:14:46,183 - utils.alert_system - INFO - Alert cleared
2026-04-10 12:14:46,266 - utils.alert_system - INFO - Alert cleared
2026-04-10 12:14:46,328 - utils.alert_system - INFO - Alert cleared
2026-04-10 12:14:46,397 - utils.alert_system - INFO - Alert cleared
2026-04-10 12:14:46,458 - utils.alert_system - INFO - Alert cleared
2026-04-10 12:14:46,516 - utils.alert_system - INFO - Alert cleared
2026-04-10 12:14:46,578 - utils.alert_system - INFO - Alert cleared
2026-04-10 12:14:46,650 - utils.alert_system - INFO - Alert cleared
2026-04-10 12:14:46,716 - utils.alert_system - INFO - Alert cleared
2026-04-10 12:14:46,793 - utils.alert_system - INFO - Alert cleared
2026-04-10 12:14:46,883 - utils.alert_system - INFO - Alert cleared
2026-04-10 12:14:46,948 - utils.alert_system - INFO - Alert cleared
2026-04-10 12:14:47,018 - utils.alert_system - INFO - Alert cleared
2026-04-10 12:14:47,095 - utils.alert_system - INFO - Alert cleared
2026-04-10 12:14:47,157 - utils.alert_system - INFO - Alert cleared
2026-04-10 12:14:47,228 - utils.alert_system - INFO - Alert cleared
2026-04-10 12:14:47,328 - utils.alert_system - INFO - Alert cleared
2026-04-10 12:14:47,397 - utils.alert_system - INFO - Alert cleared
2026-04-10 12:14:47,482 - utils.alert_system - INFO - Alert cleared
2026-04-10 12:14:47,547 - utils.alert_system - INFO - Alert cleared
2026-04-10 12:14:47,619 - utils.alert_system - INFO - Alert cleared
2026-04-10 12:14:47,685 - utils.alert_system - INFO - Alert cleared
2026-04-10 12:14:47,766 - utils.alert_system - INFO - Alert cleared
2026-04-10 12:14:47,834 - utils.alert_system - INFO - Alert cleared
2026-04-10 12:14:47,901 - utils.alert_system - INFO - Alert cleared
2026-04-10 12:14:47,967 - utils.alert_system - INFO - Alert cleared
2026-04-10 12:14:48,034 - utils.alert_system - INFO - Alert cleared
2026-04-10 12:14:48,127 - utils.alert_system - INFO - Alert cleared
2026-04-10 12:14:48,181 - utils.alert_system - INFO - Alert cleared
2026-04-10 12:14:48,250 - utils.alert_system - INFO - Alert cleared
2026-04-10 12:14:48,340 - utils.alert_system - INFO - Alert cleared
2026-04-10 12:14:48,432 - utils.alert_system - INFO - Alert cleared
2026-04-10 12:14:48,528 - utils.alert_system - INFO - Alert cleared
2026-04-10 12:14:48,640 - utils.alert_system - INFO - Alert cleared
2026-04-10 12:14:48,717 - utils.alert_system - INFO - Alert cleared
2026-04-10 12:14:48,789 - utils.alert_system - INFO - Alert cleared
2026-04-10 12:14:48,893 - utils.alert_system - INFO - Alert cleared
2026-04-10 12:14:48,967 - utils.alert_system - INFO - Alert cleared
2026-04-10 12:14:49,034 - utils.alert_system - INFO - Alert cleared
2026-04-10 12:14:49,110 - utils.alert_system - INFO - Alert cleared
2026-04-10 12:14:49,235 - utils.alert_system - INFO - Alert cleared
2026-04-10 12:14:49,314 - utils.alert_system - INFO - Alert cleared
2026-04-10 12:14:49,418 - utils.alert_system - INFO - Alert cleared
2026-04-10 12:14:49,497 - utils.alert_system - INFO - Alert cleared
2026-04-10 12:14:49,567 - utils.alert_system - INFO - Alert cleared
2026-04-10 12:14:49,649 - utils.alert_system - INFO - Alert cleared
2026-04-10 12:14:49,725 - utils.alert_system - INFO - Alert cleared
2026-04-10 12:14:49,797 - utils.alert_system - INFO - Alert cleared
2026-04-10 12:14:49,881 - utils.alert_system - INFO - Alert cleared
2026-04-10 12:14:49,951 - utils.alert_system - INFO - Alert cleared
2026-04-10 12:14:50,031 - utils.alert_system - INFO - Alert cleared
2026-04-10 12:14:50,132 - utils.alert_system - INFO - Alert cleared
2026-04-10 12:14:50,217 - utils.alert_system - INFO - Alert cleared
2026-04-10 12:14:50,309 - utils.alert_system - INFO - Alert cleared
2026-04-10 12:14:50,406 - utils.alert_system - INFO - Alert cleared
2026-04-10 12:14:50,483 - utils.alert_system - INFO - Alert cleared
2026-04-10 12:14:50,558 - utils.alert_system - INFO - Alert cleared
2026-04-10 12:14:50,642 - utils.alert_system - INFO - Alert cleared
2026-04-10 12:14:50,716 - utils.alert_system - INFO - Alert cleared
2026-04-10 12:14:50,782 - utils.alert_system - INFO - Alert cleared
2026-04-10 12:14:50,889 - utils.alert_system - INFO - Alert cleared
2026-04-10 12:14:50,985 - utils.alert_system - INFO - Alert cleared
2026-04-10 12:14:51,078 - utils.alert_system - INFO - Alert cleared
2026-04-10 12:14:51,159 - utils.alert_system - INFO - Alert cleared
2026-04-10 12:14:51,228 - utils.alert_system - INFO - Alert cleared
2026-04-10 12:14:51,311 - utils.alert_system - INFO - Alert cleared
2026-04-10 12:14:51,383 - utils.alert_system - INFO - Alert cleared
2026-04-10 12:14:51,493 - utils.alert_system - INFO - Alert cleared
2026-04-10 12:14:51,550 - utils.alert_system - INFO - Alert cleared
2026-04-10 12:14:51,641 - utils.alert_system - INFO - Alert cleared
2026-04-10 12:14:51,709 - utils.alert_system - INFO - Alert cleared
2026-04-10 12:14:51,798 - utils.alert_system - INFO - Alert cleared
2026-04-10 12:14:51,889 - utils.alert_system - INFO - Alert cleared
2026-04-10 12:14:51,998 - utils.alert_system - INFO - Alert cleared
2026-04-10 12:14:52,097 - utils.alert_system - INFO - Alert cleared
2026-04-10 12:14:52,184 - utils.alert_system - INFO - Alert cleared
2026-04-10 12:14:52,266 - utils.alert_system - INFO - Alert cleared
2026-04-10 12:14:52,363 - utils.alert_system - INFO - Alert cleared
2026-04-10 12:14:52,450 - utils.alert_system - INFO - Alert cleared
2026-04-10 12:14:52,533 - utils.alert_system - INFO - Alert cleared
2026-04-10 12:14:52,622 - utils.alert_system - INFO - Alert cleared
2026-04-10 12:14:52,706 - utils.alert_system - INFO - Alert cleared
2026-04-10 12:14:52,785 - utils.alert_system - INFO - Alert cleared
2026-04-10 12:14:52,849 - utils.alert_system - INFO - Alert cleared
2026-04-10 12:14:52,921 - utils.alert_system - INFO - Alert cleared
2026-04-10 12:14:52,991 - utils.alert_system - INFO - Alert cleared
2026-04-10 12:14:53,079 - utils.alert_system - INFO - Alert cleared
2026-04-10 12:14:53,147 - utils.alert_system - INFO - Alert cleared
2026-04-10 12:14:53,347 - utils.alert_system - INFO - Alert cleared
2026-04-10 12:14:53,416 - utils.alert_system - INFO - Alert cleared
2026-04-10 12:14:53,498 - utils.alert_system - INFO - Alert cleared
2026-04-10 12:14:53,566 - utils.alert_system - INFO - Alert cleared
2026-04-10 12:14:53,648 - utils.alert_system - INFO - Alert cleared
2026-04-10 12:14:53,744 - utils.alert_system - INFO - Alert cleared
2026-04-10 12:14:53,819 - utils.alert_system - INFO - Alert cleared
2026-04-10 12:14:53,891 - utils.alert_system - INFO - Alert cleared
2026-04-10 12:14:53,967 - utils.alert_system - INFO - Alert cleared
2026-04-10 12:14:54,029 - utils.alert_system - INFO - Alert cleared
2026-04-10 12:14:54,119 - utils.alert_system - INFO - Alert cleared
2026-04-10 12:14:54,190 - utils.alert_system - INFO - Alert cleared
2026-04-10 12:14:54,264 - utils.alert_system - INFO - Alert cleared
2026-04-10 12:14:54,356 - utils.alert_system - INFO - Alert cleared
2026-04-10 12:14:54,430 - utils.alert_system - INFO - Alert cleared
2026-04-10 12:14:54,499 - utils.alert_system - INFO - Alert cleared
2026-04-10 12:14:54,566 - utils.alert_system - INFO - Alert cleared
2026-04-10 12:14:54,632 - utils.alert_system - INFO - Alert cleared
2026-04-10 12:14:54,729 - utils.alert_system - INFO - Alert cleared
2026-04-10 12:14:54,797 - utils.alert_system - INFO - Alert cleared
2026-04-10 12:14:54,856 - utils.alert_system - INFO - Alert cleared
2026-04-10 12:14:54,928 - utils.alert_system - INFO - Alert cleared
2026-04-10 12:14:54,997 - utils.alert_system - INFO - Alert cleared
2026-04-10 12:14:55,091 - utils.alert_system - INFO - Alert cleared
2026-04-10 12:14:55,147 - utils.alert_system - INFO - Alert cleared
2026-04-10 12:14:55,216 - utils.alert_system - INFO - Alert cleared
2026-04-10 12:14:55,290 - utils.alert_system - INFO - Alert cleared
2026-04-10 12:14:55,348 - utils.alert_system - INFO - Alert cleared
2026-04-10 12:14:55,411 - utils.alert_system - INFO - Alert cleared
2026-04-10 12:14:55,487 - utils.alert_system - INFO - Alert cleared
2026-04-10 12:14:55,566 - utils.alert_system - INFO - Alert cleared
2026-04-10 12:14:55,666 - utils.alert_system - INFO - Alert cleared
2026-04-10 12:14:55,730 - utils.alert_system - INFO - Alert cleared
2026-04-10 12:14:55,816 - utils.alert_system - INFO - Alert cleared
2026-04-10 12:14:55,898 - utils.alert_system - INFO - Alert cleared
2026-04-10 12:14:55,978 - utils.alert_system - INFO - Alert cleared
2026-04-10 12:14:56,063 - utils.alert_system - INFO - Alert cleared
2026-04-10 12:14:56,130 - utils.alert_system - INFO - Alert cleared
2026-04-10 12:14:56,197 - utils.alert_system - INFO - Alert cleared
2026-04-10 12:14:56,288 - utils.alert_system - INFO - Alert cleared
2026-04-10 12:14:56,366 - utils.alert_system - INFO - Alert cleared
2026-04-10 12:14:56,438 - utils.alert_system - INFO - Alert cleared
2026-04-10 12:14:56,497 - utils.alert_system - INFO - Alert cleared
2026-04-10 12:14:56,564 - utils.alert_system - INFO - Alert cleared
2026-04-10 12:14:56,642 - utils.alert_system - INFO - Alert cleared
2026-04-10 12:14:56,730 - utils.alert_system - INFO - Alert cleared
2026-04-10 12:14:56,821 - utils.alert_system - INFO - Alert cleared
2026-04-10 12:14:56,889 - utils.alert_system - INFO - Alert cleared
2026-04-10 12:14:56,972 - utils.alert_system - INFO - Alert cleared
2026-04-10 12:14:57,066 - utils.alert_system - INFO - Alert cleared
2026-04-10 12:14:57,147 - utils.alert_system - INFO - Alert cleared
2026-04-10 12:14:57,243 - utils.alert_system - INFO - Alert cleared
2026-04-10 12:14:57,328 - utils.alert_system - INFO - Alert cleared
2026-04-10 12:14:57,391 - utils.alert_system - INFO - Alert cleared
2026-04-10 12:14:57,468 - utils.alert_system - INFO - Alert cleared
2026-04-10 12:14:57,547 - utils.alert_system - INFO - Alert cleared
2026-04-10 12:14:57,660 - utils.alert_system - INFO - Alert cleared
2026-04-10 12:14:57,727 - utils.alert_system - INFO - Alert cleared
2026-04-10 12:14:57,816 - utils.alert_system - INFO - Alert cleared
2026-04-10 12:14:57,897 - utils.alert_system - INFO - Alert cleared
2026-04-10 12:14:57,980 - utils.alert_system - INFO - Alert cleared
2026-04-10 12:14:58,055 - utils.alert_system - INFO - Alert cleared
2026-04-10 12:14:58,138 - utils.alert_system - INFO - Alert cleared
2026-04-10 12:14:58,225 - utils.alert_system - INFO - Alert cleared
2026-04-10 12:14:58,311 - utils.alert_system - INFO - Alert cleared
2026-04-10 12:14:58,404 - utils.alert_system - INFO - Alert cleared
2026-04-10 12:14:58,511 - utils.alert_system - INFO - Alert cleared
2026-04-10 12:14:58,578 - utils.alert_system - INFO - Alert cleared
2026-04-10 12:14:58,666 - utils.alert_system - INFO - Alert cleared
2026-04-10 12:14:58,749 - utils.alert_system - INFO - Alert cleared
2026-04-10 12:14:58,828 - utils.alert_system - INFO - Alert cleared
2026-04-10 12:14:58,917 - utils.alert_system - INFO - Alert cleared
2026-04-10 12:14:58,993 - utils.alert_system - INFO - Alert cleared
2026-04-10 12:14:59,066 - utils.alert_system - INFO - Alert cleared
2026-04-10 12:14:59,138 - utils.alert_system - INFO - Alert cleared
2026-04-10 12:14:59,247 - utils.alert_system - INFO - Alert cleared
2026-04-10 12:14:59,328 - utils.alert_system - INFO - Alert cleared
2026-04-10 12:14:59,415 - utils.alert_system - INFO - Alert cleared
2026-04-10 12:14:59,504 - utils.alert_system - INFO - Alert cleared
2026-04-10 12:14:59,520 - __main__ - INFO - End of video stream
2026-04-10 12:14:59,520 - __main__ - INFO - Cleaning up...
2026-04-10 12:14:59,528 - utils.alert_system - INFO - Alert cleared
2026-04-10 12:14:59,529 - utils.alert_system - INFO - Alert system cleaned up
2026-04-10 12:14:59,529 - utils.speed_monitor - INFO - Stopped speed monitoring
2026-04-10 12:14:59,530 - __main__ - INFO - ==================================================
2026-04-10 12:14:59,530 - __main__ - INFO - Session Summary:
2026-04-10 12:14:59,530 - __main__ - INFO - ==================================================
2026-04-10 12:14:59,530 - __main__ - INFO -   session_id: 20260410_121335
2026-04-10 12:14:59,530 - __main__ - INFO -   duration: 84.19588661193848
2026-04-10 12:14:59,530 - __main__ - INFO -   total_frames: 930
2026-04-10 12:14:59,530 - __main__ - INFO -   total_detections: 14
2026-04-10 12:14:59,530 - __main__ - INFO -   alerts_triggered: 0
2026-04-10 12:14:59,530 - __main__ - INFO -   average_speed: 30.0
2026-04-10 12:14:59,530 - __main__ - INFO -   top_detected: [('cow', 13), ('dog', 1)]
2026-04-10 12:14:59,530 - utils.data_logger - INFO - Session saved: 20260410_121335
2026-04-10 12:14:59,530 - utils.data_logger - INFO -   Frames: 930
2026-04-10 12:14:59,530 - utils.data_logger - INFO -   Detections: 14
2026-04-10 12:14:59,530 - utils.data_logger - INFO -   Alerts: 0
2026-04-10 12:14:59,549 - __main__ - INFO - Cleanup complete
2026-04-10 12:17:46,390 - __main__ - INFO - ==================================================
2026-04-10 12:17:46,390 - __main__ - INFO - Animal Collision Avoidance System Initializing
2026-04-10 12:17:46,390 - __main__ - INFO - ==================================================
2026-04-10 12:17:46,390 - __main__ - INFO - Loading model: C:\Users\Ranjith S\Desktop\New folder\New folder\models\yolov8n.pt
2026-04-10 12:17:46,390 - models.detector - INFO - Using device: cpu
2026-04-10 12:17:46,416 - models.detector - INFO - Model loaded from C:\Users\Ranjith S\Desktop\New folder\New folder\models\yolov8n.pt
2026-04-10 12:17:46,416 - utils.speed_monitor - INFO - Speed monitor initialized: source=simulation, default=30.0 km/h
2026-04-10 12:17:46,418 - utils.data_logger - INFO - Data logger initialized: session=20260410_121746
2026-04-10 12:17:46,421 - __main__ - INFO - Video output: C:\Users\Ranjith S\Desktop\New folder\New folder\data\output_videos\output_20260410_121746.mp4
2026-04-10 12:17:46,421 - __main__ - INFO - System initialization complete
2026-04-10 12:17:46,430 - __main__ - INFO - System started with source: WhatsApp Video 2026-04-10 at 9.17.37 AM.mp4
2026-04-10 12:17:46,430 - __main__ - INFO - Resolution: 640x360
2026-04-10 12:17:46,430 - __main__ - INFO - Video FPS: 30.00
2026-04-10 12:17:46,430 - __main__ - INFO - Press 'q' to quit, 'p' to pause, '+/-' to adjust speed
2026-04-10 12:17:46,430 - __main__ - INFO - Press 's' to save screenshot, 'r' to reset stats
2026-04-10 12:17:48,053 - utils.alert_system - INFO - Alert cleared
2026-04-10 12:17:48,204 - utils.alert_system - INFO - Alert cleared
2026-04-10 12:17:48,305 - utils.alert_system - INFO - Alert cleared
2026-04-10 12:17:48,399 - utils.alert_system - INFO - Alert cleared
2026-04-10 12:17:48,466 - utils.alert_system - INFO - Alert cleared
2026-04-10 12:17:48,547 - utils.alert_system - INFO - Alert cleared
2026-04-10 12:17:48,654 - utils.alert_system - INFO - Alert cleared
2026-04-10 12:17:48,754 - utils.alert_system - INFO - Alert cleared
2026-04-10 12:17:48,860 - utils.alert_system - INFO - Alert cleared
2026-04-10 12:17:48,929 - utils.alert_system - INFO - Alert cleared
2026-04-10 12:17:49,007 - utils.alert_system - INFO - Alert cleared
2026-04-10 12:17:49,095 - utils.alert_system - INFO - Alert cleared
2026-04-10 12:17:49,173 - utils.alert_system - INFO - Alert cleared
2026-04-10 12:17:49,234 - utils.alert_system - INFO - Alert cleared
2026-04-10 12:17:49,323 - utils.alert_system - INFO - Alert cleared
2026-04-10 12:17:49,407 - utils.alert_system - INFO - Alert cleared
2026-04-10 12:17:49,478 - utils.alert_system - INFO - Alert cleared
2026-04-10 12:17:49,558 - utils.alert_system - INFO - Alert cleared
2026-04-10 12:17:49,633 - utils.alert_system - INFO - Alert cleared
2026-04-10 12:17:49,716 - utils.alert_system - INFO - Alert cleared
2026-04-10 12:17:49,800 - utils.alert_system - INFO - Alert cleared
2026-04-10 12:17:49,867 - utils.alert_system - INFO - Alert cleared
2026-04-10 12:17:49,949 - utils.alert_system - INFO - Alert cleared
2026-04-10 12:17:50,028 - utils.alert_system - INFO - Alert cleared
2026-04-10 12:17:50,128 - utils.alert_system - INFO - Alert cleared
2026-04-10 12:17:50,186 - utils.alert_system - INFO - Alert cleared
2026-04-10 12:17:50,278 - utils.alert_system - INFO - Alert cleared
2026-04-10 12:17:50,357 - utils.alert_system - INFO - Alert cleared
2026-04-10 12:17:50,440 - utils.alert_system - INFO - Alert cleared
2026-04-10 12:17:50,516 - utils.alert_system - INFO - Alert cleared
2026-04-10 12:17:50,582 - utils.alert_system - INFO - Alert cleared
2026-04-10 12:17:50,648 - utils.alert_system - INFO - Alert cleared
2026-04-10 12:17:50,701 - utils.alert_system - INFO - Alert cleared
2026-04-10 12:17:50,779 - utils.alert_system - INFO - Alert cleared
2026-04-10 12:17:50,848 - utils.alert_system - INFO - Alert cleared
2026-04-10 12:17:50,916 - utils.alert_system - INFO - Alert cleared
2026-04-10 12:17:51,006 - utils.alert_system - INFO - Alert cleared
2026-04-10 12:17:51,098 - utils.alert_system - INFO - Alert cleared
2026-04-10 12:17:51,185 - utils.alert_system - INFO - Alert cleared
2026-04-10 12:17:51,287 - utils.alert_system - INFO - Alert cleared
2026-04-10 12:17:51,347 - utils.alert_system - INFO - Alert cleared
2026-04-10 12:17:51,416 - utils.alert_system - INFO - Alert cleared
2026-04-10 12:17:51,516 - utils.alert_system - INFO - Alert cleared
2026-04-10 12:17:51,578 - utils.alert_system - INFO - Alert cleared
2026-04-10 12:17:51,652 - utils.alert_system - INFO - Alert cleared
2026-04-10 12:17:51,759 - utils.alert_system - INFO - Alert cleared
2026-04-10 12:17:51,828 - utils.alert_system - INFO - Alert cleared
2026-04-10 12:17:51,922 - utils.alert_system - INFO - Alert cleared
2026-04-10 12:17:52,009 - utils.alert_system - INFO - Alert cleared
2026-04-10 12:17:52,079 - utils.alert_system - INFO - Alert cleared
2026-04-10 12:17:52,175 - utils.alert_system - INFO - Alert cleared
2026-04-10 12:17:52,248 - utils.alert_system - INFO - Alert cleared
2026-04-10 12:17:52,316 - utils.alert_system - INFO - Alert cleared
2026-04-10 12:17:52,380 - utils.alert_system - INFO - Alert cleared
2026-04-10 12:17:52,447 - utils.alert_system - INFO - Alert cleared
2026-04-10 12:17:52,524 - utils.alert_system - INFO - Alert cleared
2026-04-10 12:17:52,598 - utils.alert_system - INFO - Alert cleared
2026-04-10 12:17:52,687 - utils.alert_system - INFO - Alert cleared
2026-04-10 12:17:52,778 - utils.alert_system - INFO - Alert cleared
2026-04-10 12:17:52,834 - utils.alert_system - INFO - Alert cleared
2026-04-10 12:17:52,930 - utils.alert_system - INFO - Alert cleared
2026-04-10 12:17:52,997 - utils.alert_system - INFO - Alert cleared
2026-04-10 12:17:53,078 - utils.alert_system - INFO - Alert cleared
2026-04-10 12:17:53,166 - utils.alert_system - INFO - Alert cleared
2026-04-10 12:17:53,252 - utils.alert_system - INFO - Alert cleared
2026-04-10 12:17:53,316 - utils.alert_system - INFO - Alert cleared
2026-04-10 12:17:53,405 - utils.alert_system - INFO - Alert cleared
2026-04-10 12:17:53,466 - utils.alert_system - INFO - Alert cleared
2026-04-10 12:17:53,522 - utils.alert_system - INFO - Alert cleared
2026-04-10 12:17:53,588 - utils.alert_system - INFO - Alert cleared
2026-04-10 12:17:53,648 - utils.alert_system - INFO - Alert cleared
2026-04-10 12:17:53,730 - utils.alert_system - INFO - Alert cleared
2026-04-10 12:17:53,816 - utils.alert_system - INFO - Alert cleared
2026-04-10 12:17:53,877 - utils.alert_system - INFO - Alert cleared
2026-04-10 12:17:53,966 - utils.alert_system - INFO - Alert cleared
2026-04-10 12:17:54,055 - utils.alert_system - INFO - Alert cleared
2026-04-10 12:17:54,137 - utils.alert_system - INFO - Alert cleared
2026-04-10 12:17:54,229 - utils.alert_system - INFO - Alert cleared
2026-04-10 12:17:54,316 - utils.alert_system - INFO - Alert cleared
2026-04-10 12:17:54,378 - utils.alert_system - INFO - Alert cleared
2026-04-10 12:17:54,471 - utils.alert_system - INFO - Alert cleared
2026-04-10 12:17:54,566 - utils.alert_system - INFO - Alert cleared
2026-04-10 12:17:54,648 - utils.alert_system - INFO - Alert cleared
2026-04-10 12:17:54,713 - utils.alert_system - INFO - Alert cleared
2026-04-10 12:17:54,798 - utils.alert_system - INFO - Alert cleared
2026-04-10 12:17:54,866 - utils.alert_system - INFO - Alert cleared
2026-04-10 12:17:54,969 - utils.alert_system - INFO - Alert cleared
2026-04-10 12:17:55,074 - utils.alert_system - INFO - Alert cleared
2026-04-10 12:17:55,147 - utils.alert_system - INFO - Alert cleared
2026-04-10 12:17:55,222 - utils.alert_system - INFO - Alert cleared
2026-04-10 12:17:55,307 - utils.alert_system - INFO - Alert cleared
2026-04-10 12:17:55,379 - utils.alert_system - INFO - Alert cleared
2026-04-10 12:17:55,453 - utils.alert_system - INFO - Alert cleared
2026-04-10 12:17:55,525 - utils.alert_system - INFO - Alert cleared
2026-04-10 12:17:55,616 - utils.alert_system - INFO - Alert cleared
2026-04-10 12:17:55,685 - utils.alert_system - INFO - Alert cleared
2026-04-10 12:17:55,747 - utils.alert_system - INFO - Alert cleared
2026-04-10 12:17:55,837 - utils.alert_system - INFO - Alert cleared
2026-04-10 12:17:55,919 - utils.alert_system - INFO - Alert cleared
2026-04-10 12:17:55,988 - utils.alert_system - INFO - Alert cleared
2026-04-10 12:17:56,067 - utils.alert_system - INFO - Alert cleared
2026-04-10 12:17:56,128 - utils.alert_system - INFO - Alert cleared
2026-04-10 12:17:56,216 - utils.alert_system - INFO - Alert cleared
2026-04-10 12:17:56,297 - utils.alert_system - INFO - Alert cleared
2026-04-10 12:17:56,389 - utils.alert_system - INFO - Alert cleared
2026-04-10 12:17:56,456 - utils.alert_system - INFO - Alert cleared
2026-04-10 12:17:56,529 - utils.alert_system - INFO - Alert cleared
2026-04-10 12:17:56,597 - utils.alert_system - INFO - Alert cleared
2026-04-10 12:17:56,663 - utils.alert_system - INFO - Alert cleared
2026-04-10 12:17:56,748 - utils.alert_system - INFO - Alert cleared
2026-04-10 12:17:56,860 - utils.alert_system - INFO - Alert cleared
2026-04-10 12:17:56,948 - utils.alert_system - INFO - Alert cleared
2026-04-10 12:17:57,016 - utils.alert_system - INFO - Alert cleared
2026-04-10 12:17:57,080 - utils.alert_system - INFO - Alert cleared
2026-04-10 12:17:57,166 - utils.alert_system - INFO - Alert cleared
2026-04-10 12:17:57,248 - utils.alert_system - INFO - Alert cleared
2026-04-10 12:17:57,318 - utils.alert_system - INFO - Alert cleared
2026-04-10 12:17:57,397 - utils.alert_system - INFO - Alert cleared
2026-04-10 12:17:57,483 - utils.alert_system - INFO - Alert cleared
2026-04-10 12:17:57,553 - utils.alert_system - INFO - Alert cleared
2026-04-10 12:17:57,616 - utils.alert_system - INFO - Alert cleared
2026-04-10 12:17:57,678 - utils.alert_system - INFO - Alert cleared
2026-04-10 12:17:57,759 - utils.alert_system - INFO - Alert cleared
2026-04-10 12:17:57,852 - utils.alert_system - INFO - Alert cleared
2026-04-10 12:17:57,939 - utils.alert_system - INFO - Alert cleared
2026-04-10 12:17:57,997 - utils.alert_system - INFO - Alert cleared
2026-04-10 12:17:58,097 - utils.alert_system - INFO - Alert cleared
2026-04-10 12:17:58,170 - utils.alert_system - INFO - Alert cleared
2026-04-10 12:17:58,266 - utils.alert_system - INFO - Alert cleared
2026-04-10 12:17:58,347 - utils.alert_system - INFO - Alert cleared
2026-04-10 12:17:58,430 - utils.alert_system - INFO - Alert cleared
2026-04-10 12:17:58,497 - utils.alert_system - INFO - Alert cleared
2026-04-10 12:17:58,566 - utils.alert_system - INFO - Alert cleared
2026-04-10 12:17:58,628 - utils.alert_system - INFO - Alert cleared
2026-04-10 12:17:58,697 - utils.alert_system - INFO - Alert cleared
2026-04-10 12:17:58,872 - utils.alert_system - INFO - Alert cleared
2026-04-10 12:17:58,948 - utils.alert_system - INFO - Alert cleared
2026-04-10 12:17:59,019 - utils.alert_system - INFO - Alert cleared
2026-04-10 12:17:59,097 - utils.alert_system - INFO - Alert cleared
2026-04-10 12:17:59,166 - utils.alert_system - INFO - Alert cleared
2026-04-10 12:17:59,228 - utils.alert_system - INFO - Alert cleared
2026-04-10 12:17:59,297 - utils.alert_system - INFO - Alert cleared
2026-04-10 12:17:59,360 - utils.alert_system - INFO - Alert cleared
2026-04-10 12:17:59,428 - utils.alert_system - INFO - Alert cleared
2026-04-10 12:17:59,521 - utils.alert_system - INFO - Alert cleared
2026-04-10 12:17:59,586 - utils.alert_system - INFO - Alert cleared
2026-04-10 12:17:59,653 - utils.alert_system - INFO - Alert cleared
2026-04-10 12:17:59,730 - utils.alert_system - INFO - Alert cleared
2026-04-10 12:17:59,828 - utils.alert_system - INFO - Alert cleared
2026-04-10 12:17:59,897 - utils.alert_system - INFO - Alert cleared
2026-04-10 12:17:59,986 - utils.alert_system - INFO - Alert cleared
2026-04-10 12:18:00,077 - utils.alert_system - INFO - Alert cleared
2026-04-10 12:18:00,144 - utils.alert_system - INFO - Alert cleared
2026-04-10 12:18:00,216 - utils.alert_system - INFO - Alert cleared
2026-04-10 12:18:00,294 - utils.alert_system - INFO - Alert cleared
2026-04-10 12:18:00,366 - utils.alert_system - INFO - Alert cleared
2026-04-10 12:18:00,443 - utils.alert_system - INFO - Alert cleared
2026-04-10 12:18:00,528 - utils.alert_system - INFO - Alert cleared
2026-04-10 12:18:00,617 - utils.alert_system - INFO - Alert cleared
2026-04-10 12:18:00,705 - utils.alert_system - INFO - Alert cleared
2026-04-10 12:18:00,778 - utils.alert_system - INFO - Alert cleared
2026-04-10 12:18:00,857 - utils.alert_system - INFO - Alert cleared
2026-04-10 12:18:00,916 - utils.alert_system - INFO - Alert cleared
2026-04-10 12:18:01,018 - utils.alert_system - INFO - Alert cleared
2026-04-10 12:18:01,097 - utils.alert_system - INFO - Alert cleared
2026-04-10 12:18:01,166 - utils.alert_system - INFO - Alert cleared
2026-04-10 12:18:01,258 - utils.alert_system - INFO - Alert cleared
2026-04-10 12:18:01,347 - utils.alert_system - INFO - Alert cleared
2026-04-10 12:18:01,416 - utils.alert_system - INFO - Alert cleared
2026-04-10 12:18:01,477 - utils.alert_system - INFO - Alert cleared
2026-04-10 12:18:01,536 - utils.alert_system - INFO - Alert cleared
2026-04-10 12:18:01,602 - utils.alert_system - INFO - Alert cleared
2026-04-10 12:18:01,685 - utils.alert_system - INFO - Alert cleared
2026-04-10 12:18:01,747 - utils.alert_system - INFO - Alert cleared
2026-04-10 12:18:01,797 - utils.alert_system - INFO - Alert cleared
2026-04-10 12:18:01,879 - utils.alert_system - INFO - Alert cleared
2026-04-10 12:18:01,966 - utils.alert_system - INFO - Alert cleared
2026-04-10 12:18:02,043 - utils.alert_system - INFO - Alert cleared
2026-04-10 12:18:02,134 - utils.alert_system - INFO - Alert cleared
2026-04-10 12:18:02,228 - utils.alert_system - INFO - Alert cleared
2026-04-10 12:18:02,299 - utils.alert_system - INFO - Alert cleared
2026-04-10 12:18:02,366 - utils.alert_system - INFO - Alert cleared
2026-04-10 12:18:02,459 - utils.alert_system - INFO - Alert cleared
2026-04-10 12:18:02,534 - utils.alert_system - INFO - Alert cleared
2026-04-10 12:18:02,619 - utils.alert_system - INFO - Alert cleared
2026-04-10 12:18:02,700 - utils.alert_system - INFO - Alert cleared
2026-04-10 12:18:02,780 - utils.alert_system - INFO - Alert cleared
2026-04-10 12:18:02,866 - utils.alert_system - INFO - Alert cleared
2026-04-10 12:18:02,930 - utils.alert_system - INFO - Alert cleared
2026-04-10 12:18:03,034 - utils.alert_system - INFO - Alert cleared
2026-04-10 12:18:03,128 - utils.alert_system - INFO - Alert cleared
2026-04-10 12:18:03,200 - utils.alert_system - INFO - Alert cleared
2026-04-10 12:18:03,274 - utils.alert_system - INFO - Alert cleared
2026-04-10 12:18:03,347 - utils.alert_system - INFO - Alert cleared
2026-04-10 12:18:03,401 - utils.alert_system - INFO - Alert cleared
2026-04-10 12:18:03,484 - utils.alert_system - INFO - Alert cleared
2026-04-10 12:18:03,551 - utils.alert_system - INFO - Alert cleared
2026-04-10 12:18:03,633 - utils.alert_system - INFO - Alert cleared
2026-04-10 12:18:03,719 - utils.alert_system - INFO - Alert cleared
2026-04-10 12:18:03,810 - utils.alert_system - INFO - Alert cleared
2026-04-10 12:18:03,891 - utils.alert_system - INFO - Alert cleared
2026-04-10 12:18:03,966 - utils.alert_system - INFO - Alert cleared
2026-04-10 12:18:04,028 - utils.alert_system - INFO - Alert cleared
2026-04-10 12:18:04,097 - utils.alert_system - INFO - Alert cleared
2026-04-10 12:18:04,178 - utils.alert_system - INFO - Alert cleared
2026-04-10 12:18:04,267 - utils.alert_system - INFO - Alert cleared
2026-04-10 12:18:04,357 - utils.alert_system - INFO - Alert cleared
2026-04-10 12:18:04,457 - utils.alert_system - INFO - Alert cleared
2026-04-10 12:18:04,548 - utils.alert_system - INFO - Alert cleared
2026-04-10 12:18:04,629 - utils.alert_system - INFO - Alert cleared
2026-04-10 12:18:04,699 - utils.alert_system - INFO - Alert cleared
2026-04-10 12:18:04,784 - utils.alert_system - INFO - Alert cleared
2026-04-10 12:18:04,848 - utils.alert_system - INFO - Alert cleared
2026-04-10 12:18:04,918 - utils.alert_system - INFO - Alert cleared
2026-04-10 12:18:04,997 - utils.alert_system - INFO - Alert cleared
2026-04-10 12:18:05,067 - utils.alert_system - INFO - Alert cleared
2026-04-10 12:18:05,128 - utils.alert_system - INFO - Alert cleared
2026-04-10 12:18:05,228 - utils.alert_system - INFO - Alert cleared
2026-04-10 12:18:05,319 - utils.alert_system - INFO - Alert cleared
2026-04-10 12:18:05,411 - utils.alert_system - INFO - Alert cleared
2026-04-10 12:18:05,497 - utils.alert_system - INFO - Alert cleared
2026-04-10 12:18:05,578 - utils.alert_system - INFO - Alert cleared
2026-04-10 12:18:05,678 - utils.alert_system - INFO - Alert cleared
2026-04-10 12:18:05,750 - utils.alert_system - INFO - Alert cleared
2026-04-10 12:18:05,834 - utils.alert_system - INFO - Alert cleared
2026-04-10 12:18:05,898 - utils.alert_system - INFO - Alert cleared
2026-04-10 12:18:05,966 - utils.alert_system - INFO - Alert cleared
2026-04-10 12:18:06,047 - utils.alert_system - INFO - Alert cleared
2026-04-10 12:18:06,117 - utils.alert_system - INFO - Alert cleared
2026-04-10 12:18:06,199 - utils.alert_system - INFO - Alert cleared
2026-04-10 12:18:06,303 - utils.alert_system - INFO - Alert cleared
2026-04-10 12:18:06,378 - utils.alert_system - INFO - Alert cleared
2026-04-10 12:18:06,478 - utils.alert_system - INFO - Alert cleared
2026-04-10 12:18:06,531 - utils.alert_system - INFO - Alert cleared
2026-04-10 12:18:06,597 - utils.alert_system - INFO - Alert cleared
2026-04-10 12:18:06,666 - utils.alert_system - INFO - Alert cleared
2026-04-10 12:18:06,749 - utils.alert_system - INFO - Alert cleared
2026-04-10 12:18:06,820 - utils.alert_system - INFO - Alert cleared
2026-04-10 12:18:06,878 - utils.alert_system - INFO - Alert cleared
2026-04-10 12:18:06,972 - utils.alert_system - INFO - Alert cleared
2026-04-10 12:18:07,033 - utils.alert_system - INFO - Alert cleared
2026-04-10 12:18:07,137 - utils.alert_system - INFO - Alert cleared
2026-04-10 12:18:07,198 - utils.alert_system - INFO - Alert cleared
2026-04-10 12:18:07,278 - utils.alert_system - INFO - Alert cleared
2026-04-10 12:18:07,385 - utils.alert_system - INFO - Alert cleared
2026-04-10 12:18:07,450 - utils.alert_system - INFO - Alert cleared
2026-04-10 12:18:07,531 - utils.alert_system - INFO - Alert cleared
2026-04-10 12:18:07,597 - utils.alert_system - INFO - Alert cleared
2026-04-10 12:18:07,687 - utils.alert_system - INFO - Alert cleared
2026-04-10 12:18:07,759 - utils.alert_system - INFO - Alert cleared
2026-04-10 12:18:07,848 - utils.alert_system - INFO - Alert cleared
2026-04-10 12:18:07,930 - utils.alert_system - INFO - Alert cleared
2026-04-10 12:18:07,982 - utils.alert_system - INFO - Alert cleared
2026-04-10 12:18:08,047 - utils.alert_system - INFO - Alert cleared
2026-04-10 12:18:08,126 - utils.alert_system - INFO - Alert cleared
2026-04-10 12:18:08,216 - utils.alert_system - INFO - Alert cleared
2026-04-10 12:18:08,330 - utils.alert_system - INFO - Alert cleared
2026-04-10 12:18:08,406 - utils.alert_system - INFO - Alert cleared
2026-04-10 12:18:08,497 - utils.alert_system - INFO - Alert cleared
2026-04-10 12:18:08,584 - utils.alert_system - INFO - Alert cleared
2026-04-10 12:18:08,647 - utils.alert_system - INFO - Alert cleared
2026-04-10 12:18:08,728 - utils.alert_system - INFO - Alert cleared
2026-04-10 12:18:08,799 - utils.alert_system - INFO - Alert cleared
2026-04-10 12:18:08,866 - utils.alert_system - INFO - Alert cleared
2026-04-10 12:18:08,964 - utils.alert_system - INFO - Alert cleared
2026-04-10 12:18:09,041 - utils.alert_system - INFO - Alert cleared
2026-04-10 12:18:09,098 - utils.alert_system - INFO - Alert cleared
2026-04-10 12:18:09,213 - utils.alert_system - INFO - Alert cleared
2026-04-10 12:18:09,278 - utils.alert_system - INFO - Alert cleared
2026-04-10 12:18:09,348 - utils.alert_system - INFO - Alert cleared
2026-04-10 12:18:09,432 - utils.alert_system - INFO - Alert cleared
2026-04-10 12:18:09,526 - utils.alert_system - INFO - Alert cleared
2026-04-10 12:18:09,603 - utils.alert_system - INFO - Alert cleared
2026-04-10 12:18:09,689 - utils.alert_system - INFO - Alert cleared
2026-04-10 12:18:09,778 - utils.alert_system - INFO - Alert cleared
2026-04-10 12:18:09,852 - utils.alert_system - INFO - Alert cleared
2026-04-10 12:18:09,966 - utils.alert_system - INFO - Alert cleared
2026-04-10 12:18:10,039 - utils.alert_system - INFO - Alert cleared
2026-04-10 12:18:10,147 - utils.alert_system - INFO - Alert cleared
2026-04-10 12:18:10,216 - utils.alert_system - INFO - Alert cleared
2026-04-10 12:18:10,283 - utils.alert_system - INFO - Alert cleared
2026-04-10 12:18:10,347 - utils.alert_system - INFO - Alert cleared
2026-04-10 12:18:10,416 - utils.alert_system - INFO - Alert cleared
2026-04-10 12:18:10,483 - utils.alert_system - INFO - Alert cleared
2026-04-10 12:18:10,566 - utils.alert_system - INFO - Alert cleared
2026-04-10 12:18:10,647 - utils.alert_system - INFO - Alert cleared
2026-04-10 12:18:10,754 - utils.alert_system - INFO - Alert cleared
2026-04-10 12:18:10,847 - utils.alert_system - INFO - Alert cleared
2026-04-10 12:18:10,916 - utils.alert_system - INFO - Alert cleared
2026-04-10 12:18:10,997 - utils.alert_system - INFO - Alert cleared
2026-04-10 12:18:11,066 - utils.alert_system - INFO - Alert cleared
2026-04-10 12:18:11,166 - utils.alert_system - INFO - Alert cleared
2026-04-10 12:18:11,280 - utils.alert_system - INFO - Alert cleared
2026-04-10 12:18:11,369 - utils.alert_system - INFO - Alert cleared
2026-04-10 12:18:11,448 - utils.alert_system - INFO - Alert cleared
2026-04-10 12:18:11,522 - utils.alert_system - INFO - Alert cleared
2026-04-10 12:18:11,597 - utils.alert_system - INFO - Alert cleared
2026-04-10 12:18:11,663 - utils.alert_system - INFO - Alert cleared
2026-04-10 12:18:11,729 - utils.alert_system - INFO - Alert cleared
2026-04-10 12:18:11,837 - utils.alert_system - INFO - Alert cleared
2026-04-10 12:18:11,919 - utils.alert_system - INFO - Alert cleared
2026-04-10 12:18:11,997 - utils.alert_system - INFO - Alert cleared
2026-04-10 12:18:12,078 - utils.alert_system - INFO - Alert cleared
2026-04-10 12:18:12,152 - utils.alert_system - INFO - Alert cleared
2026-04-10 12:18:12,223 - utils.alert_system - INFO - Alert cleared
2026-04-10 12:18:12,305 - utils.alert_system - INFO - Alert cleared
2026-04-10 12:18:12,366 - utils.alert_system - INFO - Alert cleared
2026-04-10 12:18:12,456 - utils.alert_system - INFO - Alert cleared
2026-04-10 12:18:12,538 - utils.alert_system - INFO - Alert cleared
2026-04-10 12:18:12,607 - utils.alert_system - INFO - Alert cleared
2026-04-10 12:18:12,677 - utils.alert_system - INFO - Alert cleared
2026-04-10 12:18:12,752 - utils.alert_system - INFO - Alert cleared
2026-04-10 12:18:12,817 - utils.alert_system - INFO - Alert cleared
2026-04-10 12:18:12,889 - utils.alert_system - INFO - Alert cleared
2026-04-10 12:18:12,977 - utils.alert_system - INFO - Alert cleared
2026-04-10 12:18:13,071 - utils.alert_system - INFO - Alert cleared
2026-04-10 12:18:13,159 - utils.alert_system - INFO - Alert cleared
2026-04-10 12:18:13,239 - utils.alert_system - INFO - Alert cleared
2026-04-10 12:18:13,316 - utils.alert_system - INFO - Alert cleared
2026-04-10 12:18:13,378 - utils.alert_system - INFO - Alert cleared
2026-04-10 12:18:13,466 - utils.alert_system - INFO - Alert cleared
2026-04-10 12:18:13,548 - utils.alert_system - INFO - Alert cleared
2026-04-10 12:18:13,654 - utils.alert_system - INFO - Alert cleared
2026-04-10 12:18:13,748 - utils.alert_system - INFO - Alert cleared
2026-04-10 12:18:13,834 - utils.alert_system - INFO - Alert cleared
2026-04-10 12:18:13,904 - utils.alert_system - INFO - Alert cleared
2026-04-10 12:18:13,978 - utils.alert_system - INFO - Alert cleared
2026-04-10 12:18:14,056 - utils.alert_system - INFO - Alert cleared
2026-04-10 12:18:14,148 - utils.alert_system - INFO - Alert cleared
2026-04-10 12:18:14,227 - utils.alert_system - INFO - Alert cleared
2026-04-10 12:18:14,286 - utils.alert_system - INFO - Alert cleared
2026-04-10 12:18:14,355 - utils.alert_system - INFO - Alert cleared
2026-04-10 12:18:14,442 - utils.alert_system - INFO - Alert cleared
2026-04-10 12:18:14,522 - utils.alert_system - INFO - Alert cleared
2026-04-10 12:18:14,596 - utils.alert_system - INFO - Alert cleared
2026-04-10 12:18:14,660 - utils.alert_system - INFO - Alert cleared
2026-04-10 12:18:14,716 - utils.alert_system - INFO - Alert cleared
2026-04-10 12:18:14,781 - utils.alert_system - INFO - Alert cleared
2026-04-10 12:18:14,847 - utils.alert_system - INFO - Alert cleared
2026-04-10 12:18:14,937 - utils.alert_system - INFO - Alert cleared
2026-04-10 12:18:15,036 - utils.alert_system - INFO - Alert cleared
2026-04-10 12:18:15,114 - utils.alert_system - INFO - Alert cleared
2026-04-10 12:18:15,197 - utils.alert_system - INFO - Alert cleared
2026-04-10 12:18:15,278 - utils.alert_system - INFO - Alert cleared
2026-04-10 12:18:15,362 - utils.alert_system - INFO - Alert cleared
2026-04-10 12:18:15,447 - utils.alert_system - INFO - Alert cleared
2026-04-10 12:18:15,516 - utils.alert_system - INFO - Alert cleared
2026-04-10 12:18:15,598 - utils.alert_system - INFO - Alert cleared
2026-04-10 12:18:15,678 - utils.alert_system - INFO - Alert cleared
2026-04-10 12:18:15,751 - utils.alert_system - INFO - Alert cleared
2026-04-10 12:18:15,830 - utils.alert_system - INFO - Alert cleared
2026-04-10 12:18:15,905 - utils.alert_system - INFO - Alert cleared
2026-04-10 12:18:15,997 - utils.alert_system - INFO - Alert cleared
2026-04-10 12:18:16,048 - utils.alert_system - INFO - Alert cleared
2026-04-10 12:18:16,139 - utils.alert_system - INFO - Alert cleared
2026-04-10 12:18:16,230 - utils.alert_system - INFO - Alert cleared
2026-04-10 12:18:16,297 - utils.alert_system - INFO - Alert cleared
2026-04-10 12:18:16,366 - utils.alert_system - INFO - Alert cleared
2026-04-10 12:18:16,438 - utils.alert_system - INFO - Alert cleared
2026-04-10 12:18:16,517 - utils.alert_system - INFO - Alert cleared
2026-04-10 12:18:16,577 - utils.alert_system - INFO - Alert cleared
2026-04-10 12:18:16,647 - utils.alert_system - INFO - Alert cleared
2026-04-10 12:18:16,728 - utils.alert_system - INFO - Alert cleared
2026-04-10 12:18:16,780 - utils.alert_system - INFO - Alert cleared
2026-04-10 12:18:16,879 - utils.alert_system - INFO - Alert cleared
2026-04-10 12:18:16,969 - utils.alert_system - INFO - Alert cleared
2026-04-10 12:18:17,066 - utils.alert_system - INFO - Alert cleared
2026-04-10 12:18:17,147 - utils.alert_system - INFO - Alert cleared
2026-04-10 12:18:17,224 - utils.alert_system - INFO - Alert cleared
2026-04-10 12:18:17,279 - utils.alert_system - INFO - Alert cleared
2026-04-10 12:18:17,366 - utils.alert_system - INFO - Alert cleared
2026-04-10 12:18:17,421 - utils.alert_system - INFO - Alert cleared
2026-04-10 12:18:17,516 - utils.alert_system - INFO - Alert cleared
2026-04-10 12:18:17,586 - utils.alert_system - INFO - Alert cleared
2026-04-10 12:18:17,669 - utils.alert_system - INFO - Alert cleared
2026-04-10 12:18:17,732 - utils.alert_system - INFO - Alert cleared
2026-04-10 12:18:17,803 - utils.alert_system - INFO - Alert cleared
2026-04-10 12:18:17,878 - utils.alert_system - INFO - Alert cleared
2026-04-10 12:18:17,947 - utils.alert_system - INFO - Alert cleared
2026-04-10 12:18:18,020 - utils.alert_system - INFO - Alert cleared
2026-04-10 12:18:18,104 - utils.alert_system - INFO - Alert cleared
2026-04-10 12:18:18,210 - utils.alert_system - INFO - Alert cleared
2026-04-10 12:18:18,287 - utils.alert_system - INFO - Alert cleared
2026-04-10 12:18:18,378 - utils.alert_system - INFO - Alert cleared
2026-04-10 12:18:18,443 - utils.alert_system - INFO - Alert cleared
2026-04-10 12:18:18,528 - utils.alert_system - INFO - Alert cleared
2026-04-10 12:18:18,628 - utils.alert_system - INFO - Alert cleared
2026-04-10 12:18:18,730 - utils.alert_system - INFO - Alert cleared
2026-04-10 12:18:18,816 - utils.alert_system - INFO - Alert cleared
2026-04-10 12:18:18,899 - utils.alert_system - INFO - Alert cleared
2026-04-10 12:18:18,998 - utils.alert_system - INFO - Alert cleared
2026-04-10 12:18:19,080 - utils.alert_system - INFO - Alert cleared
2026-04-10 12:18:19,178 - utils.alert_system - INFO - Alert cleared
2026-04-10 12:18:19,242 - utils.alert_system - INFO - Alert cleared
2026-04-10 12:18:19,305 - utils.alert_system - INFO - Alert cleared
2026-04-10 12:18:19,378 - utils.alert_system - INFO - Alert cleared
2026-04-10 12:18:19,470 - utils.alert_system - INFO - Alert cleared
2026-04-10 12:18:19,536 - utils.alert_system - INFO - Alert cleared
2026-04-10 12:18:19,604 - utils.alert_system - INFO - Alert cleared
2026-04-10 12:18:19,669 - utils.alert_system - INFO - Alert cleared
2026-04-10 12:18:19,753 - utils.alert_system - INFO - Alert cleared
2026-04-10 12:18:19,829 - utils.alert_system - INFO - Alert cleared
2026-04-10 12:18:19,918 - utils.alert_system - INFO - Alert cleared
2026-04-10 12:18:19,978 - utils.alert_system - INFO - Alert cleared
2026-04-10 12:18:20,070 - utils.alert_system - INFO - Alert cleared
2026-04-10 12:18:20,147 - utils.alert_system - INFO - Alert cleared
2026-04-10 12:18:20,244 - utils.alert_system - INFO - Alert cleared
2026-04-10 12:18:20,298 - utils.alert_system - INFO - Alert cleared
2026-04-10 12:18:20,398 - utils.alert_system - INFO - Alert cleared
2026-04-10 12:18:20,484 - utils.alert_system - INFO - Alert cleared
2026-04-10 12:18:20,544 - utils.alert_system - INFO - Alert cleared
2026-04-10 12:18:20,602 - utils.alert_system - INFO - Alert cleared
2026-04-10 12:18:20,675 - utils.alert_system - INFO - Alert cleared
2026-04-10 12:18:20,775 - utils.alert_system - INFO - Alert cleared
2026-04-10 12:18:20,848 - utils.alert_system - INFO - Alert cleared
2026-04-10 12:18:20,945 - utils.alert_system - INFO - Alert cleared
2026-04-10 12:18:20,998 - utils.alert_system - INFO - Alert cleared
2026-04-10 12:18:21,066 - utils.alert_system - INFO - Alert cleared
2026-04-10 12:18:21,127 - utils.alert_system - INFO - Alert cleared
2026-04-10 12:18:21,202 - utils.alert_system - INFO - Alert cleared
2026-04-10 12:18:21,278 - utils.alert_system - INFO - Alert cleared
2026-04-10 12:18:21,366 - utils.alert_system - INFO - Alert cleared
2026-04-10 12:18:21,447 - utils.alert_system - INFO - Alert cleared
2026-04-10 12:18:21,528 - utils.alert_system - INFO - Alert cleared
2026-04-10 12:18:21,597 - utils.alert_system - INFO - Alert cleared
2026-04-10 12:18:21,677 - utils.alert_system - INFO - Alert cleared
2026-04-10 12:18:21,752 - utils.alert_system - INFO - Alert cleared
2026-04-10 12:18:21,816 - utils.alert_system - INFO - Alert cleared
2026-04-10 12:18:21,897 - utils.alert_system - INFO - Alert cleared
2026-04-10 12:18:21,972 - utils.alert_system - INFO - Alert cleared
2026-04-10 12:18:22,047 - utils.alert_system - INFO - Alert cleared
2026-04-10 12:18:22,102 - utils.alert_system - INFO - Alert cleared
2026-04-10 12:18:22,202 - utils.alert_system - INFO - Alert cleared
2026-04-10 12:18:22,299 - utils.alert_system - INFO - Alert cleared
2026-04-10 12:18:22,377 - utils.alert_system - INFO - Alert cleared
2026-04-10 12:18:22,447 - utils.alert_system - INFO - Alert cleared
2026-04-10 12:18:22,509 - utils.alert_system - INFO - Alert cleared
2026-04-10 12:18:22,597 - utils.alert_system - INFO - Alert cleared
2026-04-10 12:18:22,659 - utils.alert_system - INFO - Alert cleared
2026-04-10 12:18:22,746 - utils.alert_system - INFO - Alert cleared
2026-04-10 12:18:22,828 - utils.alert_system - INFO - Alert cleared
2026-04-10 12:18:22,901 - utils.alert_system - INFO - Alert cleared
2026-04-10 12:18:22,982 - utils.alert_system - INFO - Alert cleared
2026-04-10 12:18:23,076 - utils.alert_system - INFO - Alert cleared
2026-04-10 12:18:23,131 - utils.alert_system - INFO - Alert cleared
2026-04-10 12:18:23,201 - utils.alert_system - INFO - Alert cleared
2026-04-10 12:18:23,308 - utils.alert_system - INFO - Alert cleared
2026-04-10 12:18:23,388 - utils.alert_system - INFO - Alert cleared
2026-04-10 12:18:23,476 - utils.alert_system - INFO - Alert cleared
2026-04-10 12:18:23,548 - utils.alert_system - INFO - Alert cleared
2026-04-10 12:18:23,648 - utils.alert_system - INFO - Alert cleared
2026-04-10 12:18:23,741 - utils.alert_system - INFO - Alert cleared
2026-04-10 12:18:23,805 - utils.alert_system - INFO - Alert cleared
2026-04-10 12:18:23,878 - utils.alert_system - INFO - Alert cleared
2026-04-10 12:18:23,943 - utils.alert_system - INFO - Alert cleared
2026-04-10 12:18:24,017 - utils.alert_system - INFO - Alert cleared
2026-04-10 12:18:24,128 - utils.alert_system - INFO - Alert cleared
2026-04-10 12:18:24,210 - utils.alert_system - INFO - Alert cleared
2026-04-10 12:18:24,278 - utils.alert_system - INFO - Alert cleared
2026-04-10 12:18:24,367 - utils.alert_system - INFO - Alert cleared
2026-04-10 12:18:24,457 - utils.alert_system - INFO - Alert cleared
2026-04-10 12:18:24,547 - utils.alert_system - INFO - Alert cleared
2026-04-10 12:18:24,637 - utils.alert_system - INFO - Alert cleared
2026-04-10 12:18:24,698 - utils.alert_system - INFO - Alert cleared
2026-04-10 12:18:24,786 - utils.alert_system - INFO - Alert cleared
2026-04-10 12:18:24,867 - utils.alert_system - INFO - Alert cleared
2026-04-10 12:18:24,943 - utils.alert_system - INFO - Alert cleared
2026-04-10 12:18:25,028 - utils.alert_system - INFO - Alert cleared
2026-04-10 12:18:25,117 - utils.alert_system - INFO - Alert cleared
2026-04-10 12:18:25,217 - utils.alert_system - INFO - Alert cleared
2026-04-10 12:18:25,292 - utils.alert_system - INFO - Alert cleared
2026-04-10 12:18:25,366 - utils.alert_system - INFO - Alert cleared
2026-04-10 12:18:25,427 - utils.alert_system - INFO - Alert cleared
2026-04-10 12:18:25,497 - utils.alert_system - INFO - Alert cleared
2026-04-10 12:18:25,559 - utils.alert_system - INFO - Alert cleared
2026-04-10 12:18:25,627 - utils.alert_system - INFO - Alert cleared
2026-04-10 12:18:25,699 - utils.alert_system - INFO - Alert cleared
2026-04-10 12:18:25,791 - utils.alert_system - INFO - Alert cleared
2026-04-10 12:18:25,879 - utils.alert_system - INFO - Alert cleared
2026-04-10 12:18:25,952 - utils.alert_system - INFO - Alert cleared
2026-04-10 12:18:26,027 - utils.alert_system - INFO - Alert cleared
2026-04-10 12:18:26,095 - utils.alert_system - INFO - Alert cleared
2026-04-10 12:18:26,166 - utils.alert_system - INFO - Alert cleared
2026-04-10 12:18:26,254 - utils.alert_system - INFO - Alert cleared
2026-04-10 12:18:26,347 - utils.alert_system - INFO - Alert cleared
2026-04-10 12:18:26,433 - utils.alert_system - INFO - Alert cleared
2026-04-10 12:18:26,518 - utils.alert_system - INFO - Alert cleared
2026-04-10 12:18:26,597 - utils.alert_system - INFO - Alert cleared
2026-04-10 12:18:26,680 - utils.alert_system - INFO - Alert cleared
2026-04-10 12:18:26,753 - utils.alert_system - INFO - Alert cleared
2026-04-10 12:18:26,812 - utils.alert_system - INFO - Alert cleared
2026-04-10 12:18:26,883 - utils.alert_system - INFO - Alert cleared
2026-04-10 12:18:26,973 - utils.alert_system - INFO - Alert cleared
2026-04-10 12:18:27,029 - utils.alert_system - INFO - Alert cleared
2026-04-10 12:18:27,108 - utils.alert_system - INFO - Alert cleared
2026-04-10 12:18:27,197 - utils.alert_system - INFO - Alert cleared
2026-04-10 12:18:27,278 - utils.alert_system - INFO - Alert cleared
2026-04-10 12:18:27,393 - utils.alert_system - INFO - Alert cleared
2026-04-10 12:18:27,466 - utils.alert_system - INFO - Alert cleared
2026-04-10 12:18:27,528 - utils.alert_system - INFO - Alert cleared
2026-04-10 12:18:27,597 - utils.alert_system - INFO - Alert cleared
2026-04-10 12:18:27,691 - utils.alert_system - INFO - Alert cleared
2026-04-10 12:18:27,766 - utils.alert_system - INFO - Alert cleared
2026-04-10 12:18:27,854 - utils.alert_system - INFO - Alert cleared
2026-04-10 12:18:27,966 - utils.alert_system - INFO - Alert cleared
2026-04-10 12:18:28,066 - utils.alert_system - INFO - Alert cleared
2026-04-10 12:18:28,151 - utils.alert_system - INFO - Alert cleared
2026-04-10 12:18:28,225 - utils.alert_system - INFO - Alert cleared
2026-04-10 12:18:28,316 - utils.alert_system - INFO - Alert cleared
2026-04-10 12:18:28,383 - utils.alert_system - INFO - Alert cleared
2026-04-10 12:18:28,465 - utils.alert_system - INFO - Alert cleared
2026-04-10 12:18:28,554 - utils.alert_system - INFO - Alert cleared
2026-04-10 12:18:28,616 - utils.alert_system - INFO - Alert cleared
2026-04-10 12:18:28,701 - utils.alert_system - INFO - Alert cleared
2026-04-10 12:18:28,766 - utils.alert_system - INFO - Alert cleared
2026-04-10 12:18:28,854 - utils.alert_system - INFO - Alert cleared
2026-04-10 12:18:28,948 - utils.alert_system - INFO - Alert cleared
2026-04-10 12:18:29,017 - utils.alert_system - INFO - Alert cleared
2026-04-10 12:18:29,097 - utils.alert_system - INFO - Alert cleared
2026-04-10 12:18:29,180 - utils.alert_system - INFO - Alert cleared
2026-04-10 12:18:29,280 - utils.alert_system - INFO - Alert cleared
2026-04-10 12:18:29,375 - utils.alert_system - INFO - Alert cleared
2026-04-10 12:18:29,455 - utils.alert_system - INFO - Alert cleared
2026-04-10 12:18:29,528 - utils.alert_system - WARNING - Alert: WARNING | Distance: 16.2m | TTC: 1.9s
2026-04-10 12:18:30,046 - utils.alert_system - INFO - Alert cleared
2026-04-10 12:18:30,124 - utils.alert_system - INFO - Alert cleared
2026-04-10 12:18:30,347 - utils.alert_system - WARNING - Alert: DANGER | Distance: 14.9m | TTC: 1.8s
2026-04-10 12:18:30,408 - utils.alert_system - WARNING - Alert: DANGER | Distance: 14.6m | TTC: 1.8s
2026-04-10 12:18:30,560 - utils.alert_system - INFO - Alert cleared
2026-04-10 12:18:30,648 - utils.alert_system - WARNING - Alert: DANGER | Distance: 5.4m | TTC: 0.6s
2026-04-10 12:18:30,758 - utils.alert_system - INFO - Alert cleared
2026-04-10 12:18:30,845 - utils.alert_system - INFO - Alert cleared
2026-04-10 12:18:30,928 - utils.alert_system - INFO - Alert cleared
2026-04-10 12:18:30,998 - utils.alert_system - INFO - Alert cleared
2026-04-10 12:18:31,093 - utils.alert_system - INFO - Alert cleared
2026-04-10 12:18:31,166 - utils.alert_system - INFO - Alert cleared
2026-04-10 12:18:31,231 - utils.alert_system - INFO - Alert cleared
2026-04-10 12:18:31,328 - utils.alert_system - WARNING - Alert: DANGER | Distance: 13.3m | TTC: 1.6s
2026-04-10 12:18:31,402 - utils.alert_system - WARNING - Alert: DANGER | Distance: 12.2m | TTC: 1.5s
2026-04-10 12:18:31,498 - utils.alert_system - WARNING - Alert: DANGER | Distance: 10.9m | TTC: 1.3s
2026-04-10 12:18:31,567 - utils.alert_system - WARNING - Alert: DANGER | Distance: 9.8m | TTC: 1.2s
2026-04-10 12:18:31,672 - utils.alert_system - INFO - Alert cleared
2026-04-10 12:18:31,763 - utils.alert_system - WARNING - Alert: DANGER | Distance: 8.6m | TTC: 1.0s
2026-04-10 12:18:31,839 - utils.alert_system - WARNING - Alert: DANGER | Distance: 8.2m | TTC: 1.0s
2026-04-10 12:18:31,974 - utils.alert_system - INFO - Alert cleared
2026-04-10 12:18:32,047 - utils.alert_system - WARNING - Alert: DANGER | Distance: 7.8m | TTC: 0.9s
2026-04-10 12:18:32,161 - utils.alert_system - INFO - Alert cleared
2026-04-10 12:18:32,247 - utils.alert_system - WARNING - Alert: DANGER | Distance: 7.6m | TTC: 0.9s
2026-04-10 12:18:32,359 - utils.alert_system - INFO - Alert cleared
2026-04-10 12:18:32,459 - utils.alert_system - INFO - Alert cleared
2026-04-10 12:18:32,547 - utils.alert_system - INFO - Alert cleared
2026-04-10 12:18:32,628 - utils.alert_system - INFO - Alert cleared
2026-04-10 12:18:32,697 - utils.alert_system - INFO - Alert cleared
2026-04-10 12:18:32,786 - utils.alert_system - INFO - Alert cleared
2026-04-10 12:18:32,867 - utils.alert_system - INFO - Alert cleared
2026-04-10 12:18:32,953 - utils.alert_system - INFO - Alert cleared
2026-04-10 12:18:33,046 - utils.alert_system - INFO - Alert cleared
2026-04-10 12:18:33,129 - utils.alert_system - INFO - Alert cleared
2026-04-10 12:18:33,202 - utils.alert_system - INFO - Alert cleared
2026-04-10 12:18:33,288 - utils.alert_system - INFO - Alert cleared
2026-04-10 12:18:33,353 - utils.alert_system - INFO - Alert cleared
2026-04-10 12:18:33,417 - utils.alert_system - INFO - Alert cleared
2026-04-10 12:18:33,480 - utils.alert_system - INFO - Alert cleared
2026-04-10 12:18:33,561 - utils.alert_system - INFO - Alert cleared
2026-04-10 12:18:33,662 - utils.alert_system - INFO - Alert cleared
2026-04-10 12:18:33,731 - utils.alert_system - INFO - Alert cleared
2026-04-10 12:18:33,802 - utils.alert_system - INFO - Alert cleared
2026-04-10 12:18:33,882 - utils.alert_system - INFO - Alert cleared
2026-04-10 12:18:33,955 - utils.alert_system - INFO - Alert cleared
2026-04-10 12:18:34,048 - utils.alert_system - INFO - Alert cleared
2026-04-10 12:18:34,147 - utils.alert_system - INFO - Alert cleared
2026-04-10 12:18:34,248 - utils.alert_system - INFO - Alert cleared
2026-04-10 12:18:34,334 - utils.alert_system - INFO - Alert cleared
2026-04-10 12:18:34,397 - utils.alert_system - INFO - Alert cleared
2026-04-10 12:18:34,466 - utils.alert_system - INFO - Alert cleared
2026-04-10 12:18:34,537 - utils.alert_system - INFO - Alert cleared
2026-04-10 12:18:34,632 - utils.alert_system - INFO - Alert cleared
2026-04-10 12:18:34,713 - utils.alert_system - INFO - Alert cleared
2026-04-10 12:18:34,819 - utils.alert_system - INFO - Alert cleared
2026-04-10 12:18:34,896 - utils.alert_system - INFO - Alert cleared
2026-04-10 12:18:34,997 - utils.alert_system - INFO - Alert cleared
2026-04-10 12:18:35,071 - utils.alert_system - INFO - Alert cleared
2026-04-10 12:18:35,147 - utils.alert_system - INFO - Alert cleared
2026-04-10 12:18:35,228 - utils.alert_system - INFO - Alert cleared
2026-04-10 12:18:35,279 - utils.alert_system - INFO - Alert cleared
2026-04-10 12:18:35,354 - utils.alert_system - INFO - Alert cleared
2026-04-10 12:18:35,416 - utils.alert_system - INFO - Alert cleared
2026-04-10 12:18:35,479 - utils.alert_system - INFO - Alert cleared
2026-04-10 12:18:35,546 - utils.alert_system - INFO - Alert cleared
2026-04-10 12:18:35,636 - utils.alert_system - INFO - Alert cleared
2026-04-10 12:18:35,728 - utils.alert_system - INFO - Alert cleared
2026-04-10 12:18:35,816 - utils.alert_system - INFO - Alert cleared
2026-04-10 12:18:35,897 - utils.alert_system - INFO - Alert cleared
2026-04-10 12:18:35,980 - utils.alert_system - INFO - Alert cleared
2026-04-10 12:18:36,047 - utils.alert_system - INFO - Alert cleared
2026-04-10 12:18:36,116 - utils.alert_system - INFO - Alert cleared
2026-04-10 12:18:36,183 - utils.alert_system - INFO - Alert cleared
2026-04-10 12:18:36,270 - utils.alert_system - INFO - Alert cleared
2026-04-10 12:18:36,344 - utils.alert_system - INFO - Alert cleared
2026-04-10 12:18:36,432 - utils.alert_system - INFO - Alert cleared
2026-04-10 12:18:36,497 - utils.alert_system - INFO - Alert cleared
2026-04-10 12:18:36,579 - utils.alert_system - INFO - Alert cleared
2026-04-10 12:18:36,669 - utils.alert_system - INFO - Alert cleared
2026-04-10 12:18:36,752 - utils.alert_system - INFO - Alert cleared
2026-04-10 12:18:36,847 - utils.alert_system - INFO - Alert cleared
2026-04-10 12:18:36,919 - utils.alert_system - INFO - Alert cleared
2026-04-10 12:18:37,016 - utils.alert_system - INFO - Alert cleared
2026-04-10 12:18:37,119 - utils.alert_system - INFO - Alert cleared
2026-04-10 12:18:37,178 - utils.alert_system - INFO - Alert cleared
2026-04-10 12:18:37,247 - utils.alert_system - INFO - Alert cleared
2026-04-10 12:18:37,316 - utils.alert_system - INFO - Alert cleared
2026-04-10 12:18:37,397 - utils.alert_system - INFO - Alert cleared
2026-04-10 12:18:37,478 - utils.alert_system - INFO - Alert cleared
2026-04-10 12:18:37,549 - utils.alert_system - INFO - Alert cleared
2026-04-10 12:18:37,647 - utils.alert_system - INFO - Alert cleared
2026-04-10 12:18:37,735 - utils.alert_system - INFO - Alert cleared
2026-04-10 12:18:37,814 - utils.alert_system - INFO - Alert cleared
2026-04-10 12:18:37,898 - utils.alert_system - INFO - Alert cleared
2026-04-10 12:18:37,966 - utils.alert_system - INFO - Alert cleared
2026-04-10 12:18:38,054 - utils.alert_system - INFO - Alert cleared
2026-04-10 12:18:38,119 - utils.alert_system - INFO - Alert cleared
2026-04-10 12:18:38,178 - utils.alert_system - INFO - Alert cleared
2026-04-10 12:18:38,275 - utils.alert_system - INFO - Alert cleared
2026-04-10 12:18:38,349 - utils.alert_system - INFO - Alert cleared
2026-04-10 12:18:38,437 - utils.alert_system - INFO - Alert cleared
2026-04-10 12:18:38,519 - utils.alert_system - INFO - Alert cleared
2026-04-10 12:18:38,586 - utils.alert_system - INFO - Alert cleared
2026-04-10 12:18:38,666 - utils.alert_system - INFO - Alert cleared
2026-04-10 12:18:38,728 - utils.alert_system - INFO - Alert cleared
2026-04-10 12:18:38,816 - utils.alert_system - INFO - Alert cleared
2026-04-10 12:18:38,899 - utils.alert_system - INFO - Alert cleared
2026-04-10 12:18:38,966 - utils.alert_system - INFO - Alert cleared
2026-04-10 12:18:39,028 - utils.alert_system - INFO - Alert cleared
2026-04-10 12:18:39,097 - utils.alert_system - INFO - Alert cleared
2026-04-10 12:18:39,169 - utils.alert_system - INFO - Alert cleared
2026-04-10 12:18:39,233 - utils.alert_system - INFO - Alert cleared
2026-04-10 12:18:39,321 - utils.alert_system - INFO - Alert cleared
2026-04-10 12:18:39,401 - utils.alert_system - INFO - Alert cleared
2026-04-10 12:18:39,479 - utils.alert_system - INFO - Alert cleared
2026-04-10 12:18:39,553 - utils.alert_system - INFO - Alert cleared
2026-04-10 12:18:39,641 - utils.alert_system - INFO - Alert cleared
2026-04-10 12:18:39,717 - utils.alert_system - INFO - Alert cleared
2026-04-10 12:18:39,803 - utils.alert_system - INFO - Alert cleared
2026-04-10 12:18:39,900 - utils.alert_system - INFO - Alert cleared
2026-04-10 12:18:39,968 - utils.alert_system - INFO - Alert cleared
2026-04-10 12:18:40,047 - utils.alert_system - INFO - Alert cleared
2026-04-10 12:18:40,103 - utils.alert_system - INFO - Alert cleared
2026-04-10 12:18:40,178 - utils.alert_system - INFO - Alert cleared
2026-04-10 12:18:40,248 - utils.alert_system - INFO - Alert cleared
2026-04-10 12:18:40,319 - utils.alert_system - INFO - Alert cleared
2026-04-10 12:18:40,387 - utils.alert_system - INFO - Alert cleared
2026-04-10 12:18:40,466 - utils.alert_system - INFO - Alert cleared
2026-04-10 12:18:40,547 - utils.alert_system - INFO - Alert cleared
2026-04-10 12:18:40,642 - utils.alert_system - INFO - Alert cleared
2026-04-10 12:18:40,716 - utils.alert_system - INFO - Alert cleared
2026-04-10 12:18:40,785 - utils.alert_system - INFO - Alert cleared
2026-04-10 12:18:40,866 - utils.alert_system - INFO - Alert cleared
2026-04-10 12:18:40,960 - utils.alert_system - INFO - Alert cleared
2026-04-10 12:18:41,028 - utils.alert_system - INFO - Alert cleared
2026-04-10 12:18:41,110 - utils.alert_system - INFO - Alert cleared
2026-04-10 12:18:41,231 - utils.alert_system - INFO - Alert cleared
2026-04-10 12:18:41,316 - utils.alert_system - INFO - Alert cleared
2026-04-10 12:18:41,387 - utils.alert_system - INFO - Alert cleared
2026-04-10 12:18:41,478 - utils.alert_system - INFO - Alert cleared
2026-04-10 12:18:41,547 - utils.alert_system - INFO - Alert cleared
2026-04-10 12:18:41,631 - utils.alert_system - INFO - Alert cleared
2026-04-10 12:18:41,698 - utils.alert_system - INFO - Alert cleared
2026-04-10 12:18:41,778 - utils.alert_system - INFO - Alert cleared
2026-04-10 12:18:41,850 - utils.alert_system - INFO - Alert cleared
2026-04-10 12:18:41,919 - utils.alert_system - INFO - Alert cleared
2026-04-10 12:18:41,994 - utils.alert_system - INFO - Alert cleared
2026-04-10 12:18:42,078 - utils.alert_system - INFO - Alert cleared
2026-04-10 12:18:42,158 - utils.alert_system - INFO - Alert cleared
2026-04-10 12:18:42,240 - utils.alert_system - INFO - Alert cleared
2026-04-10 12:18:42,302 - utils.alert_system - INFO - Alert cleared
2026-04-10 12:18:42,402 - utils.alert_system - INFO - Alert cleared
2026-04-10 12:18:42,477 - utils.alert_system - INFO - Alert cleared
2026-04-10 12:18:42,551 - utils.alert_system - INFO - Alert cleared
2026-04-10 12:18:42,630 - utils.alert_system - INFO - Alert cleared
2026-04-10 12:18:42,701 - utils.alert_system - INFO - Alert cleared
2026-04-10 12:18:42,771 - utils.alert_system - INFO - Alert cleared
2026-04-10 12:18:42,828 - utils.alert_system - INFO - Alert cleared
2026-04-10 12:18:42,891 - utils.alert_system - INFO - Alert cleared
2026-04-10 12:18:42,966 - utils.alert_system - INFO - Alert cleared
2026-04-10 12:18:43,035 - utils.alert_system - INFO - Alert cleared
2026-04-10 12:18:43,116 - utils.alert_system - INFO - Alert cleared
2026-04-10 12:18:43,178 - utils.alert_system - INFO - Alert cleared
2026-04-10 12:18:43,266 - utils.alert_system - INFO - Alert cleared
2026-04-10 12:18:43,347 - utils.alert_system - INFO - Alert cleared
2026-04-10 12:18:43,458 - utils.alert_system - INFO - Alert cleared
2026-04-10 12:18:43,528 - utils.alert_system - INFO - Alert cleared
2026-04-10 12:18:43,600 - utils.alert_system - INFO - Alert cleared
2026-04-10 12:18:43,705 - utils.alert_system - INFO - Alert cleared
2026-04-10 12:18:43,778 - utils.alert_system - INFO - Alert cleared
2026-04-10 12:18:43,851 - utils.alert_system - INFO - Alert cleared
2026-04-10 12:18:43,927 - utils.alert_system - INFO - Alert cleared
2026-04-10 12:18:44,032 - utils.alert_system - INFO - Alert cleared
2026-04-10 12:18:44,105 - utils.alert_system - INFO - Alert cleared
2026-04-10 12:18:44,177 - utils.alert_system - INFO - Alert cleared
2026-04-10 12:18:44,273 - utils.alert_system - INFO - Alert cleared
2026-04-10 12:18:44,340 - utils.alert_system - INFO - Alert cleared
2026-04-10 12:18:44,428 - utils.alert_system - INFO - Alert cleared
2026-04-10 12:18:44,499 - utils.alert_system - INFO - Alert cleared
2026-04-10 12:18:44,590 - utils.alert_system - INFO - Alert cleared
2026-04-10 12:18:44,654 - utils.alert_system - INFO - Alert cleared
2026-04-10 12:18:44,728 - utils.alert_system - INFO - Alert cleared
2026-04-10 12:18:44,828 - utils.alert_system - INFO - Alert cleared
2026-04-10 12:18:44,956 - utils.alert_system - INFO - Alert cleared
2026-04-10 12:18:45,020 - utils.alert_system - INFO - Alert cleared
2026-04-10 12:18:45,095 - utils.alert_system - INFO - Alert cleared
2026-04-10 12:18:45,188 - utils.alert_system - INFO - Alert cleared
2026-04-10 12:18:45,266 - utils.alert_system - INFO - Alert cleared
2026-04-10 12:18:45,337 - utils.alert_system - INFO - Alert cleared
2026-04-10 12:18:45,406 - utils.alert_system - INFO - Alert cleared
2026-04-10 12:18:45,497 - utils.alert_system - INFO - Alert cleared
2026-04-10 12:18:45,578 - utils.alert_system - INFO - Alert cleared
2026-04-10 12:18:45,689 - utils.alert_system - INFO - Alert cleared
2026-04-10 12:18:45,778 - utils.alert_system - INFO - Alert cleared
2026-04-10 12:18:45,854 - utils.alert_system - INFO - Alert cleared
2026-04-10 12:18:45,916 - utils.alert_system - INFO - Alert cleared
2026-04-10 12:18:46,017 - utils.alert_system - INFO - Alert cleared
2026-04-10 12:18:46,092 - utils.alert_system - INFO - Alert cleared
2026-04-10 12:18:46,166 - utils.alert_system - INFO - Alert cleared
2026-04-10 12:18:46,249 - utils.alert_system - INFO - Alert cleared
2026-04-10 12:18:46,336 - utils.alert_system - INFO - Alert cleared
2026-04-10 12:18:46,416 - utils.alert_system - INFO - Alert cleared
2026-04-10 12:18:46,491 - utils.alert_system - INFO - Alert cleared
2026-04-10 12:18:46,575 - utils.alert_system - INFO - Alert cleared
2026-04-10 12:18:46,647 - utils.alert_system - INFO - Alert cleared
2026-04-10 12:18:46,716 - utils.alert_system - INFO - Alert cleared
2026-04-10 12:18:46,782 - utils.alert_system - INFO - Alert cleared
2026-04-10 12:18:46,878 - utils.alert_system - INFO - Alert cleared
2026-04-10 12:18:46,947 - utils.alert_system - INFO - Alert cleared
2026-04-10 12:18:47,016 - utils.alert_system - INFO - Alert cleared
2026-04-10 12:18:47,102 - utils.alert_system - INFO - Alert cleared
2026-04-10 12:18:47,166 - utils.alert_system - INFO - Alert cleared
2026-04-10 12:18:47,247 - utils.alert_system - INFO - Alert cleared
2026-04-10 12:18:47,308 - utils.alert_system - INFO - Alert cleared
2026-04-10 12:18:47,382 - utils.alert_system - INFO - Alert cleared
2026-04-10 12:18:47,449 - utils.alert_system - INFO - Alert cleared
2026-04-10 12:18:47,516 - utils.alert_system - INFO - Alert cleared
2026-04-10 12:18:47,584 - utils.alert_system - INFO - Alert cleared
2026-04-10 12:18:47,652 - utils.alert_system - INFO - Alert cleared
2026-04-10 12:18:47,729 - utils.alert_system - INFO - Alert cleared
2026-04-10 12:18:47,817 - utils.alert_system - INFO - Alert cleared
2026-04-10 12:18:47,898 - utils.alert_system - INFO - Alert cleared
2026-04-10 12:18:47,971 - utils.alert_system - INFO - Alert cleared
2026-04-10 12:18:48,049 - utils.alert_system - INFO - Alert cleared
2026-04-10 12:18:48,132 - utils.alert_system - INFO - Alert cleared
2026-04-10 12:18:48,198 - utils.alert_system - INFO - Alert cleared
2026-04-10 12:18:48,257 - utils.alert_system - INFO - Alert cleared
2026-04-10 12:18:48,372 - utils.alert_system - INFO - Alert cleared
2026-04-10 12:18:48,447 - utils.alert_system - INFO - Alert cleared
2026-04-10 12:18:48,504 - utils.alert_system - INFO - Alert cleared
2026-04-10 12:18:48,578 - utils.alert_system - INFO - Alert cleared
2026-04-10 12:18:48,648 - utils.alert_system - INFO - Alert cleared
2026-04-10 12:18:48,728 - utils.alert_system - INFO - Alert cleared
2026-04-10 12:18:48,808 - utils.alert_system - INFO - Alert cleared
2026-04-10 12:18:48,882 - utils.alert_system - INFO - Alert cleared
2026-04-10 12:18:48,949 - utils.alert_system - INFO - Alert cleared
2026-04-10 12:18:49,016 - utils.alert_system - INFO - Alert cleared
2026-04-10 12:18:49,079 - utils.alert_system - INFO - Alert cleared
2026-04-10 12:18:49,140 - utils.alert_system - INFO - Alert cleared
2026-04-10 12:18:49,222 - utils.alert_system - INFO - Alert cleared
2026-04-10 12:18:49,307 - utils.alert_system - INFO - Alert cleared
2026-04-10 12:18:49,383 - utils.alert_system - INFO - Alert cleared
2026-04-10 12:18:49,466 - utils.alert_system - INFO - Alert cleared
2026-04-10 12:18:49,558 - utils.alert_system - INFO - Alert cleared
2026-04-10 12:18:49,628 - utils.alert_system - INFO - Alert cleared
2026-04-10 12:18:49,716 - utils.alert_system - INFO - Alert cleared
2026-04-10 12:18:49,790 - utils.alert_system - INFO - Alert cleared
2026-04-10 12:18:49,866 - utils.alert_system - INFO - Alert cleared
2026-04-10 12:18:49,947 - utils.alert_system - INFO - Alert cleared
2026-04-10 12:18:49,997 - utils.alert_system - INFO - Alert cleared
2026-04-10 12:18:50,103 - utils.alert_system - INFO - Alert cleared
2026-04-10 12:18:50,173 - utils.alert_system - INFO - Alert cleared
2026-04-10 12:18:50,251 - utils.alert_system - INFO - Alert cleared
2026-04-10 12:18:50,347 - utils.alert_system - INFO - Alert cleared
2026-04-10 12:18:50,411 - utils.alert_system - INFO - Alert cleared
2026-04-10 12:18:50,466 - utils.alert_system - INFO - Alert cleared
2026-04-10 12:18:50,538 - utils.alert_system - INFO - Alert cleared
2026-04-10 12:18:50,597 - utils.alert_system - INFO - Alert cleared
2026-04-10 12:18:50,706 - utils.alert_system - INFO - Alert cleared
2026-04-10 12:18:50,777 - utils.alert_system - INFO - Alert cleared
2026-04-10 12:18:50,847 - utils.alert_system - INFO - Alert cleared
2026-04-10 12:18:50,903 - utils.alert_system - INFO - Alert cleared
2026-04-10 12:18:50,978 - utils.alert_system - INFO - Alert cleared
2026-04-10 12:18:51,049 - utils.alert_system - INFO - Alert cleared
2026-04-10 12:18:51,104 - utils.alert_system - INFO - Alert cleared
2026-04-10 12:18:51,185 - utils.alert_system - INFO - Alert cleared
2026-04-10 12:18:51,256 - utils.alert_system - INFO - Alert cleared
2026-04-10 12:18:51,338 - utils.alert_system - INFO - Alert cleared
2026-04-10 12:18:51,405 - utils.alert_system - INFO - Alert cleared
2026-04-10 12:18:51,472 - utils.alert_system - INFO - Alert cleared
2026-04-10 12:18:51,567 - utils.alert_system - INFO - Alert cleared
2026-04-10 12:18:51,654 - utils.alert_system - INFO - Alert cleared
2026-04-10 12:18:51,716 - utils.alert_system - INFO - Alert cleared
2026-04-10 12:18:51,812 - utils.alert_system - INFO - Alert cleared
2026-04-10 12:18:51,888 - utils.alert_system - INFO - Alert cleared
2026-04-10 12:18:51,986 - utils.alert_system - INFO - Alert cleared
2026-04-10 12:18:52,051 - utils.alert_system - INFO - Alert cleared
2026-04-10 12:18:52,127 - utils.alert_system - INFO - Alert cleared
2026-04-10 12:18:52,204 - utils.alert_system - INFO - Alert cleared
2026-04-10 12:18:52,282 - utils.alert_system - INFO - Alert cleared
2026-04-10 12:18:52,378 - utils.alert_system - INFO - Alert cleared
2026-04-10 12:18:52,447 - utils.alert_system - INFO - Alert cleared
2026-04-10 12:18:52,539 - utils.alert_system - INFO - Alert cleared
2026-04-10 12:18:52,629 - utils.alert_system - INFO - Alert cleared
2026-04-10 12:18:52,704 - utils.alert_system - INFO - Alert cleared
2026-04-10 12:18:52,812 - utils.alert_system - INFO - Alert cleared
2026-04-10 12:18:52,884 - utils.alert_system - INFO - Alert cleared
2026-04-10 12:18:52,956 - utils.alert_system - INFO - Alert cleared
2026-04-10 12:18:53,019 - utils.alert_system - INFO - Alert cleared
2026-04-10 12:18:53,097 - utils.alert_system - INFO - Alert cleared
2026-04-10 12:18:53,184 - utils.alert_system - INFO - Alert cleared
2026-04-10 12:18:53,281 - utils.alert_system - INFO - Alert cleared
2026-04-10 12:18:53,360 - utils.alert_system - INFO - Alert cleared
2026-04-10 12:18:53,477 - utils.alert_system - INFO - Alert cleared
2026-04-10 12:18:53,566 - utils.alert_system - INFO - Alert cleared
2026-04-10 12:18:53,649 - utils.alert_system - INFO - Alert cleared
2026-04-10 12:18:53,716 - utils.alert_system - INFO - Alert cleared
2026-04-10 12:18:53,801 - utils.alert_system - INFO - Alert cleared
2026-04-10 12:18:53,888 - utils.alert_system - INFO - Alert cleared
2026-04-10 12:18:53,978 - utils.alert_system - INFO - Alert cleared
2026-04-10 12:18:54,054 - utils.alert_system - INFO - Alert cleared
2026-04-10 12:18:54,137 - utils.alert_system - INFO - Alert cleared
2026-04-10 12:18:54,212 - utils.alert_system - INFO - Alert cleared
2026-04-10 12:18:54,292 - utils.alert_system - INFO - Alert cleared
2026-04-10 12:18:54,388 - utils.alert_system - INFO - Alert cleared
2026-04-10 12:18:54,466 - utils.alert_system - INFO - Alert cleared
2026-04-10 12:18:54,529 - utils.alert_system - INFO - Alert cleared
2026-04-10 12:18:54,601 - utils.alert_system - INFO - Alert cleared
2026-04-10 12:18:54,688 - utils.alert_system - INFO - Alert cleared
2026-04-10 12:18:54,759 - utils.alert_system - INFO - Alert cleared
2026-04-10 12:18:54,829 - utils.alert_system - INFO - Alert cleared
2026-04-10 12:18:54,916 - utils.alert_system - INFO - Alert cleared
2026-04-10 12:18:55,016 - utils.alert_system - INFO - Alert cleared
2026-04-10 12:18:55,095 - utils.alert_system - INFO - Alert cleared
2026-04-10 12:18:55,186 - utils.alert_system - INFO - Alert cleared
2026-04-10 12:18:55,250 - utils.alert_system - INFO - Alert cleared
2026-04-10 12:18:55,336 - utils.alert_system - INFO - Alert cleared
2026-04-10 12:18:55,416 - utils.alert_system - INFO - Alert cleared
2026-04-10 12:18:55,486 - utils.alert_system - INFO - Alert cleared
2026-04-10 12:18:55,586 - utils.alert_system - INFO - Alert cleared
2026-04-10 12:18:55,671 - utils.alert_system - INFO - Alert cleared
2026-04-10 12:18:55,747 - utils.alert_system - INFO - Alert cleared
2026-04-10 12:18:55,829 - utils.alert_system - INFO - Alert cleared
2026-04-10 12:18:55,917 - utils.alert_system - INFO - Alert cleared
2026-04-10 12:18:56,002 - utils.alert_system - INFO - Alert cleared
2026-04-10 12:18:56,114 - utils.alert_system - INFO - Alert cleared
2026-04-10 12:18:56,197 - utils.alert_system - INFO - Alert cleared
2026-04-10 12:18:56,266 - utils.alert_system - INFO - Alert cleared
2026-04-10 12:18:56,335 - utils.alert_system - INFO - Alert cleared
2026-04-10 12:18:56,419 - utils.alert_system - INFO - Alert cleared
2026-04-10 12:18:56,500 - utils.alert_system - INFO - Alert cleared
2026-04-10 12:18:56,588 - utils.alert_system - INFO - Alert cleared
2026-04-10 12:18:56,666 - utils.alert_system - INFO - Alert cleared
2026-04-10 12:18:56,747 - utils.alert_system - INFO - Alert cleared
2026-04-10 12:18:56,853 - utils.alert_system - INFO - Alert cleared
2026-04-10 12:18:56,936 - utils.alert_system - INFO - Alert cleared
2026-04-10 12:18:57,048 - utils.alert_system - INFO - Alert cleared
2026-04-10 12:18:57,147 - utils.alert_system - INFO - Alert cleared
2026-04-10 12:18:57,243 - utils.alert_system - INFO - Alert cleared
2026-04-10 12:18:57,529 - utils.alert_system - INFO - Alert cleared
2026-04-10 12:18:57,637 - utils.alert_system - INFO - Alert cleared
2026-04-10 12:18:57,728 - utils.alert_system - INFO - Alert cleared
2026-04-10 12:18:57,835 - utils.alert_system - INFO - Alert cleared
2026-04-10 12:18:57,912 - utils.alert_system - INFO - Alert cleared
2026-04-10 12:18:58,002 - utils.alert_system - INFO - Alert cleared
2026-04-10 12:18:58,090 - utils.alert_system - INFO - Alert cleared
2026-04-10 12:18:58,349 - utils.alert_system - INFO - Alert cleared
2026-04-10 12:18:58,479 - utils.alert_system - INFO - Alert cleared
2026-04-10 12:18:58,678 - utils.alert_system - INFO - Alert cleared
2026-04-10 12:18:58,837 - utils.alert_system - INFO - Alert cleared
2026-04-10 12:18:59,137 - utils.alert_system - INFO - Alert cleared
2026-04-10 12:18:59,297 - utils.alert_system - INFO - Alert cleared
2026-04-10 12:18:59,369 - utils.alert_system - INFO - Alert cleared
2026-04-10 12:18:59,453 - utils.alert_system - INFO - Alert cleared
2026-04-10 12:18:59,533 - utils.alert_system - INFO - Alert cleared
2026-04-10 12:18:59,630 - utils.alert_system - INFO - Alert cleared
2026-04-10 12:18:59,742 - utils.alert_system - INFO - Alert cleared
2026-04-10 12:18:59,853 - utils.alert_system - INFO - Alert cleared
2026-04-10 12:18:59,939 - utils.alert_system - INFO - Alert cleared
2026-04-10 12:19:00,046 - utils.alert_system - INFO - Alert cleared
2026-04-10 12:19:00,184 - utils.alert_system - INFO - Alert cleared
2026-04-10 12:19:00,308 - utils.alert_system - INFO - Alert cleared
2026-04-10 12:19:00,393 - utils.alert_system - INFO - Alert cleared
2026-04-10 12:19:00,456 - utils.alert_system - INFO - Alert cleared
2026-04-10 12:19:00,553 - utils.alert_system - INFO - Alert cleared
2026-04-10 12:19:00,630 - utils.alert_system - INFO - Alert cleared
2026-04-10 12:19:00,701 - utils.alert_system - INFO - Alert cleared
2026-04-10 12:19:00,778 - utils.alert_system - INFO - Alert cleared
2026-04-10 12:19:01,066 - utils.alert_system - INFO - Alert cleared
2026-04-10 12:19:01,178 - utils.alert_system - INFO - Alert cleared
2026-04-10 12:19:01,247 - utils.alert_system - INFO - Alert cleared
2026-04-10 12:19:01,318 - utils.alert_system - INFO - Alert cleared
2026-04-10 12:19:01,387 - utils.alert_system - INFO - Alert cleared
2026-04-10 12:19:01,478 - utils.alert_system - INFO - Alert cleared
2026-04-10 12:19:01,547 - utils.alert_system - INFO - Alert cleared
2026-04-10 12:19:01,627 - utils.alert_system - INFO - Alert cleared
2026-04-10 12:19:01,728 - utils.alert_system - INFO - Alert cleared
2026-04-10 12:19:01,948 - utils.alert_system - INFO - Alert cleared
2026-04-10 12:19:02,128 - utils.alert_system - INFO - Alert cleared
2026-04-10 12:19:02,352 - utils.alert_system - INFO - Alert cleared
2026-04-10 12:19:02,549 - utils.alert_system - INFO - Alert cleared
2026-04-10 12:19:02,784 - utils.alert_system - INFO - Alert cleared
2026-04-10 12:19:03,043 - utils.alert_system - INFO - Alert cleared
2026-04-10 12:19:03,303 - utils.alert_system - INFO - Alert cleared
2026-04-10 12:19:03,480 - utils.alert_system - INFO - Alert cleared
2026-04-10 12:19:03,722 - utils.alert_system - INFO - Alert cleared
2026-04-10 12:19:03,944 - utils.alert_system - INFO - Alert cleared
2026-04-10 12:19:04,178 - utils.alert_system - INFO - Alert cleared
2026-04-10 12:19:04,427 - utils.alert_system - INFO - Alert cleared
2026-04-10 12:19:04,607 - utils.alert_system - INFO - Alert cleared
2026-04-10 12:19:04,804 - utils.alert_system - INFO - Alert cleared
2026-04-10 12:19:04,998 - utils.alert_system - INFO - Alert cleared
2026-04-10 12:19:05,204 - utils.alert_system - INFO - Alert cleared
2026-04-10 12:19:05,378 - utils.alert_system - INFO - Alert cleared
2026-04-10 12:19:05,553 - utils.alert_system - INFO - Alert cleared
2026-04-10 12:19:05,767 - utils.alert_system - INFO - Alert cleared
2026-04-10 12:19:06,009 - utils.alert_system - INFO - Alert cleared
2026-04-10 12:19:06,229 - utils.alert_system - INFO - Alert cleared
2026-04-10 12:19:06,472 - utils.alert_system - INFO - Alert cleared
2026-04-10 12:19:06,718 - utils.alert_system - INFO - Alert cleared
2026-04-10 12:19:06,954 - utils.alert_system - INFO - Alert cleared
2026-04-10 12:19:07,197 - utils.alert_system - INFO - Alert cleared
2026-04-10 12:19:07,448 - utils.alert_system - INFO - Alert cleared
2026-04-10 12:19:10,959 - utils.alert_system - INFO - Alert cleared
2026-04-10 12:19:10,984 - __main__ - INFO - End of video stream
2026-04-10 12:19:10,993 - __main__ - INFO - Cleaning up...
2026-04-10 12:19:11,050 - utils.alert_system - INFO - Alert cleared
2026-04-10 12:19:11,054 - utils.alert_system - INFO - Alert system cleaned up
2026-04-10 12:19:11,059 - utils.speed_monitor - INFO - Stopped speed monitoring
2026-04-10 12:19:11,059 - __main__ - INFO - ==================================================
2026-04-10 12:19:11,059 - __main__ - INFO - Session Summary:
2026-04-10 12:19:11,059 - __main__ - INFO - ==================================================
2026-04-10 12:19:11,059 - __main__ - INFO -   session_id: 20260410_121746
2026-04-10 12:19:11,067 - __main__ - INFO -   duration: 84.64046239852905
2026-04-10 12:19:11,068 - __main__ - INFO -   total_frames: 930
2026-04-10 12:19:11,070 - __main__ - INFO -   total_detections: 14
2026-04-10 12:19:11,070 - __main__ - INFO -   alerts_triggered: 0
2026-04-10 12:19:11,070 - __main__ - INFO -   average_speed: 30.0
2026-04-10 12:19:11,070 - __main__ - INFO -   top_detected: [('cow', 13), ('dog', 1)]
2026-04-10 12:19:11,075 - utils.data_logger - INFO - Session saved: 20260410_121746
2026-04-10 12:19:11,075 - utils.data_logger - INFO -   Frames: 930
2026-04-10 12:19:11,075 - utils.data_logger - INFO -   Detections: 14
2026-04-10 12:19:11,079 - utils.data_logger - INFO -   Alerts: 0
2026-04-10 12:19:11,084 - __main__ - INFO - Cleanup complete
2026-04-10 12:51:24,071 - __main__ - INFO - ==================================================
2026-04-10 12:51:24,071 - __main__ - INFO - Animal Collision Avoidance System Initializing
2026-04-10 12:51:24,071 - __main__ - INFO - ==================================================
2026-04-10 12:51:24,071 - __main__ - INFO - Loading model: C:\Users\Ranjith S\Desktop\New folder\New folder\models\yolov8n.pt
2026-04-10 12:51:24,071 - models.detector - INFO - Using device: cpu
2026-04-10 12:51:24,099 - models.detector - INFO - Model loaded from C:\Users\Ranjith S\Desktop\New folder\New folder\models\yolov8n.pt
2026-04-10 12:51:24,099 - utils.speed_monitor - INFO - Speed monitor initialized: source=simulation, default=30.0 km/h
2026-04-10 12:51:24,099 - utils.data_logger - INFO - Data logger initialized: session=20260410_125124
2026-04-10 12:51:24,099 - __main__ - INFO - Video output: C:\Users\Ranjith S\Desktop\New folder\New folder\data\output_videos\output_20260410_125124.mp4
2026-04-10 12:51:24,099 - __main__ - INFO - System initialization complete
2026-04-10 12:51:24,114 - __main__ - INFO - System started with source: WhatsApp Video 2026-04-10 at 9.17.37 AM.mp4
2026-04-10 12:51:24,114 - __main__ - INFO - Resolution: 640x360
2026-04-10 12:51:24,114 - __main__ - INFO - Video FPS: 30.00
2026-04-10 12:51:24,114 - __main__ - INFO - Press 'q' to quit, 'p' to pause, '+/-' to adjust speed
2026-04-10 12:51:24,115 - __main__ - INFO - Press 's' to save screenshot, 'r' to reset stats
2026-04-10 12:51:25,816 - utils.alert_system - INFO - Alert cleared
2026-04-10 12:51:25,951 - utils.alert_system - INFO - Alert cleared
2026-04-10 12:51:26,053 - utils.alert_system - INFO - Alert cleared
2026-04-10 12:51:26,128 - utils.alert_system - INFO - Alert cleared
2026-04-10 12:51:26,187 - utils.alert_system - INFO - Alert cleared
2026-04-10 12:51:26,270 - utils.alert_system - INFO - Alert cleared
2026-04-10 12:51:26,358 - utils.alert_system - INFO - Alert cleared
2026-04-10 12:51:26,436 - utils.alert_system - INFO - Alert cleared
2026-04-10 12:51:26,517 - utils.alert_system - INFO - Alert cleared
2026-04-10 12:51:26,595 - utils.alert_system - INFO - Alert cleared
2026-04-10 12:51:26,687 - utils.alert_system - INFO - Alert cleared
2026-04-10 12:51:26,770 - utils.alert_system - INFO - Alert cleared
2026-04-10 12:51:26,861 - utils.alert_system - INFO - Alert cleared
2026-04-10 12:51:26,928 - utils.alert_system - INFO - Alert cleared
2026-04-10 12:51:27,013 - utils.alert_system - INFO - Alert cleared
2026-04-10 12:51:27,097 - utils.alert_system - INFO - Alert cleared
2026-04-10 12:51:27,178 - utils.alert_system - INFO - Alert cleared
2026-04-10 12:51:27,264 - utils.alert_system - INFO - Alert cleared
2026-04-10 12:51:27,330 - utils.alert_system - INFO - Alert cleared
2026-04-10 12:51:27,418 - utils.alert_system - INFO - Alert cleared
2026-04-10 12:51:27,480 - utils.alert_system - INFO - Alert cleared
2026-04-10 12:51:27,547 - utils.alert_system - INFO - Alert cleared
2026-04-10 12:51:27,621 - utils.alert_system - INFO - Alert cleared
2026-04-10 12:51:27,704 - utils.alert_system - INFO - Alert cleared
2026-04-10 12:51:27,772 - utils.alert_system - INFO - Alert cleared
2026-04-10 12:51:27,847 - utils.alert_system - INFO - Alert cleared
2026-04-10 12:51:27,916 - utils.alert_system - INFO - Alert cleared
2026-04-10 12:51:27,980 - utils.alert_system - INFO - Alert cleared
2026-04-10 12:51:28,038 - utils.alert_system - INFO - Alert cleared
2026-04-10 12:51:28,119 - utils.alert_system - INFO - Alert cleared
2026-04-10 12:51:28,177 - utils.alert_system - INFO - Alert cleared
2026-04-10 12:51:28,257 - utils.alert_system - INFO - Alert cleared
2026-04-10 12:51:28,330 - utils.alert_system - INFO - Alert cleared
2026-04-10 12:51:28,420 - utils.alert_system - INFO - Alert cleared
2026-04-10 12:51:28,487 - utils.alert_system - INFO - Alert cleared
2026-04-10 12:51:28,577 - utils.alert_system - INFO - Alert cleared
2026-04-10 12:51:28,654 - utils.alert_system - INFO - Alert cleared
2026-04-10 12:51:28,720 - utils.alert_system - INFO - Alert cleared
2026-04-10 12:51:28,786 - utils.alert_system - INFO - Alert cleared
2026-04-10 12:51:28,874 - utils.alert_system - INFO - Alert cleared
2026-04-10 12:51:28,993 - utils.alert_system - INFO - Alert cleared
2026-04-10 12:51:29,061 - utils.alert_system - INFO - Alert cleared
2026-04-10 12:51:29,128 - utils.alert_system - INFO - Alert cleared
2026-04-10 12:51:29,202 - utils.alert_system - INFO - Alert cleared
2026-04-10 12:51:29,266 - utils.alert_system - INFO - Alert cleared
2026-04-10 12:51:29,359 - utils.alert_system - INFO - Alert cleared
2026-04-10 12:51:29,444 - utils.alert_system - INFO - Alert cleared
2026-04-10 12:51:29,520 - utils.alert_system - INFO - Alert cleared
2026-04-10 12:51:29,597 - utils.alert_system - INFO - Alert cleared
2026-04-10 12:51:29,678 - utils.alert_system - INFO - Alert cleared
2026-04-10 12:51:29,747 - utils.alert_system - INFO - Alert cleared
2026-04-10 12:51:29,830 - utils.alert_system - INFO - Alert cleared
2026-04-10 12:51:29,897 - utils.alert_system - INFO - Alert cleared
2026-04-10 12:51:29,969 - utils.alert_system - INFO - Alert cleared
2026-04-10 12:51:30,047 - utils.alert_system - INFO - Alert cleared
2026-04-10 12:51:30,128 - utils.alert_system - INFO - Alert cleared
2026-04-10 12:51:30,187 - utils.alert_system - INFO - Alert cleared
2026-04-10 12:51:30,250 - utils.alert_system - INFO - Alert cleared
2026-04-10 12:51:30,316 - utils.alert_system - INFO - Alert cleared
2026-04-10 12:51:30,393 - utils.alert_system - INFO - Alert cleared
2026-04-10 12:51:30,478 - utils.alert_system - INFO - Alert cleared
2026-04-10 12:51:30,566 - utils.alert_system - INFO - Alert cleared
2026-04-10 12:51:30,629 - utils.alert_system - INFO - Alert cleared
2026-04-10 12:51:30,721 - utils.alert_system - INFO - Alert cleared
2026-04-10 12:51:30,770 - utils.alert_system - INFO - Alert cleared
2026-04-10 12:51:30,857 - utils.alert_system - INFO - Alert cleared
2026-04-10 12:51:30,928 - utils.alert_system - INFO - Alert cleared
2026-04-10 12:51:31,003 - utils.alert_system - INFO - Alert cleared
2026-04-10 12:51:31,096 - utils.alert_system - INFO - Alert cleared
2026-04-10 12:51:31,178 - utils.alert_system - INFO - Alert cleared
2026-04-10 12:51:31,261 - utils.alert_system - INFO - Alert cleared
2026-04-10 12:51:31,327 - utils.alert_system - INFO - Alert cleared
2026-04-10 12:51:31,403 - utils.alert_system - INFO - Alert cleared
2026-04-10 12:51:31,485 - utils.alert_system - INFO - Alert cleared
2026-04-10 12:51:31,553 - utils.alert_system - INFO - Alert cleared
2026-04-10 12:51:31,636 - utils.alert_system - INFO - Alert cleared
2026-04-10 12:51:31,703 - utils.alert_system - INFO - Alert cleared
2026-04-10 12:51:31,785 - utils.alert_system - INFO - Alert cleared
2026-04-10 12:51:31,869 - utils.alert_system - INFO - Alert cleared
2026-04-10 12:51:31,936 - utils.alert_system - INFO - Alert cleared
2026-04-10 12:51:32,002 - utils.alert_system - INFO - Alert cleared
2026-04-10 12:51:32,069 - utils.alert_system - INFO - Alert cleared
2026-04-10 12:51:32,135 - utils.alert_system - INFO - Alert cleared
2026-04-10 12:51:32,203 - utils.alert_system - INFO - Alert cleared
2026-04-10 12:51:32,278 - utils.alert_system - INFO - Alert cleared
2026-04-10 12:51:32,335 - utils.alert_system - INFO - Alert cleared
2026-04-10 12:51:32,418 - utils.alert_system - INFO - Alert cleared
2026-04-10 12:51:32,497 - utils.alert_system - INFO - Alert cleared
2026-04-10 12:51:32,597 - utils.alert_system - INFO - Alert cleared
2026-04-10 12:51:32,661 - utils.alert_system - INFO - Alert cleared
2026-04-10 12:51:32,728 - utils.alert_system - INFO - Alert cleared
2026-04-10 12:51:32,816 - utils.alert_system - INFO - Alert cleared
2026-04-10 12:51:32,886 - utils.alert_system - INFO - Alert cleared
2026-04-10 12:51:32,947 - utils.alert_system - INFO - Alert cleared
2026-04-10 12:51:33,042 - utils.alert_system - INFO - Alert cleared
2026-04-10 12:51:33,116 - utils.alert_system - INFO - Alert cleared
2026-04-10 12:51:33,178 - utils.alert_system - INFO - Alert cleared
2026-04-10 12:51:33,282 - utils.alert_system - INFO - Alert cleared
2026-04-10 12:51:33,347 - utils.alert_system - INFO - Alert cleared
2026-04-10 12:51:33,436 - utils.alert_system - INFO - Alert cleared
2026-04-10 12:51:33,503 - utils.alert_system - INFO - Alert cleared
2026-04-10 12:51:33,598 - utils.alert_system - INFO - Alert cleared
2026-04-10 12:51:33,678 - utils.alert_system - INFO - Alert cleared
2026-04-10 12:51:33,743 - utils.alert_system - INFO - Alert cleared
2026-04-10 12:51:33,816 - utils.alert_system - INFO - Alert cleared
2026-04-10 12:51:33,879 - utils.alert_system - INFO - Alert cleared
2026-04-10 12:51:33,953 - utils.alert_system - INFO - Alert cleared
2026-04-10 12:51:34,051 - utils.alert_system - INFO - Alert cleared
2026-04-10 12:51:34,118 - utils.alert_system - INFO - Alert cleared
2026-04-10 12:51:34,208 - utils.alert_system - INFO - Alert cleared
2026-04-10 12:51:34,279 - utils.alert_system - INFO - Alert cleared
2026-04-10 12:51:34,366 - utils.alert_system - INFO - Alert cleared
2026-04-10 12:51:34,448 - utils.alert_system - INFO - Alert cleared
2026-04-10 12:51:34,535 - utils.alert_system - INFO - Alert cleared
2026-04-10 12:51:34,629 - utils.alert_system - INFO - Alert cleared
2026-04-10 12:51:34,719 - utils.alert_system - INFO - Alert cleared
2026-04-10 12:51:34,807 - utils.alert_system - INFO - Alert cleared
2026-04-10 12:51:34,919 - utils.alert_system - INFO - Alert cleared
2026-04-10 12:51:34,997 - utils.alert_system - INFO - Alert cleared
2026-04-10 12:51:35,098 - utils.alert_system - INFO - Alert cleared
2026-04-10 12:51:35,167 - utils.alert_system - INFO - Alert cleared
2026-04-10 12:51:35,250 - utils.alert_system - INFO - Alert cleared
2026-04-10 12:51:35,333 - utils.alert_system - INFO - Alert cleared
2026-04-10 12:51:35,397 - utils.alert_system - INFO - Alert cleared
2026-04-10 12:51:35,471 - utils.alert_system - INFO - Alert cleared
2026-04-10 12:51:35,529 - utils.alert_system - INFO - Alert cleared
2026-04-10 12:51:35,620 - utils.alert_system - INFO - Alert cleared
2026-04-10 12:51:35,699 - utils.alert_system - INFO - Alert cleared
2026-04-10 12:51:35,782 - utils.alert_system - INFO - Alert cleared
2026-04-10 12:51:35,866 - utils.alert_system - INFO - Alert cleared
2026-04-10 12:51:35,983 - utils.alert_system - INFO - Alert cleared
2026-04-10 12:51:36,148 - utils.alert_system - INFO - Alert cleared
2026-04-10 12:51:36,300 - utils.alert_system - INFO - Alert cleared
2026-04-10 12:51:36,494 - utils.alert_system - INFO - Alert cleared
2026-04-10 12:51:36,737 - utils.alert_system - INFO - Alert cleared
2026-04-10 12:51:36,936 - utils.alert_system - INFO - Alert cleared
2026-04-10 12:51:37,104 - utils.alert_system - INFO - Alert cleared
2026-04-10 12:51:37,320 - utils.alert_system - INFO - Alert cleared
2026-04-10 12:51:37,487 - utils.alert_system - INFO - Alert cleared
2026-04-10 12:51:37,616 - utils.alert_system - INFO - Alert cleared
2026-04-10 12:51:37,809 - utils.alert_system - INFO - Alert cleared
2026-04-10 12:51:37,998 - utils.alert_system - INFO - Alert cleared
2026-04-10 12:51:38,203 - utils.alert_system - INFO - Alert cleared
2026-04-10 12:51:38,419 - utils.alert_system - INFO - Alert cleared
2026-04-10 12:51:38,604 - utils.alert_system - INFO - Alert cleared
2026-04-10 12:51:38,780 - utils.alert_system - INFO - Alert cleared
2026-04-10 12:51:38,942 - utils.alert_system - INFO - Alert cleared
2026-04-10 12:51:39,152 - utils.alert_system - INFO - Alert cleared
2026-04-10 12:51:39,402 - utils.alert_system - INFO - Alert cleared
2026-04-10 12:51:39,668 - utils.alert_system - INFO - Alert cleared
2026-04-10 12:51:39,818 - utils.alert_system - INFO - Alert cleared
2026-04-10 12:51:40,096 - utils.alert_system - INFO - Alert cleared
2026-04-10 12:51:40,286 - utils.alert_system - INFO - Alert cleared
2026-04-10 12:51:40,399 - utils.alert_system - INFO - Alert cleared
2026-04-10 12:51:40,517 - utils.alert_system - INFO - Alert cleared
2026-04-10 12:51:40,649 - utils.alert_system - INFO - Alert cleared
2026-04-10 12:51:40,788 - utils.alert_system - INFO - Alert cleared
2026-04-10 12:51:40,917 - utils.alert_system - INFO - Alert cleared
2026-04-10 12:51:41,149 - utils.alert_system - INFO - Alert cleared
2026-04-10 12:51:41,422 - utils.alert_system - INFO - Alert cleared
2026-04-10 12:51:41,650 - utils.alert_system - INFO - Alert cleared
2026-04-10 12:51:41,847 - utils.alert_system - INFO - Alert cleared
2026-04-10 12:51:42,121 - utils.alert_system - INFO - Alert cleared
2026-04-10 12:51:42,349 - utils.alert_system - INFO - Alert cleared
2026-04-10 12:51:42,620 - utils.alert_system - INFO - Alert cleared
2026-04-10 12:51:42,849 - utils.alert_system - INFO - Alert cleared
2026-04-10 12:51:42,990 - utils.alert_system - INFO - Alert cleared
2026-04-10 12:51:43,066 - utils.alert_system - INFO - Alert cleared
2026-04-10 12:51:43,148 - utils.alert_system - INFO - Alert cleared
2026-04-10 12:51:43,216 - utils.alert_system - INFO - Alert cleared
2026-04-10 12:51:43,299 - utils.alert_system - INFO - Alert cleared
2026-04-10 12:51:43,366 - utils.alert_system - INFO - Alert cleared
2026-04-10 12:51:43,471 - utils.alert_system - INFO - Alert cleared
2026-04-10 12:51:43,554 - utils.alert_system - INFO - Alert cleared
2026-04-10 12:51:43,623 - utils.alert_system - INFO - Alert cleared
2026-04-10 12:51:43,706 - utils.alert_system - INFO - Alert cleared
2026-04-10 12:51:43,772 - utils.alert_system - INFO - Alert cleared
2026-04-10 12:51:43,854 - utils.alert_system - INFO - Alert cleared
2026-04-10 12:51:43,938 - utils.alert_system - INFO - Alert cleared
2026-04-10 12:51:44,006 - utils.alert_system - INFO - Alert cleared
2026-04-10 12:51:44,088 - utils.alert_system - INFO - Alert cleared
2026-04-10 12:51:44,155 - utils.alert_system - INFO - Alert cleared
2026-04-10 12:51:44,228 - utils.alert_system - INFO - Alert cleared
2026-04-10 12:51:44,298 - utils.alert_system - INFO - Alert cleared
2026-04-10 12:51:44,363 - utils.alert_system - INFO - Alert cleared
2026-04-10 12:51:44,428 - utils.alert_system - INFO - Alert cleared
2026-04-10 12:51:44,489 - utils.alert_system - INFO - Alert cleared
2026-04-10 12:51:44,555 - utils.alert_system - INFO - Alert cleared
2026-04-10 12:51:44,642 - utils.alert_system - INFO - Alert cleared
2026-04-10 12:51:44,700 - utils.alert_system - INFO - Alert cleared
2026-04-10 12:51:44,778 - utils.alert_system - INFO - Alert cleared
2026-04-10 12:51:44,849 - utils.alert_system - INFO - Alert cleared
2026-04-10 12:51:44,929 - utils.alert_system - INFO - Alert cleared
2026-04-10 12:51:44,997 - utils.alert_system - INFO - Alert cleared
2026-04-10 12:51:45,063 - utils.alert_system - INFO - Alert cleared
2026-04-10 12:51:45,129 - utils.alert_system - INFO - Alert cleared
2026-04-10 12:51:45,199 - utils.alert_system - INFO - Alert cleared
2026-04-10 12:51:45,287 - utils.alert_system - INFO - Alert cleared
2026-04-10 12:51:45,367 - utils.alert_system - INFO - Alert cleared
2026-04-10 12:51:45,428 - utils.alert_system - INFO - Alert cleared
2026-04-10 12:51:45,517 - utils.alert_system - INFO - Alert cleared
2026-04-10 12:51:45,628 - utils.alert_system - INFO - Alert cleared
2026-04-10 12:51:45,705 - utils.alert_system - INFO - Alert cleared
2026-04-10 12:51:45,787 - utils.alert_system - INFO - Alert cleared
2026-04-10 12:51:45,855 - utils.alert_system - INFO - Alert cleared
2026-04-10 12:51:45,939 - utils.alert_system - INFO - Alert cleared
2026-04-10 12:51:46,007 - utils.alert_system - INFO - Alert cleared
2026-04-10 12:51:46,103 - utils.alert_system - INFO - Alert cleared
2026-04-10 12:51:46,198 - utils.alert_system - INFO - Alert cleared
2026-04-10 12:51:46,272 - utils.alert_system - INFO - Alert cleared
2026-04-10 12:51:46,348 - utils.alert_system - INFO - Alert cleared
2026-04-10 12:51:46,416 - utils.alert_system - INFO - Alert cleared
2026-04-10 12:51:46,478 - utils.alert_system - INFO - Alert cleared
2026-04-10 12:51:46,563 - utils.alert_system - INFO - Alert cleared
2026-04-10 12:51:46,630 - utils.alert_system - INFO - Alert cleared
2026-04-10 12:51:46,697 - utils.alert_system - INFO - Alert cleared
2026-04-10 12:51:46,766 - utils.alert_system - INFO - Alert cleared
2026-04-10 12:51:46,854 - utils.alert_system - INFO - Alert cleared
2026-04-10 12:51:46,922 - utils.alert_system - INFO - Alert cleared
2026-04-10 12:51:46,996 - utils.alert_system - INFO - Alert cleared
2026-04-10 12:51:47,054 - utils.alert_system - INFO - Alert cleared
2026-04-10 12:51:47,136 - utils.alert_system - INFO - Alert cleared
2026-04-10 12:51:47,224 - utils.alert_system - INFO - Alert cleared
2026-04-10 12:51:47,298 - utils.alert_system - INFO - Alert cleared
2026-04-10 12:51:47,361 - utils.alert_system - INFO - Alert cleared
2026-04-10 12:51:47,430 - utils.alert_system - INFO - Alert cleared
2026-04-10 12:51:47,498 - utils.alert_system - INFO - Alert cleared
2026-04-10 12:51:47,580 - utils.alert_system - INFO - Alert cleared
2026-04-10 12:51:47,648 - utils.alert_system - INFO - Alert cleared
2026-04-10 12:51:47,740 - utils.alert_system - INFO - Alert cleared
2026-04-10 12:51:47,828 - utils.alert_system - INFO - Alert cleared
2026-04-10 12:51:47,906 - utils.alert_system - INFO - Alert cleared
2026-04-10 12:51:47,970 - utils.alert_system - INFO - Alert cleared
2026-04-10 12:51:48,047 - utils.alert_system - INFO - Alert cleared
2026-04-10 12:51:48,116 - utils.alert_system - INFO - Alert cleared
2026-04-10 12:51:48,179 - utils.alert_system - INFO - Alert cleared
2026-04-10 12:51:48,268 - utils.alert_system - INFO - Alert cleared
2026-04-10 12:51:48,348 - utils.alert_system - INFO - Alert cleared
2026-04-10 12:51:48,411 - utils.alert_system - INFO - Alert cleared
2026-04-10 12:51:48,497 - utils.alert_system - INFO - Alert cleared
2026-04-10 12:51:48,566 - utils.alert_system - INFO - Alert cleared
2026-04-10 12:51:48,648 - utils.alert_system - INFO - Alert cleared
2026-04-10 12:51:48,725 - utils.alert_system - INFO - Alert cleared
2026-04-10 12:51:48,805 - utils.alert_system - INFO - Alert cleared
2026-04-10 12:51:48,877 - utils.alert_system - INFO - Alert cleared
2026-04-10 12:51:48,954 - utils.alert_system - INFO - Alert cleared
2026-04-10 12:51:49,036 - utils.alert_system - INFO - Alert cleared
2026-04-10 12:51:49,116 - utils.alert_system - INFO - Alert cleared
2026-04-10 12:51:49,204 - utils.alert_system - INFO - Alert cleared
2026-04-10 12:51:49,266 - utils.alert_system - INFO - Alert cleared
2026-04-10 12:51:49,347 - utils.alert_system - INFO - Alert cleared
2026-04-10 12:51:49,411 - utils.alert_system - INFO - Alert cleared
2026-04-10 12:51:49,486 - utils.alert_system - INFO - Alert cleared
2026-04-10 12:51:49,612 - utils.alert_system - INFO - Alert cleared
2026-04-10 12:51:49,688 - utils.alert_system - INFO - Alert cleared
2026-04-10 12:51:49,755 - utils.alert_system - INFO - Alert cleared
2026-04-10 12:51:49,820 - utils.alert_system - INFO - Alert cleared
2026-04-10 12:51:49,894 - utils.alert_system - INFO - Alert cleared
2026-04-10 12:51:49,954 - utils.alert_system - INFO - Alert cleared
2026-04-10 12:51:50,031 - utils.alert_system - INFO - Alert cleared
2026-04-10 12:51:50,087 - utils.alert_system - INFO - Alert cleared
2026-04-10 12:51:50,152 - utils.alert_system - INFO - Alert cleared
2026-04-10 12:51:50,228 - utils.alert_system - INFO - Alert cleared
2026-04-10 12:51:50,328 - utils.alert_system - INFO - Alert cleared
2026-04-10 12:51:50,393 - utils.alert_system - INFO - Alert cleared
2026-04-10 12:51:50,466 - utils.alert_system - INFO - Alert cleared
2026-04-10 12:51:50,535 - utils.alert_system - INFO - Alert cleared
2026-04-10 12:51:50,602 - utils.alert_system - INFO - Alert cleared
2026-04-10 12:51:50,666 - utils.alert_system - INFO - Alert cleared
2026-04-10 12:51:50,763 - utils.alert_system - INFO - Alert cleared
2026-04-10 12:51:50,852 - utils.alert_system - INFO - Alert cleared
2026-04-10 12:51:50,921 - utils.alert_system - INFO - Alert cleared
2026-04-10 12:51:50,995 - utils.alert_system - INFO - Alert cleared
2026-04-10 12:51:51,053 - utils.alert_system - INFO - Alert cleared
2026-04-10 12:51:51,152 - utils.alert_system - INFO - Alert cleared
2026-04-10 12:51:51,229 - utils.alert_system - INFO - Alert cleared
2026-04-10 12:51:51,312 - utils.alert_system - INFO - Alert cleared
2026-04-10 12:51:51,398 - utils.alert_system - INFO - Alert cleared
2026-04-10 12:51:51,452 - utils.alert_system - INFO - Alert cleared
2026-04-10 12:51:51,527 - utils.alert_system - INFO - Alert cleared
2026-04-10 12:51:51,616 - utils.alert_system - INFO - Alert cleared
2026-04-10 12:51:51,704 - utils.alert_system - INFO - Alert cleared
2026-04-10 12:51:51,768 - utils.alert_system - INFO - Alert cleared
2026-04-10 12:51:51,845 - utils.alert_system - INFO - Alert cleared
2026-04-10 12:51:51,916 - utils.alert_system - INFO - Alert cleared
2026-04-10 12:51:51,977 - utils.alert_system - INFO - Alert cleared
2026-04-10 12:51:52,078 - utils.alert_system - INFO - Alert cleared
2026-04-10 12:51:52,166 - utils.alert_system - INFO - Alert cleared
2026-04-10 12:51:52,228 - utils.alert_system - INFO - Alert cleared
2026-04-10 12:51:52,285 - utils.alert_system - INFO - Alert cleared
2026-04-10 12:51:52,353 - utils.alert_system - INFO - Alert cleared
2026-04-10 12:51:52,428 - utils.alert_system - INFO - Alert cleared
2026-04-10 12:51:52,485 - utils.alert_system - INFO - Alert cleared
2026-04-10 12:51:52,578 - utils.alert_system - INFO - Alert cleared
2026-04-10 12:51:52,627 - utils.alert_system - INFO - Alert cleared
2026-04-10 12:51:52,711 - utils.alert_system - INFO - Alert cleared
2026-04-10 12:51:52,778 - utils.alert_system - INFO - Alert cleared
2026-04-10 12:51:52,878 - utils.alert_system - INFO - Alert cleared
2026-04-10 12:51:52,978 - utils.alert_system - INFO - Alert cleared
2026-04-10 12:51:53,047 - utils.alert_system - INFO - Alert cleared
2026-04-10 12:51:53,116 - utils.alert_system - INFO - Alert cleared
2026-04-10 12:51:53,178 - utils.alert_system - INFO - Alert cleared
2026-04-10 12:51:53,243 - utils.alert_system - INFO - Alert cleared
2026-04-10 12:51:53,331 - utils.alert_system - INFO - Alert cleared
2026-04-10 12:51:53,412 - utils.alert_system - INFO - Alert cleared
2026-04-10 12:51:53,476 - utils.alert_system - INFO - Alert cleared
2026-04-10 12:51:53,547 - utils.alert_system - INFO - Alert cleared
2026-04-10 12:51:53,618 - utils.alert_system - INFO - Alert cleared
2026-04-10 12:51:53,701 - utils.alert_system - INFO - Alert cleared
2026-04-10 12:51:53,807 - utils.alert_system - INFO - Alert cleared
2026-04-10 12:51:53,878 - utils.alert_system - INFO - Alert cleared
2026-04-10 12:51:53,951 - utils.alert_system - INFO - Alert cleared
2026-04-10 12:51:54,016 - utils.alert_system - INFO - Alert cleared
2026-04-10 12:51:54,101 - utils.alert_system - INFO - Alert cleared
2026-04-10 12:51:54,184 - utils.alert_system - INFO - Alert cleared
2026-04-10 12:51:54,251 - utils.alert_system - INFO - Alert cleared
2026-04-10 12:51:54,317 - utils.alert_system - INFO - Alert cleared
2026-04-10 12:51:54,386 - utils.alert_system - INFO - Alert cleared
2026-04-10 12:51:54,450 - utils.alert_system - INFO - Alert cleared
2026-04-10 12:51:54,521 - utils.alert_system - INFO - Alert cleared
2026-04-10 12:51:54,583 - utils.alert_system - INFO - Alert cleared
2026-04-10 12:51:54,651 - utils.alert_system - INFO - Alert cleared
2026-04-10 12:51:54,732 - utils.alert_system - INFO - Alert cleared
2026-04-10 12:51:54,803 - utils.alert_system - INFO - Alert cleared
2026-04-10 12:51:54,868 - utils.alert_system - INFO - Alert cleared
2026-04-10 12:51:54,978 - utils.alert_system - INFO - Alert cleared
2026-04-10 12:51:55,097 - utils.alert_system - INFO - Alert cleared
2026-04-10 12:51:55,166 - utils.alert_system - INFO - Alert cleared
2026-04-10 12:51:55,226 - utils.alert_system - INFO - Alert cleared
2026-04-10 12:51:55,297 - utils.alert_system - INFO - Alert cleared
2026-04-10 12:51:55,378 - utils.alert_system - INFO - Alert cleared
2026-04-10 12:51:55,443 - utils.alert_system - INFO - Alert cleared
2026-04-10 12:51:55,516 - utils.alert_system - INFO - Alert cleared
2026-04-10 12:51:55,593 - utils.alert_system - INFO - Alert cleared
2026-04-10 12:51:55,680 - utils.alert_system - INFO - Alert cleared
2026-04-10 12:51:55,760 - utils.alert_system - INFO - Alert cleared
2026-04-10 12:51:55,867 - utils.alert_system - INFO - Alert cleared
2026-04-10 12:51:55,958 - utils.alert_system - INFO - Alert cleared
2026-04-10 12:51:56,047 - utils.alert_system - INFO - Alert cleared
2026-04-10 12:51:56,117 - utils.alert_system - INFO - Alert cleared
2026-04-10 12:51:56,201 - utils.alert_system - INFO - Alert cleared
2026-04-10 12:51:56,268 - utils.alert_system - INFO - Alert cleared
2026-04-10 12:51:56,336 - utils.alert_system - INFO - Alert cleared
2026-04-10 12:51:56,401 - utils.alert_system - INFO - Alert cleared
2026-04-10 12:51:56,468 - utils.alert_system - INFO - Alert cleared
2026-04-10 12:51:56,551 - utils.alert_system - INFO - Alert cleared
2026-04-10 12:51:56,635 - utils.alert_system - INFO - Alert cleared
2026-04-10 12:51:56,749 - utils.alert_system - INFO - Alert cleared
2026-04-10 12:51:56,859 - utils.alert_system - INFO - Alert cleared
2026-04-10 12:51:56,959 - utils.alert_system - INFO - Alert cleared
2026-04-10 12:51:57,066 - utils.alert_system - INFO - Alert cleared
2026-04-10 12:51:57,166 - utils.alert_system - INFO - Alert cleared
2026-04-10 12:51:57,289 - utils.alert_system - INFO - Alert cleared
2026-04-10 12:51:57,359 - utils.alert_system - INFO - Alert cleared
2026-04-10 12:51:57,442 - utils.alert_system - INFO - Alert cleared
2026-04-10 12:51:57,508 - utils.alert_system - INFO - Alert cleared
2026-04-10 12:51:57,592 - utils.alert_system - INFO - Alert cleared
2026-04-10 12:51:57,686 - utils.alert_system - INFO - Alert cleared
2026-04-10 12:51:57,748 - utils.alert_system - INFO - Alert cleared
2026-04-10 12:51:57,848 - utils.alert_system - INFO - Alert cleared
2026-04-10 12:51:57,933 - utils.alert_system - INFO - Alert cleared
2026-04-10 12:51:57,999 - utils.alert_system - INFO - Alert cleared
2026-04-10 12:51:58,075 - utils.alert_system - INFO - Alert cleared
2026-04-10 12:51:58,147 - utils.alert_system - INFO - Alert cleared
2026-04-10 12:51:58,208 - utils.alert_system - INFO - Alert cleared
2026-04-10 12:51:58,277 - utils.alert_system - INFO - Alert cleared
2026-04-10 12:51:58,358 - utils.alert_system - INFO - Alert cleared
2026-04-10 12:51:58,428 - utils.alert_system - INFO - Alert cleared
2026-04-10 12:51:58,500 - utils.alert_system - INFO - Alert cleared
2026-04-10 12:51:58,575 - utils.alert_system - INFO - Alert cleared
2026-04-10 12:51:58,678 - utils.alert_system - INFO - Alert cleared
2026-04-10 12:51:58,747 - utils.alert_system - INFO - Alert cleared
2026-04-10 12:51:58,828 - utils.alert_system - INFO - Alert cleared
2026-04-10 12:51:58,919 - utils.alert_system - INFO - Alert cleared
2026-04-10 12:51:58,994 - utils.alert_system - INFO - Alert cleared
2026-04-10 12:51:59,073 - utils.alert_system - INFO - Alert cleared
2026-04-10 12:51:59,141 - utils.alert_system - INFO - Alert cleared
2026-04-10 12:51:59,206 - utils.alert_system - INFO - Alert cleared
2026-04-10 12:51:59,297 - utils.alert_system - INFO - Alert cleared
2026-04-10 12:51:59,381 - utils.alert_system - INFO - Alert cleared
2026-04-10 12:51:59,466 - utils.alert_system - INFO - Alert cleared
2026-04-10 12:51:59,533 - utils.alert_system - INFO - Alert cleared
2026-04-10 12:51:59,615 - utils.alert_system - INFO - Alert cleared
2026-04-10 12:51:59,685 - utils.alert_system - INFO - Alert cleared
2026-04-10 12:51:59,766 - utils.alert_system - INFO - Alert cleared
2026-04-10 12:51:59,862 - utils.alert_system - INFO - Alert cleared
2026-04-10 12:51:59,928 - utils.alert_system - INFO - Alert cleared
2026-04-10 12:52:00,031 - utils.alert_system - INFO - Alert cleared
2026-04-10 12:52:00,122 - utils.alert_system - INFO - Alert cleared
2026-04-10 12:52:00,200 - utils.alert_system - INFO - Alert cleared
2026-04-10 12:52:00,273 - utils.alert_system - INFO - Alert cleared
2026-04-10 12:52:00,332 - utils.alert_system - INFO - Alert cleared
2026-04-10 12:52:00,423 - utils.alert_system - INFO - Alert cleared
2026-04-10 12:52:00,528 - utils.alert_system - INFO - Alert cleared
2026-04-10 12:52:00,622 - utils.alert_system - INFO - Alert cleared
2026-04-10 12:52:00,700 - utils.alert_system - INFO - Alert cleared
2026-04-10 12:52:00,778 - utils.alert_system - INFO - Alert cleared
2026-04-10 12:52:00,880 - utils.alert_system - INFO - Alert cleared
2026-04-10 12:52:00,950 - utils.alert_system - INFO - Alert cleared
2026-04-10 12:52:01,016 - utils.alert_system - INFO - Alert cleared
2026-04-10 12:52:01,091 - utils.alert_system - INFO - Alert cleared
2026-04-10 12:52:01,168 - utils.alert_system - INFO - Alert cleared
2026-04-10 12:52:01,228 - utils.alert_system - INFO - Alert cleared
2026-04-10 12:52:01,300 - utils.alert_system - INFO - Alert cleared
2026-04-10 12:52:01,398 - utils.alert_system - INFO - Alert cleared
2026-04-10 12:52:01,498 - utils.alert_system - INFO - Alert cleared
2026-04-10 12:52:01,580 - utils.alert_system - INFO - Alert cleared
2026-04-10 12:52:01,666 - utils.alert_system - INFO - Alert cleared
2026-04-10 12:52:01,748 - utils.alert_system - INFO - Alert cleared
2026-04-10 12:52:01,830 - utils.alert_system - INFO - Alert cleared
2026-04-10 12:52:01,899 - utils.alert_system - INFO - Alert cleared
2026-04-10 12:52:01,978 - utils.alert_system - INFO - Alert cleared
2026-04-10 12:52:02,049 - utils.alert_system - INFO - Alert cleared
2026-04-10 12:52:02,141 - utils.alert_system - INFO - Alert cleared
2026-04-10 12:52:02,223 - utils.alert_system - INFO - Alert cleared
2026-04-10 12:52:02,305 - utils.alert_system - INFO - Alert cleared
2026-04-10 12:52:02,372 - utils.alert_system - INFO - Alert cleared
2026-04-10 12:52:02,447 - utils.alert_system - INFO - Alert cleared
2026-04-10 12:52:02,548 - utils.alert_system - INFO - Alert cleared
2026-04-10 12:52:02,628 - utils.alert_system - INFO - Alert cleared
2026-04-10 12:52:02,705 - utils.alert_system - INFO - Alert cleared
2026-04-10 12:52:02,787 - utils.alert_system - INFO - Alert cleared
2026-04-10 12:52:02,872 - utils.alert_system - INFO - Alert cleared
2026-04-10 12:52:02,954 - utils.alert_system - INFO - Alert cleared
2026-04-10 12:52:03,037 - utils.alert_system - INFO - Alert cleared
2026-04-10 12:52:03,127 - utils.alert_system - INFO - Alert cleared
2026-04-10 12:52:03,197 - utils.alert_system - INFO - Alert cleared
2026-04-10 12:52:03,278 - utils.alert_system - INFO - Alert cleared
2026-04-10 12:52:03,356 - utils.alert_system - INFO - Alert cleared
2026-04-10 12:52:03,460 - utils.alert_system - INFO - Alert cleared
2026-04-10 12:52:03,528 - utils.alert_system - INFO - Alert cleared
2026-04-10 12:52:03,615 - utils.alert_system - INFO - Alert cleared
2026-04-10 12:52:03,679 - utils.alert_system - INFO - Alert cleared
2026-04-10 12:52:03,766 - utils.alert_system - INFO - Alert cleared
2026-04-10 12:52:03,830 - utils.alert_system - INFO - Alert cleared
2026-04-10 12:52:03,888 - utils.alert_system - INFO - Alert cleared
2026-04-10 12:52:03,947 - utils.alert_system - INFO - Alert cleared
2026-04-10 12:52:04,028 - utils.alert_system - INFO - Alert cleared
2026-04-10 12:52:04,106 - utils.alert_system - INFO - Alert cleared
2026-04-10 12:52:04,190 - utils.alert_system - INFO - Alert cleared
2026-04-10 12:52:04,271 - utils.alert_system - INFO - Alert cleared
2026-04-10 12:52:04,347 - utils.alert_system - INFO - Alert cleared
2026-04-10 12:52:04,428 - utils.alert_system - INFO - Alert cleared
2026-04-10 12:52:04,489 - utils.alert_system - INFO - Alert cleared
2026-04-10 12:52:04,565 - utils.alert_system - INFO - Alert cleared
2026-04-10 12:52:04,628 - utils.alert_system - INFO - Alert cleared
2026-04-10 12:52:04,697 - utils.alert_system - INFO - Alert cleared
2026-04-10 12:52:04,773 - utils.alert_system - INFO - Alert cleared
2026-04-10 12:52:04,856 - utils.alert_system - INFO - Alert cleared
2026-04-10 12:52:04,931 - utils.alert_system - INFO - Alert cleared
2026-04-10 12:52:04,980 - utils.alert_system - INFO - Alert cleared
2026-04-10 12:52:05,047 - utils.alert_system - INFO - Alert cleared
2026-04-10 12:52:05,122 - utils.alert_system - INFO - Alert cleared
2026-04-10 12:52:05,197 - utils.alert_system - INFO - Alert cleared
2026-04-10 12:52:05,270 - utils.alert_system - INFO - Alert cleared
2026-04-10 12:52:05,340 - utils.alert_system - INFO - Alert cleared
2026-04-10 12:52:05,397 - utils.alert_system - INFO - Alert cleared
2026-04-10 12:52:05,495 - utils.alert_system - INFO - Alert cleared
2026-04-10 12:52:05,580 - utils.alert_system - INFO - Alert cleared
2026-04-10 12:52:05,678 - utils.alert_system - INFO - Alert cleared
2026-04-10 12:52:05,766 - utils.alert_system - INFO - Alert cleared
2026-04-10 12:52:05,828 - utils.alert_system - INFO - Alert cleared
2026-04-10 12:52:05,920 - utils.alert_system - INFO - Alert cleared
2026-04-10 12:52:05,997 - utils.alert_system - INFO - Alert cleared
2026-04-10 12:52:06,097 - utils.alert_system - INFO - Alert cleared
2026-04-10 12:52:06,186 - utils.alert_system - INFO - Alert cleared
2026-04-10 12:52:06,270 - utils.alert_system - INFO - Alert cleared
2026-04-10 12:52:06,353 - utils.alert_system - INFO - Alert cleared
2026-04-10 12:52:06,421 - utils.alert_system - INFO - Alert cleared
2026-04-10 12:52:06,497 - utils.alert_system - INFO - Alert cleared
2026-04-10 12:52:06,554 - utils.alert_system - INFO - Alert cleared
2026-04-10 12:52:06,620 - utils.alert_system - INFO - Alert cleared
2026-04-10 12:52:06,689 - utils.alert_system - INFO - Alert cleared
2026-04-10 12:52:06,786 - utils.alert_system - INFO - Alert cleared
2026-04-10 12:52:06,854 - utils.alert_system - INFO - Alert cleared
2026-04-10 12:52:06,948 - utils.alert_system - INFO - Alert cleared
2026-04-10 12:52:07,044 - utils.alert_system - INFO - Alert cleared
2026-04-10 12:52:07,138 - utils.alert_system - INFO - Alert cleared
2026-04-10 12:52:07,203 - utils.alert_system - INFO - Alert cleared
2026-04-10 12:52:07,272 - utils.alert_system - INFO - Alert cleared
2026-04-10 12:52:07,378 - utils.alert_system - INFO - Alert cleared
2026-04-10 12:52:07,438 - utils.alert_system - INFO - Alert cleared
2026-04-10 12:52:07,505 - utils.alert_system - INFO - Alert cleared
2026-04-10 12:52:07,578 - utils.alert_system - INFO - Alert cleared
2026-04-10 12:52:07,655 - utils.alert_system - INFO - Alert cleared
2026-04-10 12:52:07,760 - utils.alert_system - INFO - Alert cleared
2026-04-10 12:52:07,843 - utils.alert_system - INFO - Alert cleared
2026-04-10 12:52:07,916 - utils.alert_system - INFO - Alert cleared
2026-04-10 12:52:07,986 - utils.alert_system - INFO - Alert cleared
2026-04-10 12:52:08,055 - utils.alert_system - INFO - Alert cleared
2026-04-10 12:52:08,128 - utils.alert_system - INFO - Alert cleared
2026-04-10 12:52:08,187 - utils.alert_system - INFO - Alert cleared
2026-04-10 12:52:08,270 - utils.alert_system - INFO - Alert cleared
2026-04-10 12:52:08,344 - utils.alert_system - INFO - Alert cleared
2026-04-10 12:52:08,432 - utils.alert_system - INFO - Alert cleared
2026-04-10 12:52:08,497 - utils.alert_system - INFO - Alert cleared
2026-04-10 12:52:08,586 - utils.alert_system - INFO - Alert cleared
2026-04-10 12:52:08,654 - utils.alert_system - INFO - Alert cleared
2026-04-10 12:52:08,728 - utils.alert_system - INFO - Alert cleared
2026-04-10 12:52:08,812 - utils.alert_system - INFO - Alert cleared
2026-04-10 12:52:08,898 - utils.alert_system - INFO - Alert cleared
2026-04-10 12:52:08,980 - utils.alert_system - INFO - Alert cleared
2026-04-10 12:52:09,047 - utils.alert_system - INFO - Alert cleared
2026-04-10 12:52:09,116 - utils.alert_system - INFO - Alert cleared
2026-04-10 12:52:09,178 - utils.alert_system - INFO - Alert cleared
2026-04-10 12:52:09,266 - utils.alert_system - INFO - Alert cleared
2026-04-10 12:52:09,338 - utils.alert_system - INFO - Alert cleared
2026-04-10 12:52:09,419 - utils.alert_system - INFO - Alert cleared
2026-04-10 12:52:09,528 - utils.alert_system - INFO - Alert cleared
2026-04-10 12:52:09,642 - utils.alert_system - INFO - Alert cleared
2026-04-10 12:52:09,711 - utils.alert_system - INFO - Alert cleared
2026-04-10 12:52:09,779 - utils.alert_system - INFO - Alert cleared
2026-04-10 12:52:09,847 - utils.alert_system - INFO - Alert cleared
2026-04-10 12:52:09,928 - utils.alert_system - INFO - Alert cleared
2026-04-10 12:52:10,016 - utils.alert_system - INFO - Alert cleared
2026-04-10 12:52:10,103 - utils.alert_system - INFO - Alert cleared
2026-04-10 12:52:10,171 - utils.alert_system - INFO - Alert cleared
2026-04-10 12:52:10,247 - utils.alert_system - INFO - Alert cleared
2026-04-10 12:52:10,316 - utils.alert_system - INFO - Alert cleared
2026-04-10 12:52:10,398 - utils.alert_system - INFO - Alert cleared
2026-04-10 12:52:10,460 - utils.alert_system - INFO - Alert cleared
2026-04-10 12:52:10,544 - utils.alert_system - INFO - Alert cleared
2026-04-10 12:52:10,613 - utils.alert_system - INFO - Alert cleared
2026-04-10 12:52:10,699 - utils.alert_system - WARNING - Alert: WARNING | Distance: 16.2m | TTC: 1.9s
2026-04-10 12:52:11,210 - utils.alert_system - INFO - Alert cleared
2026-04-10 12:52:11,299 - utils.alert_system - INFO - Alert cleared
2026-04-10 12:52:11,498 - utils.alert_system - WARNING - Alert: DANGER | Distance: 14.9m | TTC: 1.8s
2026-04-10 12:52:11,585 - utils.alert_system - WARNING - Alert: DANGER | Distance: 14.6m | TTC: 1.8s
2026-04-10 12:52:11,715 - utils.alert_system - INFO - Alert cleared
2026-04-10 12:52:11,778 - utils.alert_system - WARNING - Alert: DANGER | Distance: 5.4m | TTC: 0.6s
2026-04-10 12:52:11,893 - utils.alert_system - INFO - Alert cleared
2026-04-10 12:52:11,967 - utils.alert_system - INFO - Alert cleared
2026-04-10 12:52:12,047 - utils.alert_system - INFO - Alert cleared
2026-04-10 12:52:12,116 - utils.alert_system - INFO - Alert cleared
2026-04-10 12:52:12,187 - utils.alert_system - INFO - Alert cleared
2026-04-10 12:52:12,247 - utils.alert_system - INFO - Alert cleared
2026-04-10 12:52:12,316 - utils.alert_system - INFO - Alert cleared
2026-04-10 12:52:12,408 - utils.alert_system - WARNING - Alert: DANGER | Distance: 13.3m | TTC: 1.6s
2026-04-10 12:52:12,497 - utils.alert_system - WARNING - Alert: DANGER | Distance: 12.2m | TTC: 1.5s
2026-04-10 12:52:12,597 - utils.alert_system - WARNING - Alert: DANGER | Distance: 10.9m | TTC: 1.3s
2026-04-10 12:52:12,690 - utils.alert_system - WARNING - Alert: DANGER | Distance: 9.8m | TTC: 1.2s
2026-04-10 12:52:12,831 - utils.alert_system - INFO - Alert cleared
2026-04-10 12:52:12,904 - utils.alert_system - WARNING - Alert: DANGER | Distance: 8.6m | TTC: 1.0s
2026-04-10 12:52:12,979 - utils.alert_system - WARNING - Alert: DANGER | Distance: 8.2m | TTC: 1.0s
2026-04-10 12:52:13,131 - utils.alert_system - INFO - Alert cleared
2026-04-10 12:52:13,228 - utils.alert_system - WARNING - Alert: DANGER | Distance: 7.8m | TTC: 0.9s
2026-04-10 12:52:13,340 - utils.alert_system - INFO - Alert cleared
2026-04-10 12:52:13,506 - utils.alert_system - WARNING - Alert: DANGER | Distance: 7.6m | TTC: 0.9s
2026-04-10 12:52:13,735 - utils.alert_system - INFO - Alert cleared
2026-04-10 12:52:13,850 - utils.alert_system - INFO - Alert cleared
2026-04-10 12:52:13,949 - utils.alert_system - INFO - Alert cleared
2026-04-10 12:52:14,033 - utils.alert_system - INFO - Alert cleared
2026-04-10 12:52:14,140 - utils.alert_system - INFO - Alert cleared
2026-04-10 12:52:14,247 - utils.alert_system - INFO - Alert cleared
2026-04-10 12:52:14,326 - utils.alert_system - INFO - Alert cleared
2026-04-10 12:52:14,397 - utils.alert_system - INFO - Alert cleared
2026-04-10 12:52:14,497 - utils.alert_system - INFO - Alert cleared
2026-04-10 12:52:14,599 - utils.alert_system - INFO - Alert cleared
2026-04-10 12:52:14,697 - utils.alert_system - INFO - Alert cleared
2026-04-10 12:52:14,808 - utils.alert_system - INFO - Alert cleared
2026-04-10 12:52:14,891 - utils.alert_system - INFO - Alert cleared
2026-04-10 12:52:14,966 - utils.alert_system - INFO - Alert cleared
2026-04-10 12:52:15,050 - utils.alert_system - INFO - Alert cleared
2026-04-10 12:52:15,159 - utils.alert_system - INFO - Alert cleared
2026-04-10 12:52:15,233 - utils.alert_system - INFO - Alert cleared
2026-04-10 12:52:15,333 - utils.alert_system - INFO - Alert cleared
2026-04-10 12:52:15,416 - utils.alert_system - INFO - Alert cleared
2026-04-10 12:52:15,516 - utils.alert_system - INFO - Alert cleared
2026-04-10 12:52:15,614 - utils.alert_system - INFO - Alert cleared
2026-04-10 12:52:15,697 - utils.alert_system - INFO - Alert cleared
2026-04-10 12:52:15,782 - utils.alert_system - INFO - Alert cleared
2026-04-10 12:52:15,874 - utils.alert_system - INFO - Alert cleared
2026-04-10 12:52:15,960 - utils.alert_system - INFO - Alert cleared
2026-04-10 12:52:16,078 - utils.alert_system - INFO - Alert cleared
2026-04-10 12:52:16,243 - utils.alert_system - INFO - Alert cleared
2026-04-10 12:52:16,407 - utils.alert_system - INFO - Alert cleared
2026-04-10 12:52:16,647 - utils.alert_system - INFO - Alert cleared
2026-04-10 12:52:16,732 - utils.alert_system - INFO - Alert cleared
2026-04-10 12:52:16,897 - utils.alert_system - INFO - Alert cleared
2026-04-10 12:52:17,101 - utils.alert_system - INFO - Alert cleared
2026-04-10 12:52:17,225 - utils.alert_system - INFO - Alert cleared
2026-04-10 12:52:17,358 - utils.alert_system - INFO - Alert cleared
2026-04-10 12:52:17,497 - utils.alert_system - INFO - Alert cleared
2026-04-10 12:52:17,697 - utils.alert_system - INFO - Alert cleared
2026-04-10 12:52:17,897 - utils.alert_system - INFO - Alert cleared
2026-04-10 12:52:18,048 - utils.alert_system - INFO - Alert cleared
2026-04-10 12:52:18,217 - utils.alert_system - INFO - Alert cleared
2026-04-10 12:52:18,373 - utils.alert_system - INFO - Alert cleared
2026-04-10 12:52:18,487 - utils.alert_system - INFO - Alert cleared
2026-04-10 12:52:18,659 - utils.alert_system - INFO - Alert cleared
2026-04-10 12:52:18,817 - utils.alert_system - INFO - Alert cleared
2026-04-10 12:52:18,888 - utils.alert_system - INFO - Alert cleared
2026-04-10 12:52:18,997 - utils.alert_system - INFO - Alert cleared
2026-04-10 12:52:19,082 - utils.alert_system - INFO - Alert cleared
2026-04-10 12:52:19,183 - utils.alert_system - INFO - Alert cleared
2026-04-10 12:52:19,277 - utils.alert_system - INFO - Alert cleared
2026-04-10 12:52:19,349 - utils.alert_system - INFO - Alert cleared
2026-04-10 12:52:19,448 - utils.alert_system - INFO - Alert cleared
2026-04-10 12:52:19,518 - utils.alert_system - INFO - Alert cleared
2026-04-10 12:52:19,616 - utils.alert_system - INFO - Alert cleared
2026-04-10 12:52:19,691 - utils.alert_system - INFO - Alert cleared
2026-04-10 12:52:19,759 - utils.alert_system - INFO - Alert cleared
2026-04-10 12:52:19,847 - utils.alert_system - INFO - Alert cleared
2026-04-10 12:52:19,928 - utils.alert_system - INFO - Alert cleared
2026-04-10 12:52:20,028 - utils.alert_system - INFO - Alert cleared
2026-04-10 12:52:20,100 - utils.alert_system - INFO - Alert cleared
2026-04-10 12:52:20,197 - utils.alert_system - INFO - Alert cleared
2026-04-10 12:52:20,304 - utils.alert_system - INFO - Alert cleared
2026-04-10 12:52:20,428 - utils.alert_system - INFO - Alert cleared
2026-04-10 12:52:20,517 - utils.alert_system - INFO - Alert cleared
2026-04-10 12:52:20,598 - utils.alert_system - INFO - Alert cleared
2026-04-10 12:52:20,666 - utils.alert_system - INFO - Alert cleared
2026-04-10 12:52:20,728 - utils.alert_system - INFO - Alert cleared
2026-04-10 12:52:20,830 - utils.alert_system - INFO - Alert cleared
2026-04-10 12:52:20,913 - utils.alert_system - INFO - Alert cleared
2026-04-10 12:52:21,016 - utils.alert_system - INFO - Alert cleared
2026-04-10 12:52:21,099 - utils.alert_system - INFO - Alert cleared
2026-04-10 12:52:21,181 - utils.alert_system - INFO - Alert cleared
2026-04-10 12:52:21,307 - utils.alert_system - INFO - Alert cleared
2026-04-10 12:52:21,366 - utils.alert_system - INFO - Alert cleared
2026-04-10 12:52:21,431 - utils.alert_system - INFO - Alert cleared
2026-04-10 12:52:21,516 - utils.alert_system - INFO - Alert cleared
2026-04-10 12:52:21,616 - utils.alert_system - INFO - Alert cleared
2026-04-10 12:52:21,698 - utils.alert_system - INFO - Alert cleared
2026-04-10 12:52:21,780 - utils.alert_system - INFO - Alert cleared
2026-04-10 12:52:21,866 - utils.alert_system - INFO - Alert cleared
2026-04-10 12:52:21,932 - utils.alert_system - INFO - Alert cleared
2026-04-10 12:52:22,017 - utils.alert_system - INFO - Alert cleared
2026-04-10 12:52:22,112 - utils.alert_system - INFO - Alert cleared
2026-04-10 12:52:22,199 - utils.alert_system - INFO - Alert cleared
2026-04-10 12:52:22,267 - utils.alert_system - INFO - Alert cleared
2026-04-10 12:52:22,330 - utils.alert_system - INFO - Alert cleared
2026-04-10 12:52:22,430 - utils.alert_system - INFO - Alert cleared
2026-04-10 12:52:22,544 - utils.alert_system - INFO - Alert cleared
2026-04-10 12:52:22,629 - utils.alert_system - INFO - Alert cleared
2026-04-10 12:52:22,698 - utils.alert_system - INFO - Alert cleared
2026-04-10 12:52:22,778 - utils.alert_system - INFO - Alert cleared
2026-04-10 12:52:22,863 - utils.alert_system - INFO - Alert cleared
2026-04-10 12:52:22,948 - utils.alert_system - INFO - Alert cleared
2026-04-10 12:52:23,045 - utils.alert_system - INFO - Alert cleared
2026-04-10 12:52:23,131 - utils.alert_system - INFO - Alert cleared
2026-04-10 12:52:23,232 - utils.alert_system - INFO - Alert cleared
2026-04-10 12:52:23,297 - utils.alert_system - INFO - Alert cleared
2026-04-10 12:52:23,378 - utils.alert_system - INFO - Alert cleared
2026-04-10 12:52:23,478 - utils.alert_system - INFO - Alert cleared
2026-04-10 12:52:23,578 - utils.alert_system - INFO - Alert cleared
2026-04-10 12:52:23,662 - utils.alert_system - INFO - Alert cleared
2026-04-10 12:52:23,731 - utils.alert_system - INFO - Alert cleared
2026-04-10 12:52:23,797 - utils.alert_system - INFO - Alert cleared
2026-04-10 12:52:23,866 - utils.alert_system - INFO - Alert cleared
2026-04-10 12:52:23,949 - utils.alert_system - INFO - Alert cleared
2026-04-10 12:52:24,035 - utils.alert_system - INFO - Alert cleared
2026-04-10 12:52:24,128 - utils.alert_system - INFO - Alert cleared
2026-04-10 12:52:24,228 - utils.alert_system - INFO - Alert cleared
2026-04-10 12:52:24,299 - utils.alert_system - INFO - Alert cleared
2026-04-10 12:52:24,378 - utils.alert_system - INFO - Alert cleared
2026-04-10 12:52:24,466 - utils.alert_system - INFO - Alert cleared
2026-04-10 12:52:24,578 - utils.alert_system - INFO - Alert cleared
2026-04-10 12:52:24,678 - utils.alert_system - INFO - Alert cleared
2026-04-10 12:52:24,797 - utils.alert_system - INFO - Alert cleared
2026-04-10 12:52:24,878 - utils.alert_system - INFO - Alert cleared
2026-04-10 12:52:24,970 - utils.alert_system - INFO - Alert cleared
2026-04-10 12:52:25,047 - utils.alert_system - INFO - Alert cleared
2026-04-10 12:52:25,137 - utils.alert_system - INFO - Alert cleared
2026-04-10 12:52:25,227 - utils.alert_system - INFO - Alert cleared
2026-04-10 12:52:25,319 - utils.alert_system - INFO - Alert cleared
2026-04-10 12:52:25,428 - utils.alert_system - INFO - Alert cleared
2026-04-10 12:52:25,499 - utils.alert_system - INFO - Alert cleared
2026-04-10 12:52:25,597 - utils.alert_system - INFO - Alert cleared
2026-04-10 12:52:25,678 - utils.alert_system - INFO - Alert cleared
2026-04-10 12:52:25,779 - utils.alert_system - INFO - Alert cleared
2026-04-10 12:52:25,863 - utils.alert_system - INFO - Alert cleared
2026-04-10 12:52:25,947 - utils.alert_system - INFO - Alert cleared
2026-04-10 12:52:26,066 - utils.alert_system - INFO - Alert cleared
2026-04-10 12:52:26,130 - utils.alert_system - INFO - Alert cleared
2026-04-10 12:52:26,239 - utils.alert_system - INFO - Alert cleared
2026-04-10 12:52:26,328 - utils.alert_system - INFO - Alert cleared
2026-04-10 12:52:26,416 - utils.alert_system - INFO - Alert cleared
2026-04-10 12:52:26,503 - utils.alert_system - INFO - Alert cleared
2026-04-10 12:52:26,628 - utils.alert_system - INFO - Alert cleared
2026-04-10 12:52:26,704 - utils.alert_system - INFO - Alert cleared
2026-04-10 12:52:26,786 - utils.alert_system - INFO - Alert cleared
2026-04-10 12:52:26,897 - utils.alert_system - INFO - Alert cleared
2026-04-10 12:52:26,978 - utils.alert_system - INFO - Alert cleared
2026-04-10 12:52:27,078 - utils.alert_system - INFO - Alert cleared
2026-04-10 12:52:27,155 - utils.alert_system - INFO - Alert cleared
2026-04-10 12:52:27,238 - utils.alert_system - INFO - Alert cleared
2026-04-10 12:52:27,336 - utils.alert_system - INFO - Alert cleared
2026-04-10 12:52:27,477 - utils.alert_system - INFO - Alert cleared
2026-04-10 12:52:27,569 - utils.alert_system - INFO - Alert cleared
2026-04-10 12:52:27,652 - utils.alert_system - INFO - Alert cleared
2026-04-10 12:52:27,729 - utils.alert_system - INFO - Alert cleared
2026-04-10 12:52:27,828 - utils.alert_system - INFO - Alert cleared
2026-04-10 12:52:27,935 - utils.alert_system - INFO - Alert cleared
2026-04-10 12:52:28,004 - utils.alert_system - INFO - Alert cleared
2026-04-10 12:52:28,086 - utils.alert_system - INFO - Alert cleared
2026-04-10 12:52:28,178 - utils.alert_system - INFO - Alert cleared
2026-04-10 12:52:28,279 - utils.alert_system - INFO - Alert cleared
2026-04-10 12:52:28,366 - utils.alert_system - INFO - Alert cleared
2026-04-10 12:52:28,447 - utils.alert_system - INFO - Alert cleared
2026-04-10 12:52:28,536 - utils.alert_system - INFO - Alert cleared
2026-04-10 12:52:28,628 - utils.alert_system - INFO - Alert cleared
2026-04-10 12:52:28,727 - utils.alert_system - INFO - Alert cleared
2026-04-10 12:52:28,810 - utils.alert_system - INFO - Alert cleared
2026-04-10 12:52:28,910 - utils.alert_system - INFO - Alert cleared
2026-04-10 12:52:28,979 - utils.alert_system - INFO - Alert cleared
2026-04-10 12:52:29,090 - utils.alert_system - INFO - Alert cleared
2026-04-10 12:52:29,192 - utils.alert_system - INFO - Alert cleared
2026-04-10 12:52:29,278 - utils.alert_system - INFO - Alert cleared
2026-04-10 12:52:29,383 - utils.alert_system - INFO - Alert cleared
2026-04-10 12:52:29,528 - utils.alert_system - INFO - Alert cleared
2026-04-10 12:52:29,586 - utils.alert_system - INFO - Alert cleared
2026-04-10 12:52:29,678 - utils.alert_system - INFO - Alert cleared
2026-04-10 12:52:29,778 - utils.alert_system - INFO - Alert cleared
2026-04-10 12:52:29,866 - utils.alert_system - INFO - Alert cleared
2026-04-10 12:52:29,948 - utils.alert_system - INFO - Alert cleared
2026-04-10 12:52:30,011 - utils.alert_system - INFO - Alert cleared
2026-04-10 12:52:30,079 - utils.alert_system - INFO - Alert cleared
2026-04-10 12:52:30,168 - utils.alert_system - INFO - Alert cleared
2026-04-10 12:52:30,238 - utils.alert_system - INFO - Alert cleared
2026-04-10 12:52:30,316 - utils.alert_system - INFO - Alert cleared
2026-04-10 12:52:30,378 - utils.alert_system - INFO - Alert cleared
2026-04-10 12:52:30,448 - utils.alert_system - INFO - Alert cleared
2026-04-10 12:52:30,548 - utils.alert_system - INFO - Alert cleared
2026-04-10 12:52:30,627 - utils.alert_system - INFO - Alert cleared
2026-04-10 12:52:30,709 - utils.alert_system - INFO - Alert cleared
2026-04-10 12:52:30,797 - utils.alert_system - INFO - Alert cleared
2026-04-10 12:52:30,866 - utils.alert_system - INFO - Alert cleared
2026-04-10 12:52:30,947 - utils.alert_system - INFO - Alert cleared
2026-04-10 12:52:31,028 - utils.alert_system - INFO - Alert cleared
2026-04-10 12:52:31,095 - utils.alert_system - INFO - Alert cleared
2026-04-10 12:52:31,152 - utils.alert_system - INFO - Alert cleared
2026-04-10 12:52:31,228 - utils.alert_system - INFO - Alert cleared
2026-04-10 12:52:31,302 - utils.alert_system - INFO - Alert cleared
2026-04-10 12:52:31,368 - utils.alert_system - INFO - Alert cleared
2026-04-10 12:52:31,435 - utils.alert_system - INFO - Alert cleared
2026-04-10 12:52:31,503 - utils.alert_system - INFO - Alert cleared
2026-04-10 12:52:31,578 - utils.alert_system - INFO - Alert cleared
2026-04-10 12:52:31,667 - utils.alert_system - INFO - Alert cleared
2026-04-10 12:52:31,735 - utils.alert_system - INFO - Alert cleared
2026-04-10 12:52:31,808 - utils.alert_system - INFO - Alert cleared
2026-04-10 12:52:31,868 - utils.alert_system - INFO - Alert cleared
2026-04-10 12:52:31,935 - utils.alert_system - INFO - Alert cleared
2026-04-10 12:52:32,008 - utils.alert_system - INFO - Alert cleared
2026-04-10 12:52:32,086 - utils.alert_system - INFO - Alert cleared
2026-04-10 12:52:32,178 - utils.alert_system - INFO - Alert cleared
2026-04-10 12:52:32,244 - utils.alert_system - INFO - Alert cleared
2026-04-10 12:52:32,316 - utils.alert_system - INFO - Alert cleared
2026-04-10 12:52:32,394 - utils.alert_system - INFO - Alert cleared
2026-04-10 12:52:32,469 - utils.alert_system - INFO - Alert cleared
2026-04-10 12:52:32,574 - utils.alert_system - INFO - Alert cleared
2026-04-10 12:52:32,675 - utils.alert_system - INFO - Alert cleared
2026-04-10 12:52:32,774 - utils.alert_system - INFO - Alert cleared
2026-04-10 12:52:32,866 - utils.alert_system - INFO - Alert cleared
2026-04-10 12:52:32,947 - utils.alert_system - INFO - Alert cleared
2026-04-10 12:52:33,058 - utils.alert_system - INFO - Alert cleared
2026-04-10 12:52:33,176 - utils.alert_system - INFO - Alert cleared
2026-04-10 12:52:33,252 - utils.alert_system - INFO - Alert cleared
2026-04-10 12:52:33,366 - utils.alert_system - INFO - Alert cleared
2026-04-10 12:52:33,435 - utils.alert_system - INFO - Alert cleared
2026-04-10 12:52:33,533 - utils.alert_system - INFO - Alert cleared
2026-04-10 12:52:33,616 - utils.alert_system - INFO - Alert cleared
2026-04-10 12:52:33,700 - utils.alert_system - INFO - Alert cleared
2026-04-10 12:52:33,782 - utils.alert_system - INFO - Alert cleared
2026-04-10 12:52:33,852 - utils.alert_system - INFO - Alert cleared
2026-04-10 12:52:33,918 - utils.alert_system - INFO - Alert cleared
2026-04-10 12:52:34,019 - utils.alert_system - INFO - Alert cleared
2026-04-10 12:52:34,101 - utils.alert_system - INFO - Alert cleared
2026-04-10 12:52:34,167 - utils.alert_system - INFO - Alert cleared
2026-04-10 12:52:34,233 - utils.alert_system - INFO - Alert cleared
2026-04-10 12:52:34,327 - utils.alert_system - INFO - Alert cleared
2026-04-10 12:52:34,384 - utils.alert_system - INFO - Alert cleared
2026-04-10 12:52:34,452 - utils.alert_system - INFO - Alert cleared
2026-04-10 12:52:34,547 - utils.alert_system - INFO - Alert cleared
2026-04-10 12:52:34,628 - utils.alert_system - INFO - Alert cleared
2026-04-10 12:52:34,707 - utils.alert_system - INFO - Alert cleared
2026-04-10 12:52:34,814 - utils.alert_system - INFO - Alert cleared
2026-04-10 12:52:34,885 - utils.alert_system - INFO - Alert cleared
2026-04-10 12:52:34,978 - utils.alert_system - INFO - Alert cleared
2026-04-10 12:52:35,078 - utils.alert_system - INFO - Alert cleared
2026-04-10 12:52:35,148 - utils.alert_system - INFO - Alert cleared
2026-04-10 12:52:35,247 - utils.alert_system - INFO - Alert cleared
2026-04-10 12:52:35,333 - utils.alert_system - INFO - Alert cleared
2026-04-10 12:52:35,416 - utils.alert_system - INFO - Alert cleared
2026-04-10 12:52:35,492 - utils.alert_system - INFO - Alert cleared
2026-04-10 12:52:35,558 - utils.alert_system - INFO - Alert cleared
2026-04-10 12:52:35,642 - utils.alert_system - INFO - Alert cleared
2026-04-10 12:52:35,728 - utils.alert_system - INFO - Alert cleared
2026-04-10 12:52:35,816 - utils.alert_system - INFO - Alert cleared
2026-04-10 12:52:35,899 - utils.alert_system - INFO - Alert cleared
2026-04-10 12:52:35,978 - utils.alert_system - INFO - Alert cleared
2026-04-10 12:52:36,035 - utils.alert_system - INFO - Alert cleared
2026-04-10 12:52:36,116 - utils.alert_system - INFO - Alert cleared
2026-04-10 12:52:36,184 - utils.alert_system - INFO - Alert cleared
2026-04-10 12:52:36,249 - utils.alert_system - INFO - Alert cleared
2026-04-10 12:52:36,340 - utils.alert_system - INFO - Alert cleared
2026-04-10 12:52:36,409 - utils.alert_system - INFO - Alert cleared
2026-04-10 12:52:36,478 - utils.alert_system - INFO - Alert cleared
2026-04-10 12:52:36,541 - utils.alert_system - INFO - Alert cleared
2026-04-10 12:52:36,616 - utils.alert_system - INFO - Alert cleared
2026-04-10 12:52:36,678 - utils.alert_system - INFO - Alert cleared
2026-04-10 12:52:36,741 - utils.alert_system - INFO - Alert cleared
2026-04-10 12:52:36,828 - utils.alert_system - INFO - Alert cleared
2026-04-10 12:52:36,900 - utils.alert_system - INFO - Alert cleared
2026-04-10 12:52:36,982 - utils.alert_system - INFO - Alert cleared
2026-04-10 12:52:37,066 - utils.alert_system - INFO - Alert cleared
2026-04-10 12:52:37,148 - utils.alert_system - INFO - Alert cleared
2026-04-10 12:52:37,218 - utils.alert_system - INFO - Alert cleared
2026-04-10 12:52:37,285 - utils.alert_system - INFO - Alert cleared
2026-04-10 12:52:37,347 - utils.alert_system - INFO - Alert cleared
2026-04-10 12:52:37,447 - utils.alert_system - INFO - Alert cleared
2026-04-10 12:52:37,528 - utils.alert_system - INFO - Alert cleared
2026-04-10 12:52:37,608 - utils.alert_system - INFO - Alert cleared
2026-04-10 12:52:37,678 - utils.alert_system - INFO - Alert cleared
2026-04-10 12:52:37,757 - utils.alert_system - INFO - Alert cleared
2026-04-10 12:52:37,828 - utils.alert_system - INFO - Alert cleared
2026-04-10 12:52:37,907 - utils.alert_system - INFO - Alert cleared
2026-04-10 12:52:37,990 - utils.alert_system - INFO - Alert cleared
2026-04-10 12:52:38,066 - utils.alert_system - INFO - Alert cleared
2026-04-10 12:52:38,128 - utils.alert_system - INFO - Alert cleared
2026-04-10 12:52:38,228 - utils.alert_system - INFO - Alert cleared
2026-04-10 12:52:38,328 - utils.alert_system - INFO - Alert cleared
2026-04-10 12:52:38,399 - utils.alert_system - INFO - Alert cleared
2026-04-10 12:52:38,467 - utils.alert_system - INFO - Alert cleared
2026-04-10 12:52:38,531 - utils.alert_system - INFO - Alert cleared
2026-04-10 12:52:38,618 - utils.alert_system - INFO - Alert cleared
2026-04-10 12:52:38,684 - utils.alert_system - INFO - Alert cleared
2026-04-10 12:52:38,760 - utils.alert_system - INFO - Alert cleared
2026-04-10 12:52:38,828 - utils.alert_system - INFO - Alert cleared
2026-04-10 12:52:38,897 - utils.alert_system - INFO - Alert cleared
2026-04-10 12:52:38,966 - utils.alert_system - INFO - Alert cleared
2026-04-10 12:52:39,024 - utils.alert_system - INFO - Alert cleared
2026-04-10 12:52:39,119 - utils.alert_system - INFO - Alert cleared
2026-04-10 12:52:39,187 - utils.alert_system - INFO - Alert cleared
2026-04-10 12:52:39,274 - utils.alert_system - INFO - Alert cleared
2026-04-10 12:52:39,341 - utils.alert_system - INFO - Alert cleared
2026-04-10 12:52:39,447 - utils.alert_system - INFO - Alert cleared
2026-04-10 12:52:39,519 - utils.alert_system - INFO - Alert cleared
2026-04-10 12:52:39,578 - utils.alert_system - INFO - Alert cleared
2026-04-10 12:52:39,647 - utils.alert_system - INFO - Alert cleared
2026-04-10 12:52:39,707 - utils.alert_system - INFO - Alert cleared
2026-04-10 12:52:39,789 - utils.alert_system - INFO - Alert cleared
2026-04-10 12:52:39,878 - utils.alert_system - INFO - Alert cleared
2026-04-10 12:52:39,947 - utils.alert_system - INFO - Alert cleared
2026-04-10 12:52:40,008 - utils.alert_system - INFO - Alert cleared
2026-04-10 12:52:40,097 - utils.alert_system - INFO - Alert cleared
2026-04-10 12:52:40,178 - utils.alert_system - INFO - Alert cleared
2026-04-10 12:52:40,266 - utils.alert_system - INFO - Alert cleared
2026-04-10 12:52:40,347 - utils.alert_system - INFO - Alert cleared
2026-04-10 12:52:40,438 - utils.alert_system - INFO - Alert cleared
2026-04-10 12:52:40,516 - utils.alert_system - INFO - Alert cleared
2026-04-10 12:52:40,578 - utils.alert_system - INFO - Alert cleared
2026-04-10 12:52:40,657 - utils.alert_system - INFO - Alert cleared
2026-04-10 12:52:40,748 - utils.alert_system - INFO - Alert cleared
2026-04-10 12:52:40,822 - utils.alert_system - INFO - Alert cleared
2026-04-10 12:52:40,882 - utils.alert_system - INFO - Alert cleared
2026-04-10 12:52:40,966 - utils.alert_system - INFO - Alert cleared
2026-04-10 12:52:41,050 - utils.alert_system - INFO - Alert cleared
2026-04-10 12:52:41,148 - utils.alert_system - INFO - Alert cleared
2026-04-10 12:52:41,221 - utils.alert_system - INFO - Alert cleared
2026-04-10 12:52:41,292 - utils.alert_system - INFO - Alert cleared
2026-04-10 12:52:41,355 - utils.alert_system - INFO - Alert cleared
2026-04-10 12:52:41,438 - utils.alert_system - INFO - Alert cleared
2026-04-10 12:52:41,506 - utils.alert_system - INFO - Alert cleared
2026-04-10 12:52:41,572 - utils.alert_system - INFO - Alert cleared
2026-04-10 12:52:41,631 - utils.alert_system - INFO - Alert cleared
2026-04-10 12:52:41,737 - utils.alert_system - INFO - Alert cleared
2026-04-10 12:52:41,829 - utils.alert_system - INFO - Alert cleared
2026-04-10 12:52:41,899 - utils.alert_system - INFO - Alert cleared
2026-04-10 12:52:41,978 - utils.alert_system - INFO - Alert cleared
2026-04-10 12:52:42,078 - utils.alert_system - INFO - Alert cleared
2026-04-10 12:52:42,156 - utils.alert_system - INFO - Alert cleared
2026-04-10 12:52:42,253 - utils.alert_system - INFO - Alert cleared
2026-04-10 12:52:42,331 - utils.alert_system - INFO - Alert cleared
2026-04-10 12:52:42,399 - utils.alert_system - INFO - Alert cleared
2026-04-10 12:52:42,480 - utils.alert_system - INFO - Alert cleared
2026-04-10 12:52:42,547 - utils.alert_system - INFO - Alert cleared
2026-04-10 12:52:42,654 - utils.alert_system - INFO - Alert cleared
2026-04-10 12:52:42,728 - utils.alert_system - INFO - Alert cleared
2026-04-10 12:52:42,797 - utils.alert_system - INFO - Alert cleared
2026-04-10 12:52:42,880 - utils.alert_system - INFO - Alert cleared
2026-04-10 12:52:42,966 - utils.alert_system - INFO - Alert cleared
2026-04-10 12:52:43,078 - utils.alert_system - INFO - Alert cleared
2026-04-10 12:52:43,166 - utils.alert_system - INFO - Alert cleared
2026-04-10 12:52:43,247 - utils.alert_system - INFO - Alert cleared
2026-04-10 12:52:43,330 - utils.alert_system - INFO - Alert cleared
2026-04-10 12:52:43,423 - utils.alert_system - INFO - Alert cleared
2026-04-10 12:52:43,481 - utils.alert_system - INFO - Alert cleared
2026-04-10 12:52:43,566 - utils.alert_system - INFO - Alert cleared
2026-04-10 12:52:43,648 - utils.alert_system - INFO - Alert cleared
2026-04-10 12:52:43,753 - utils.alert_system - INFO - Alert cleared
2026-04-10 12:52:43,853 - utils.alert_system - INFO - Alert cleared
2026-04-10 12:52:43,947 - utils.alert_system - INFO - Alert cleared
2026-04-10 12:52:44,029 - utils.alert_system - INFO - Alert cleared
2026-04-10 12:52:44,097 - utils.alert_system - INFO - Alert cleared
2026-04-10 12:52:44,186 - utils.alert_system - INFO - Alert cleared
2026-04-10 12:52:44,256 - utils.alert_system - INFO - Alert cleared
2026-04-10 12:52:44,327 - utils.alert_system - INFO - Alert cleared
2026-04-10 12:52:44,437 - utils.alert_system - INFO - Alert cleared
2026-04-10 12:52:44,516 - utils.alert_system - INFO - Alert cleared
2026-04-10 12:52:44,580 - utils.alert_system - INFO - Alert cleared
2026-04-10 12:52:44,662 - utils.alert_system - INFO - Alert cleared
2026-04-10 12:52:44,769 - utils.alert_system - INFO - Alert cleared
2026-04-10 12:52:44,854 - utils.alert_system - INFO - Alert cleared
2026-04-10 12:52:44,939 - utils.alert_system - INFO - Alert cleared
2026-04-10 12:52:45,004 - utils.alert_system - INFO - Alert cleared
2026-04-10 12:52:45,071 - utils.alert_system - INFO - Alert cleared
2026-04-10 12:52:45,138 - utils.alert_system - INFO - Alert cleared
2026-04-10 12:52:45,204 - utils.alert_system - INFO - Alert cleared
2026-04-10 12:52:45,297 - utils.alert_system - INFO - Alert cleared
2026-04-10 12:52:45,371 - utils.alert_system - INFO - Alert cleared
2026-04-10 12:52:45,447 - utils.alert_system - INFO - Alert cleared
2026-04-10 12:52:45,536 - utils.alert_system - INFO - Alert cleared
2026-04-10 12:52:45,605 - utils.alert_system - INFO - Alert cleared
2026-04-10 12:52:45,670 - utils.alert_system - INFO - Alert cleared
2026-04-10 12:52:45,737 - utils.alert_system - INFO - Alert cleared
2026-04-10 12:52:45,804 - utils.alert_system - INFO - Alert cleared
2026-04-10 12:52:45,887 - utils.alert_system - INFO - Alert cleared
2026-04-10 12:52:45,971 - utils.alert_system - INFO - Alert cleared
2026-04-10 12:52:46,047 - utils.alert_system - INFO - Alert cleared
2026-04-10 12:52:46,137 - utils.alert_system - INFO - Alert cleared
2026-04-10 12:52:46,205 - utils.alert_system - INFO - Alert cleared
2026-04-10 12:52:46,271 - utils.alert_system - INFO - Alert cleared
2026-04-10 12:52:46,347 - utils.alert_system - INFO - Alert cleared
2026-04-10 12:52:46,405 - utils.alert_system - INFO - Alert cleared
2026-04-10 12:52:46,486 - utils.alert_system - INFO - Alert cleared
2026-04-10 12:52:46,578 - utils.alert_system - INFO - Alert cleared
2026-04-10 12:52:46,629 - utils.alert_system - INFO - Alert cleared
2026-04-10 12:52:46,661 - __main__ - INFO - End of video stream
2026-04-10 12:52:46,661 - __main__ - INFO - Cleaning up...
2026-04-10 12:52:46,666 - utils.alert_system - INFO - Alert cleared
2026-04-10 12:52:46,666 - utils.alert_system - INFO - Alert system cleaned up
2026-04-10 12:52:46,668 - utils.speed_monitor - INFO - Stopped speed monitoring
2026-04-10 12:52:46,668 - __main__ - INFO - ==================================================
2026-04-10 12:52:46,668 - __main__ - INFO - Session Summary:
2026-04-10 12:52:46,669 - __main__ - INFO - ==================================================
2026-04-10 12:52:46,669 - __main__ - INFO -   session_id: 20260410_125124
2026-04-10 12:52:46,669 - __main__ - INFO -   duration: 82.56874465942383
2026-04-10 12:52:46,669 - __main__ - INFO -   total_frames: 930
2026-04-10 12:52:46,669 - __main__ - INFO -   total_detections: 14
2026-04-10 12:52:46,669 - __main__ - INFO -   alerts_triggered: 0
2026-04-10 12:52:46,669 - __main__ - INFO -   average_speed: 30.0
2026-04-10 12:52:46,669 - __main__ - INFO -   top_detected: [('cow', 13), ('dog', 1)]
2026-04-10 12:52:46,669 - utils.data_logger - INFO - Session saved: 20260410_125124
2026-04-10 12:52:46,669 - utils.data_logger - INFO -   Frames: 930
2026-04-10 12:52:46,669 - utils.data_logger - INFO -   Detections: 14
2026-04-10 12:52:46,669 - utils.data_logger - INFO -   Alerts: 0
2026-04-10 12:52:46,686 - __main__ - INFO - Cleanup complete
2026-04-10 12:57:20,553 - __main__ - INFO - ==================================================
2026-04-10 12:57:20,553 - __main__ - INFO - Animal Collision Avoidance System Initializing
2026-04-10 12:57:20,553 - __main__ - INFO - ==================================================
2026-04-10 12:57:20,553 - __main__ - INFO - Loading model: C:\Users\Ranjith S\Desktop\New folder\New folder\models\yolov8n.pt
2026-04-10 12:57:20,553 - models.detector - INFO - Using device: cpu
2026-04-10 12:57:20,580 - models.detector - INFO - Model loaded from C:\Users\Ranjith S\Desktop\New folder\New folder\models\yolov8n.pt
2026-04-10 12:57:20,580 - utils.speed_monitor - INFO - Speed monitor initialized: source=simulation, default=30.0 km/h
2026-04-10 12:57:20,581 - utils.data_logger - INFO - Data logger initialized: session=20260410_125720
2026-04-10 12:57:20,581 - __main__ - INFO - Video output: C:\Users\Ranjith S\Desktop\New folder\New folder\data\output_videos\output_20260410_125720.mp4
2026-04-10 12:57:20,581 - __main__ - INFO - System initialization complete
2026-04-10 12:57:20,592 - __main__ - INFO - System started with source: WhatsApp Video 2026-04-10 at 9.17.37 AM.mp4
2026-04-10 12:57:20,592 - __main__ - INFO - Resolution: 640x360
2026-04-10 12:57:20,592 - __main__ - INFO - Video FPS: 30.00
2026-04-10 12:57:20,592 - __main__ - INFO - Press 'q' to quit, 'p' to pause, '+/-' to adjust speed
2026-04-10 12:57:20,592 - __main__ - INFO - Press 's' to save screenshot, 'r' to reset stats
2026-04-10 12:57:22,213 - utils.alert_system - INFO - Alert cleared
2026-04-10 12:57:22,355 - utils.alert_system - INFO - Alert cleared
2026-04-10 12:57:22,436 - utils.alert_system - INFO - Alert cleared
2026-04-10 12:57:22,539 - utils.alert_system - INFO - Alert cleared
2026-04-10 12:57:22,628 - utils.alert_system - INFO - Alert cleared
2026-04-10 12:57:22,756 - utils.alert_system - INFO - Alert cleared
2026-04-10 12:57:22,878 - utils.alert_system - INFO - Alert cleared
2026-04-10 12:57:22,960 - utils.alert_system - INFO - Alert cleared
2026-04-10 12:57:23,029 - utils.alert_system - INFO - Alert cleared
2026-04-10 12:57:23,119 - utils.alert_system - INFO - Alert cleared
2026-04-10 12:57:23,202 - utils.alert_system - INFO - Alert cleared
2026-04-10 12:57:23,270 - utils.alert_system - INFO - Alert cleared
2026-04-10 12:57:23,356 - utils.alert_system - INFO - Alert cleared
2026-04-10 12:57:23,456 - utils.alert_system - INFO - Alert cleared
2026-04-10 12:57:23,530 - utils.alert_system - INFO - Alert cleared
2026-04-10 12:57:23,597 - utils.alert_system - INFO - Alert cleared
2026-04-10 12:57:23,666 - utils.alert_system - INFO - Alert cleared
2026-04-10 12:57:23,747 - utils.alert_system - INFO - Alert cleared
2026-04-10 12:57:23,804 - utils.alert_system - INFO - Alert cleared
2026-04-10 12:57:23,897 - utils.alert_system - INFO - Alert cleared
2026-04-10 12:57:23,985 - utils.alert_system - INFO - Alert cleared
2026-04-10 12:57:24,054 - utils.alert_system - INFO - Alert cleared
2026-04-10 12:57:24,120 - utils.alert_system - INFO - Alert cleared
2026-04-10 12:57:24,216 - utils.alert_system - INFO - Alert cleared
2026-04-10 12:57:24,279 - utils.alert_system - INFO - Alert cleared
2026-04-10 12:57:24,347 - utils.alert_system - INFO - Alert cleared
2026-04-10 12:57:24,397 - utils.alert_system - INFO - Alert cleared
2026-04-10 12:57:24,498 - utils.alert_system - INFO - Alert cleared
2026-04-10 12:57:24,597 - utils.alert_system - INFO - Alert cleared
2026-04-10 12:57:24,678 - utils.alert_system - INFO - Alert cleared
2026-04-10 12:57:24,744 - utils.alert_system - INFO - Alert cleared
2026-04-10 12:57:24,828 - utils.alert_system - INFO - Alert cleared
2026-04-10 12:57:24,896 - utils.alert_system - INFO - Alert cleared
2026-04-10 12:57:24,966 - utils.alert_system - INFO - Alert cleared
2026-04-10 12:57:25,059 - utils.alert_system - INFO - Alert cleared
2026-04-10 12:57:25,147 - utils.alert_system - INFO - Alert cleared
2026-04-10 12:57:25,216 - utils.alert_system - INFO - Alert cleared
2026-04-10 12:57:25,279 - utils.alert_system - INFO - Alert cleared
2026-04-10 12:57:25,348 - utils.alert_system - INFO - Alert cleared
2026-04-10 12:57:25,450 - utils.alert_system - INFO - Alert cleared
2026-04-10 12:57:25,528 - utils.alert_system - INFO - Alert cleared
2026-04-10 12:57:25,597 - utils.alert_system - INFO - Alert cleared
2026-04-10 12:57:25,701 - utils.alert_system - INFO - Alert cleared
2026-04-10 12:57:25,797 - utils.alert_system - INFO - Alert cleared
2026-04-10 12:57:25,877 - utils.alert_system - INFO - Alert cleared
2026-04-10 12:57:25,946 - utils.alert_system - INFO - Alert cleared
2026-04-10 12:57:26,010 - utils.alert_system - INFO - Alert cleared
2026-04-10 12:57:26,078 - utils.alert_system - INFO - Alert cleared
2026-04-10 12:57:26,177 - utils.alert_system - INFO - Alert cleared
2026-04-10 12:57:26,236 - utils.alert_system - INFO - Alert cleared
2026-04-10 12:57:26,328 - utils.alert_system - INFO - Alert cleared
2026-04-10 12:57:26,416 - utils.alert_system - INFO - Alert cleared
2026-04-10 12:57:26,497 - utils.alert_system - INFO - Alert cleared
2026-04-10 12:57:26,560 - utils.alert_system - INFO - Alert cleared
2026-04-10 12:57:26,628 - utils.alert_system - INFO - Alert cleared
2026-04-10 12:57:26,728 - utils.alert_system - INFO - Alert cleared
2026-04-10 12:57:26,834 - utils.alert_system - INFO - Alert cleared
2026-04-10 12:57:26,902 - utils.alert_system - INFO - Alert cleared
2026-04-10 12:57:26,986 - utils.alert_system - INFO - Alert cleared
2026-04-10 12:57:27,051 - utils.alert_system - INFO - Alert cleared
2026-04-10 12:57:27,147 - utils.alert_system - INFO - Alert cleared
2026-04-10 12:57:27,216 - utils.alert_system - INFO - Alert cleared
2026-04-10 12:57:27,298 - utils.alert_system - INFO - Alert cleared
2026-04-10 12:57:27,398 - utils.alert_system - INFO - Alert cleared
2026-04-10 12:57:27,466 - utils.alert_system - INFO - Alert cleared
2026-04-10 12:57:27,547 - utils.alert_system - INFO - Alert cleared
2026-04-10 12:57:27,619 - utils.alert_system - INFO - Alert cleared
2026-04-10 12:57:27,724 - utils.alert_system - INFO - Alert cleared
2026-04-10 12:57:27,824 - utils.alert_system - INFO - Alert cleared
2026-04-10 12:57:27,897 - utils.alert_system - INFO - Alert cleared
2026-04-10 12:57:27,966 - utils.alert_system - INFO - Alert cleared
2026-04-10 12:57:28,050 - utils.alert_system - INFO - Alert cleared
2026-04-10 12:57:28,158 - utils.alert_system - INFO - Alert cleared
2026-04-10 12:57:28,241 - utils.alert_system - INFO - Alert cleared
2026-04-10 12:57:28,329 - utils.alert_system - INFO - Alert cleared
2026-04-10 12:57:28,397 - utils.alert_system - INFO - Alert cleared
2026-04-10 12:57:28,478 - utils.alert_system - INFO - Alert cleared
2026-04-10 12:57:28,568 - utils.alert_system - INFO - Alert cleared
2026-04-10 12:57:28,647 - utils.alert_system - INFO - Alert cleared
2026-04-10 12:57:28,740 - utils.alert_system - INFO - Alert cleared
2026-04-10 12:57:28,810 - utils.alert_system - INFO - Alert cleared
2026-04-10 12:57:28,916 - utils.alert_system - INFO - Alert cleared
2026-04-10 12:57:28,978 - utils.alert_system - INFO - Alert cleared
2026-04-10 12:57:29,059 - utils.alert_system - INFO - Alert cleared
2026-04-10 12:57:29,147 - utils.alert_system - INFO - Alert cleared
2026-04-10 12:57:29,218 - utils.alert_system - INFO - Alert cleared
2026-04-10 12:57:29,293 - utils.alert_system - INFO - Alert cleared
2026-04-10 12:57:29,366 - utils.alert_system - INFO - Alert cleared
2026-04-10 12:57:29,428 - utils.alert_system - INFO - Alert cleared
2026-04-10 12:57:29,517 - utils.alert_system - INFO - Alert cleared
2026-04-10 12:57:29,616 - utils.alert_system - INFO - Alert cleared
2026-04-10 12:57:29,692 - utils.alert_system - INFO - Alert cleared
2026-04-10 12:57:29,758 - utils.alert_system - INFO - Alert cleared
2026-04-10 12:57:29,842 - utils.alert_system - INFO - Alert cleared
2026-04-10 12:57:29,947 - utils.alert_system - INFO - Alert cleared
2026-04-10 12:57:30,047 - utils.alert_system - INFO - Alert cleared
2026-04-10 12:57:30,149 - utils.alert_system - INFO - Alert cleared
2026-04-10 12:57:30,248 - utils.alert_system - INFO - Alert cleared
2026-04-10 12:57:30,317 - utils.alert_system - INFO - Alert cleared
2026-04-10 12:57:30,397 - utils.alert_system - INFO - Alert cleared
2026-04-10 12:57:30,475 - utils.alert_system - INFO - Alert cleared
2026-04-10 12:57:30,568 - utils.alert_system - INFO - Alert cleared
2026-04-10 12:57:30,651 - utils.alert_system - INFO - Alert cleared
2026-04-10 12:57:30,749 - utils.alert_system - INFO - Alert cleared
2026-04-10 12:57:30,832 - utils.alert_system - INFO - Alert cleared
2026-04-10 12:57:30,902 - utils.alert_system - INFO - Alert cleared
2026-04-10 12:57:30,968 - utils.alert_system - INFO - Alert cleared
2026-04-10 12:57:31,042 - utils.alert_system - INFO - Alert cleared
2026-04-10 12:57:31,129 - utils.alert_system - INFO - Alert cleared
2026-04-10 12:57:31,197 - utils.alert_system - INFO - Alert cleared
2026-04-10 12:57:31,287 - utils.alert_system - INFO - Alert cleared
2026-04-10 12:57:31,369 - utils.alert_system - INFO - Alert cleared
2026-04-10 12:57:31,432 - utils.alert_system - INFO - Alert cleared
2026-04-10 12:57:31,516 - utils.alert_system - INFO - Alert cleared
2026-04-10 12:57:31,584 - utils.alert_system - INFO - Alert cleared
2026-04-10 12:57:31,651 - utils.alert_system - INFO - Alert cleared
2026-04-10 12:57:31,733 - utils.alert_system - INFO - Alert cleared
2026-04-10 12:57:31,801 - utils.alert_system - INFO - Alert cleared
2026-04-10 12:57:31,883 - utils.alert_system - INFO - Alert cleared
2026-04-10 12:57:31,979 - utils.alert_system - INFO - Alert cleared
2026-04-10 12:57:32,070 - utils.alert_system - INFO - Alert cleared
2026-04-10 12:57:32,132 - utils.alert_system - INFO - Alert cleared
2026-04-10 12:57:32,200 - utils.alert_system - INFO - Alert cleared
2026-04-10 12:57:32,282 - utils.alert_system - INFO - Alert cleared
2026-04-10 12:57:32,366 - utils.alert_system - INFO - Alert cleared
2026-04-10 12:57:32,433 - utils.alert_system - INFO - Alert cleared
2026-04-10 12:57:32,516 - utils.alert_system - INFO - Alert cleared
2026-04-10 12:57:32,583 - utils.alert_system - INFO - Alert cleared
2026-04-10 12:57:32,649 - utils.alert_system - INFO - Alert cleared
2026-04-10 12:57:32,716 - utils.alert_system - INFO - Alert cleared
2026-04-10 12:57:32,783 - utils.alert_system - INFO - Alert cleared
2026-04-10 12:57:32,850 - utils.alert_system - INFO - Alert cleared
2026-04-10 12:57:32,916 - utils.alert_system - INFO - Alert cleared
2026-04-10 12:57:32,999 - utils.alert_system - INFO - Alert cleared
2026-04-10 12:57:33,067 - utils.alert_system - INFO - Alert cleared
2026-04-10 12:57:33,154 - utils.alert_system - INFO - Alert cleared
2026-04-10 12:57:33,304 - utils.alert_system - INFO - Alert cleared
2026-04-10 12:57:33,375 - utils.alert_system - INFO - Alert cleared
2026-04-10 12:57:33,489 - utils.alert_system - INFO - Alert cleared
2026-04-10 12:57:33,566 - utils.alert_system - INFO - Alert cleared
2026-04-10 12:57:33,628 - utils.alert_system - INFO - Alert cleared
2026-04-10 12:57:33,716 - utils.alert_system - INFO - Alert cleared
2026-04-10 12:57:33,778 - utils.alert_system - INFO - Alert cleared
2026-04-10 12:57:33,857 - utils.alert_system - INFO - Alert cleared
2026-04-10 12:57:33,948 - utils.alert_system - INFO - Alert cleared
2026-04-10 12:57:34,039 - utils.alert_system - INFO - Alert cleared
2026-04-10 12:57:34,108 - utils.alert_system - INFO - Alert cleared
2026-04-10 12:57:34,189 - utils.alert_system - INFO - Alert cleared
2026-04-10 12:57:34,257 - utils.alert_system - INFO - Alert cleared
2026-04-10 12:57:34,328 - utils.alert_system - INFO - Alert cleared
2026-04-10 12:57:34,397 - utils.alert_system - INFO - Alert cleared
2026-04-10 12:57:34,450 - utils.alert_system - INFO - Alert cleared
2026-04-10 12:57:34,547 - utils.alert_system - INFO - Alert cleared
2026-04-10 12:57:34,631 - utils.alert_system - INFO - Alert cleared
2026-04-10 12:57:34,716 - utils.alert_system - INFO - Alert cleared
2026-04-10 12:57:34,783 - utils.alert_system - INFO - Alert cleared
2026-04-10 12:57:34,866 - utils.alert_system - INFO - Alert cleared
2026-04-10 12:57:34,940 - utils.alert_system - INFO - Alert cleared
2026-04-10 12:57:35,016 - utils.alert_system - INFO - Alert cleared
2026-04-10 12:57:35,081 - utils.alert_system - INFO - Alert cleared
2026-04-10 12:57:35,178 - utils.alert_system - INFO - Alert cleared
2026-04-10 12:57:35,266 - utils.alert_system - INFO - Alert cleared
2026-04-10 12:57:35,331 - utils.alert_system - INFO - Alert cleared
2026-04-10 12:57:35,416 - utils.alert_system - INFO - Alert cleared
2026-04-10 12:57:35,477 - utils.alert_system - INFO - Alert cleared
2026-04-10 12:57:35,547 - utils.alert_system - INFO - Alert cleared
2026-04-10 12:57:35,608 - utils.alert_system - INFO - Alert cleared
2026-04-10 12:57:35,685 - utils.alert_system - INFO - Alert cleared
2026-04-10 12:57:35,775 - utils.alert_system - INFO - Alert cleared
2026-04-10 12:57:35,832 - utils.alert_system - INFO - Alert cleared
2026-04-10 12:57:35,928 - utils.alert_system - INFO - Alert cleared
2026-04-10 12:57:36,016 - utils.alert_system - INFO - Alert cleared
2026-04-10 12:57:36,073 - utils.alert_system - INFO - Alert cleared
2026-04-10 12:57:36,147 - utils.alert_system - INFO - Alert cleared
2026-04-10 12:57:36,205 - utils.alert_system - INFO - Alert cleared
2026-04-10 12:57:36,288 - utils.alert_system - INFO - Alert cleared
2026-04-10 12:57:36,379 - utils.alert_system - INFO - Alert cleared
2026-04-10 12:57:36,447 - utils.alert_system - INFO - Alert cleared
2026-04-10 12:57:36,527 - utils.alert_system - INFO - Alert cleared
2026-04-10 12:57:36,623 - utils.alert_system - INFO - Alert cleared
2026-04-10 12:57:36,690 - utils.alert_system - INFO - Alert cleared
2026-04-10 12:57:36,755 - utils.alert_system - INFO - Alert cleared
2026-04-10 12:57:36,828 - utils.alert_system - INFO - Alert cleared
2026-04-10 12:57:36,897 - utils.alert_system - INFO - Alert cleared
2026-04-10 12:57:36,977 - utils.alert_system - INFO - Alert cleared
2026-04-10 12:57:37,039 - utils.alert_system - INFO - Alert cleared
2026-04-10 12:57:37,105 - utils.alert_system - INFO - Alert cleared
2026-04-10 12:57:37,177 - utils.alert_system - INFO - Alert cleared
2026-04-10 12:57:37,247 - utils.alert_system - INFO - Alert cleared
2026-04-10 12:57:37,306 - utils.alert_system - INFO - Alert cleared
2026-04-10 12:57:37,378 - utils.alert_system - INFO - Alert cleared
2026-04-10 12:57:37,464 - utils.alert_system - INFO - Alert cleared
2026-04-10 12:57:37,531 - utils.alert_system - INFO - Alert cleared
2026-04-10 12:57:37,614 - utils.alert_system - INFO - Alert cleared
2026-04-10 12:57:37,702 - utils.alert_system - INFO - Alert cleared
2026-04-10 12:57:37,781 - utils.alert_system - INFO - Alert cleared
2026-04-10 12:57:37,866 - utils.alert_system - INFO - Alert cleared
2026-04-10 12:57:37,950 - utils.alert_system - INFO - Alert cleared
2026-04-10 12:57:38,028 - utils.alert_system - INFO - Alert cleared
2026-04-10 12:57:38,098 - utils.alert_system - INFO - Alert cleared
2026-04-10 12:57:38,180 - utils.alert_system - INFO - Alert cleared
2026-04-10 12:57:38,254 - utils.alert_system - INFO - Alert cleared
2026-04-10 12:57:38,337 - utils.alert_system - INFO - Alert cleared
2026-04-10 12:57:38,452 - utils.alert_system - INFO - Alert cleared
2026-04-10 12:57:38,553 - utils.alert_system - INFO - Alert cleared
2026-04-10 12:57:38,647 - utils.alert_system - INFO - Alert cleared
2026-04-10 12:57:38,750 - utils.alert_system - INFO - Alert cleared
2026-04-10 12:57:38,839 - utils.alert_system - INFO - Alert cleared
2026-04-10 12:57:38,917 - utils.alert_system - INFO - Alert cleared
2026-04-10 12:57:39,047 - utils.alert_system - INFO - Alert cleared
2026-04-10 12:57:39,113 - utils.alert_system - INFO - Alert cleared
2026-04-10 12:57:39,197 - utils.alert_system - INFO - Alert cleared
2026-04-10 12:57:39,266 - utils.alert_system - INFO - Alert cleared
2026-04-10 12:57:39,330 - utils.alert_system - INFO - Alert cleared
2026-04-10 12:57:39,416 - utils.alert_system - INFO - Alert cleared
2026-04-10 12:57:39,481 - utils.alert_system - INFO - Alert cleared
2026-04-10 12:57:39,547 - utils.alert_system - INFO - Alert cleared
2026-04-10 12:57:39,614 - utils.alert_system - INFO - Alert cleared
2026-04-10 12:57:39,680 - utils.alert_system - INFO - Alert cleared
2026-04-10 12:57:39,747 - utils.alert_system - INFO - Alert cleared
2026-04-10 12:57:39,828 - utils.alert_system - INFO - Alert cleared
2026-04-10 12:57:39,888 - utils.alert_system - INFO - Alert cleared
2026-04-10 12:57:39,980 - utils.alert_system - INFO - Alert cleared
2026-04-10 12:57:40,038 - utils.alert_system - INFO - Alert cleared
2026-04-10 12:57:40,104 - utils.alert_system - INFO - Alert cleared
2026-04-10 12:57:40,171 - utils.alert_system - INFO - Alert cleared
2026-04-10 12:57:40,270 - utils.alert_system - INFO - Alert cleared
2026-04-10 12:57:40,354 - utils.alert_system - INFO - Alert cleared
2026-04-10 12:57:40,422 - utils.alert_system - INFO - Alert cleared
2026-04-10 12:57:40,520 - utils.alert_system - INFO - Alert cleared
2026-04-10 12:57:40,612 - utils.alert_system - INFO - Alert cleared
2026-04-10 12:57:40,694 - utils.alert_system - INFO - Alert cleared
2026-04-10 12:57:40,768 - utils.alert_system - INFO - Alert cleared
2026-04-10 12:57:40,847 - utils.alert_system - INFO - Alert cleared
2026-04-10 12:57:40,927 - utils.alert_system - INFO - Alert cleared
2026-04-10 12:57:40,997 - utils.alert_system - INFO - Alert cleared
2026-04-10 12:57:41,071 - utils.alert_system - INFO - Alert cleared
2026-04-10 12:57:41,166 - utils.alert_system - INFO - Alert cleared
2026-04-10 12:57:41,266 - utils.alert_system - INFO - Alert cleared
2026-04-10 12:57:41,348 - utils.alert_system - INFO - Alert cleared
2026-04-10 12:57:41,416 - utils.alert_system - INFO - Alert cleared
2026-04-10 12:57:41,479 - utils.alert_system - INFO - Alert cleared
2026-04-10 12:57:41,555 - utils.alert_system - INFO - Alert cleared
2026-04-10 12:57:41,621 - utils.alert_system - INFO - Alert cleared
2026-04-10 12:57:41,697 - utils.alert_system - INFO - Alert cleared
2026-04-10 12:57:41,788 - utils.alert_system - INFO - Alert cleared
2026-04-10 12:57:41,854 - utils.alert_system - INFO - Alert cleared
2026-04-10 12:57:41,920 - utils.alert_system - INFO - Alert cleared
2026-04-10 12:57:41,988 - utils.alert_system - INFO - Alert cleared
2026-04-10 12:57:42,055 - utils.alert_system - INFO - Alert cleared
2026-04-10 12:57:42,141 - utils.alert_system - INFO - Alert cleared
2026-04-10 12:57:42,216 - utils.alert_system - INFO - Alert cleared
2026-04-10 12:57:42,279 - utils.alert_system - INFO - Alert cleared
2026-04-10 12:57:42,366 - utils.alert_system - INFO - Alert cleared
2026-04-10 12:57:42,474 - utils.alert_system - INFO - Alert cleared
2026-04-10 12:57:42,538 - utils.alert_system - INFO - Alert cleared
2026-04-10 12:57:42,613 - utils.alert_system - INFO - Alert cleared
2026-04-10 12:57:42,678 - utils.alert_system - INFO - Alert cleared
2026-04-10 12:57:42,769 - utils.alert_system - INFO - Alert cleared
2026-04-10 12:57:42,837 - utils.alert_system - INFO - Alert cleared
2026-04-10 12:57:42,903 - utils.alert_system - INFO - Alert cleared
2026-04-10 12:57:42,979 - utils.alert_system - INFO - Alert cleared
2026-04-10 12:57:43,036 - utils.alert_system - INFO - Alert cleared
2026-04-10 12:57:43,098 - utils.alert_system - INFO - Alert cleared
2026-04-10 12:57:43,186 - utils.alert_system - INFO - Alert cleared
2026-04-10 12:57:43,268 - utils.alert_system - INFO - Alert cleared
2026-04-10 12:57:43,337 - utils.alert_system - INFO - Alert cleared
2026-04-10 12:57:43,416 - utils.alert_system - INFO - Alert cleared
2026-04-10 12:57:43,493 - utils.alert_system - INFO - Alert cleared
2026-04-10 12:57:43,578 - utils.alert_system - INFO - Alert cleared
2026-04-10 12:57:43,653 - utils.alert_system - INFO - Alert cleared
2026-04-10 12:57:43,736 - utils.alert_system - INFO - Alert cleared
2026-04-10 12:57:43,803 - utils.alert_system - INFO - Alert cleared
2026-04-10 12:57:43,871 - utils.alert_system - INFO - Alert cleared
2026-04-10 12:57:43,955 - utils.alert_system - INFO - Alert cleared
2026-04-10 12:57:44,048 - utils.alert_system - INFO - Alert cleared
2026-04-10 12:57:44,135 - utils.alert_system - INFO - Alert cleared
2026-04-10 12:57:44,202 - utils.alert_system - INFO - Alert cleared
2026-04-10 12:57:44,303 - utils.alert_system - INFO - Alert cleared
2026-04-10 12:57:44,418 - utils.alert_system - INFO - Alert cleared
2026-04-10 12:57:44,486 - utils.alert_system - INFO - Alert cleared
2026-04-10 12:57:44,578 - utils.alert_system - INFO - Alert cleared
2026-04-10 12:57:44,637 - utils.alert_system - INFO - Alert cleared
2026-04-10 12:57:44,751 - utils.alert_system - INFO - Alert cleared
2026-04-10 12:57:44,820 - utils.alert_system - INFO - Alert cleared
2026-04-10 12:57:44,892 - utils.alert_system - INFO - Alert cleared
2026-04-10 12:57:44,952 - utils.alert_system - INFO - Alert cleared
2026-04-10 12:57:45,039 - utils.alert_system - INFO - Alert cleared
2026-04-10 12:57:45,120 - utils.alert_system - INFO - Alert cleared
2026-04-10 12:57:45,202 - utils.alert_system - INFO - Alert cleared
2026-04-10 12:57:45,285 - utils.alert_system - INFO - Alert cleared
2026-04-10 12:57:45,352 - utils.alert_system - INFO - Alert cleared
2026-04-10 12:57:45,458 - utils.alert_system - INFO - Alert cleared
2026-04-10 12:57:45,528 - utils.alert_system - INFO - Alert cleared
2026-04-10 12:57:45,597 - utils.alert_system - INFO - Alert cleared
2026-04-10 12:57:45,666 - utils.alert_system - INFO - Alert cleared
2026-04-10 12:57:45,752 - utils.alert_system - INFO - Alert cleared
2026-04-10 12:57:45,819 - utils.alert_system - INFO - Alert cleared
2026-04-10 12:57:45,894 - utils.alert_system - INFO - Alert cleared
2026-04-10 12:57:45,952 - utils.alert_system - INFO - Alert cleared
2026-04-10 12:57:46,034 - utils.alert_system - INFO - Alert cleared
2026-04-10 12:57:46,116 - utils.alert_system - INFO - Alert cleared
2026-04-10 12:57:46,185 - utils.alert_system - INFO - Alert cleared
2026-04-10 12:57:46,266 - utils.alert_system - INFO - Alert cleared
2026-04-10 12:57:46,328 - utils.alert_system - INFO - Alert cleared
2026-04-10 12:57:46,428 - utils.alert_system - INFO - Alert cleared
2026-04-10 12:57:46,494 - utils.alert_system - INFO - Alert cleared
2026-04-10 12:57:46,566 - utils.alert_system - INFO - Alert cleared
2026-04-10 12:57:46,647 - utils.alert_system - INFO - Alert cleared
2026-04-10 12:57:46,716 - utils.alert_system - INFO - Alert cleared
2026-04-10 12:57:46,796 - utils.alert_system - INFO - Alert cleared
2026-04-10 12:57:46,860 - utils.alert_system - INFO - Alert cleared
2026-04-10 12:57:46,943 - utils.alert_system - INFO - Alert cleared
2026-04-10 12:57:47,016 - utils.alert_system - INFO - Alert cleared
2026-04-10 12:57:47,099 - utils.alert_system - INFO - Alert cleared
2026-04-10 12:57:47,178 - utils.alert_system - INFO - Alert cleared
2026-04-10 12:57:47,259 - utils.alert_system - INFO - Alert cleared
2026-04-10 12:57:47,329 - utils.alert_system - INFO - Alert cleared
2026-04-10 12:57:47,399 - utils.alert_system - INFO - Alert cleared
2026-04-10 12:57:47,475 - utils.alert_system - INFO - Alert cleared
2026-04-10 12:57:47,547 - utils.alert_system - INFO - Alert cleared
2026-04-10 12:57:47,628 - utils.alert_system - INFO - Alert cleared
2026-04-10 12:57:47,702 - utils.alert_system - INFO - Alert cleared
2026-04-10 12:57:47,769 - utils.alert_system - INFO - Alert cleared
2026-04-10 12:57:47,834 - utils.alert_system - INFO - Alert cleared
2026-04-10 12:57:47,901 - utils.alert_system - INFO - Alert cleared
2026-04-10 12:57:47,968 - utils.alert_system - INFO - Alert cleared
2026-04-10 12:57:48,034 - utils.alert_system - INFO - Alert cleared
2026-04-10 12:57:48,101 - utils.alert_system - INFO - Alert cleared
2026-04-10 12:57:48,189 - utils.alert_system - INFO - Alert cleared
2026-04-10 12:57:48,266 - utils.alert_system - INFO - Alert cleared
2026-04-10 12:57:48,327 - utils.alert_system - INFO - Alert cleared
2026-04-10 12:57:48,453 - utils.alert_system - INFO - Alert cleared
2026-04-10 12:57:48,517 - utils.alert_system - INFO - Alert cleared
2026-04-10 12:57:48,600 - utils.alert_system - INFO - Alert cleared
2026-04-10 12:57:48,678 - utils.alert_system - INFO - Alert cleared
2026-04-10 12:57:48,751 - utils.alert_system - INFO - Alert cleared
2026-04-10 12:57:48,825 - utils.alert_system - INFO - Alert cleared
2026-04-10 12:57:48,900 - utils.alert_system - INFO - Alert cleared
2026-04-10 12:57:48,991 - utils.alert_system - INFO - Alert cleared
2026-04-10 12:57:49,090 - utils.alert_system - INFO - Alert cleared
2026-04-10 12:57:49,178 - utils.alert_system - INFO - Alert cleared
2026-04-10 12:57:49,243 - utils.alert_system - INFO - Alert cleared
2026-04-10 12:57:49,316 - utils.alert_system - INFO - Alert cleared
2026-04-10 12:57:49,366 - utils.alert_system - INFO - Alert cleared
2026-04-10 12:57:49,442 - utils.alert_system - INFO - Alert cleared
2026-04-10 12:57:49,516 - utils.alert_system - INFO - Alert cleared
2026-04-10 12:57:49,578 - utils.alert_system - INFO - Alert cleared
2026-04-10 12:57:49,645 - utils.alert_system - INFO - Alert cleared
2026-04-10 12:57:49,728 - utils.alert_system - INFO - Alert cleared
2026-04-10 12:57:49,807 - utils.alert_system - INFO - Alert cleared
2026-04-10 12:57:49,866 - utils.alert_system - INFO - Alert cleared
2026-04-10 12:57:49,942 - utils.alert_system - INFO - Alert cleared
2026-04-10 12:57:50,034 - utils.alert_system - INFO - Alert cleared
2026-04-10 12:57:50,132 - utils.alert_system - INFO - Alert cleared
2026-04-10 12:57:50,217 - utils.alert_system - INFO - Alert cleared
2026-04-10 12:57:50,308 - utils.alert_system - INFO - Alert cleared
2026-04-10 12:57:50,390 - utils.alert_system - INFO - Alert cleared
2026-04-10 12:57:50,478 - utils.alert_system - INFO - Alert cleared
2026-04-10 12:57:50,547 - utils.alert_system - INFO - Alert cleared
2026-04-10 12:57:50,641 - utils.alert_system - INFO - Alert cleared
2026-04-10 12:57:50,728 - utils.alert_system - INFO - Alert cleared
2026-04-10 12:57:50,816 - utils.alert_system - INFO - Alert cleared
2026-04-10 12:57:50,877 - utils.alert_system - INFO - Alert cleared
2026-04-10 12:57:50,947 - utils.alert_system - INFO - Alert cleared
2026-04-10 12:57:51,028 - utils.alert_system - INFO - Alert cleared
2026-04-10 12:57:51,125 - utils.alert_system - INFO - Alert cleared
2026-04-10 12:57:51,216 - utils.alert_system - INFO - Alert cleared
2026-04-10 12:57:51,278 - utils.alert_system - INFO - Alert cleared
2026-04-10 12:57:51,366 - utils.alert_system - INFO - Alert cleared
2026-04-10 12:57:51,466 - utils.alert_system - INFO - Alert cleared
2026-04-10 12:57:51,528 - utils.alert_system - INFO - Alert cleared
2026-04-10 12:57:51,608 - utils.alert_system - INFO - Alert cleared
2026-04-10 12:57:51,698 - utils.alert_system - INFO - Alert cleared
2026-04-10 12:57:51,789 - utils.alert_system - INFO - Alert cleared
2026-04-10 12:57:51,879 - utils.alert_system - INFO - Alert cleared
2026-04-10 12:57:51,947 - utils.alert_system - INFO - Alert cleared
2026-04-10 12:57:52,049 - utils.alert_system - INFO - Alert cleared
2026-04-10 12:57:52,139 - utils.alert_system - INFO - Alert cleared
2026-04-10 12:57:52,208 - utils.alert_system - INFO - Alert cleared
2026-04-10 12:57:52,275 - utils.alert_system - INFO - Alert cleared
2026-04-10 12:57:52,347 - utils.alert_system - INFO - Alert cleared
2026-04-10 12:57:52,448 - utils.alert_system - INFO - Alert cleared
2026-04-10 12:57:52,508 - utils.alert_system - INFO - Alert cleared
2026-04-10 12:57:52,578 - utils.alert_system - INFO - Alert cleared
2026-04-10 12:57:52,666 - utils.alert_system - INFO - Alert cleared
2026-04-10 12:57:52,733 - utils.alert_system - INFO - Alert cleared
2026-04-10 12:57:52,832 - utils.alert_system - INFO - Alert cleared
2026-04-10 12:57:52,916 - utils.alert_system - INFO - Alert cleared
2026-04-10 12:57:52,980 - utils.alert_system - INFO - Alert cleared
2026-04-10 12:57:53,066 - utils.alert_system - INFO - Alert cleared
2026-04-10 12:57:53,128 - utils.alert_system - INFO - Alert cleared
2026-04-10 12:57:53,197 - utils.alert_system - INFO - Alert cleared
2026-04-10 12:57:53,277 - utils.alert_system - INFO - Alert cleared
2026-04-10 12:57:53,356 - utils.alert_system - INFO - Alert cleared
2026-04-10 12:57:53,447 - utils.alert_system - INFO - Alert cleared
2026-04-10 12:57:53,540 - utils.alert_system - INFO - Alert cleared
2026-04-10 12:57:53,607 - utils.alert_system - INFO - Alert cleared
2026-04-10 12:57:53,691 - utils.alert_system - INFO - Alert cleared
2026-04-10 12:57:53,750 - utils.alert_system - INFO - Alert cleared
2026-04-10 12:57:53,816 - utils.alert_system - INFO - Alert cleared
2026-04-10 12:57:53,907 - utils.alert_system - INFO - Alert cleared
2026-04-10 12:57:54,030 - utils.alert_system - INFO - Alert cleared
2026-04-10 12:57:54,099 - utils.alert_system - INFO - Alert cleared
2026-04-10 12:57:54,181 - utils.alert_system - INFO - Alert cleared
2026-04-10 12:57:54,249 - utils.alert_system - INFO - Alert cleared
2026-04-10 12:57:54,314 - utils.alert_system - INFO - Alert cleared
2026-04-10 12:57:54,416 - utils.alert_system - INFO - Alert cleared
2026-04-10 12:57:54,499 - utils.alert_system - INFO - Alert cleared
2026-04-10 12:57:54,582 - utils.alert_system - INFO - Alert cleared
2026-04-10 12:57:54,680 - utils.alert_system - INFO - Alert cleared
2026-04-10 12:57:54,750 - utils.alert_system - INFO - Alert cleared
2026-04-10 12:57:54,816 - utils.alert_system - INFO - Alert cleared
2026-04-10 12:57:54,916 - utils.alert_system - INFO - Alert cleared
2026-04-10 12:57:54,998 - utils.alert_system - INFO - Alert cleared
2026-04-10 12:57:55,078 - utils.alert_system - INFO - Alert cleared
2026-04-10 12:57:55,171 - utils.alert_system - INFO - Alert cleared
2026-04-10 12:57:55,271 - utils.alert_system - INFO - Alert cleared
2026-04-10 12:57:55,356 - utils.alert_system - INFO - Alert cleared
2026-04-10 12:57:55,439 - utils.alert_system - INFO - Alert cleared
2026-04-10 12:57:55,530 - utils.alert_system - INFO - Alert cleared
2026-04-10 12:57:55,616 - utils.alert_system - INFO - Alert cleared
2026-04-10 12:57:55,710 - utils.alert_system - INFO - Alert cleared
2026-04-10 12:57:55,766 - utils.alert_system - INFO - Alert cleared
2026-04-10 12:57:55,831 - utils.alert_system - INFO - Alert cleared
2026-04-10 12:57:55,906 - utils.alert_system - INFO - Alert cleared
2026-04-10 12:57:55,983 - utils.alert_system - INFO - Alert cleared
2026-04-10 12:57:56,066 - utils.alert_system - INFO - Alert cleared
2026-04-10 12:57:56,131 - utils.alert_system - INFO - Alert cleared
2026-04-10 12:57:56,228 - utils.alert_system - INFO - Alert cleared
2026-04-10 12:57:56,290 - utils.alert_system - INFO - Alert cleared
2026-04-10 12:57:56,355 - utils.alert_system - INFO - Alert cleared
2026-04-10 12:57:56,428 - utils.alert_system - INFO - Alert cleared
2026-04-10 12:57:56,511 - utils.alert_system - INFO - Alert cleared
2026-04-10 12:57:56,588 - utils.alert_system - INFO - Alert cleared
2026-04-10 12:57:56,655 - utils.alert_system - INFO - Alert cleared
2026-04-10 12:57:56,748 - utils.alert_system - INFO - Alert cleared
2026-04-10 12:57:56,848 - utils.alert_system - INFO - Alert cleared
2026-04-10 12:57:56,948 - utils.alert_system - INFO - Alert cleared
2026-04-10 12:57:57,016 - utils.alert_system - INFO - Alert cleared
2026-04-10 12:57:57,097 - utils.alert_system - INFO - Alert cleared
2026-04-10 12:57:57,155 - utils.alert_system - INFO - Alert cleared
2026-04-10 12:57:57,228 - utils.alert_system - INFO - Alert cleared
2026-04-10 12:57:57,305 - utils.alert_system - INFO - Alert cleared
2026-04-10 12:57:57,381 - utils.alert_system - INFO - Alert cleared
2026-04-10 12:57:57,447 - utils.alert_system - INFO - Alert cleared
2026-04-10 12:57:57,529 - utils.alert_system - INFO - Alert cleared
2026-04-10 12:57:57,616 - utils.alert_system - INFO - Alert cleared
2026-04-10 12:57:57,717 - utils.alert_system - INFO - Alert cleared
2026-04-10 12:57:57,781 - utils.alert_system - INFO - Alert cleared
2026-04-10 12:57:57,847 - utils.alert_system - INFO - Alert cleared
2026-04-10 12:57:57,929 - utils.alert_system - INFO - Alert cleared
2026-04-10 12:57:57,998 - utils.alert_system - INFO - Alert cleared
2026-04-10 12:57:58,087 - utils.alert_system - INFO - Alert cleared
2026-04-10 12:57:58,147 - utils.alert_system - INFO - Alert cleared
2026-04-10 12:57:58,222 - utils.alert_system - INFO - Alert cleared
2026-04-10 12:57:58,289 - utils.alert_system - INFO - Alert cleared
2026-04-10 12:57:58,357 - utils.alert_system - INFO - Alert cleared
2026-04-10 12:57:58,421 - utils.alert_system - INFO - Alert cleared
2026-04-10 12:57:58,516 - utils.alert_system - INFO - Alert cleared
2026-04-10 12:57:58,595 - utils.alert_system - INFO - Alert cleared
2026-04-10 12:57:58,687 - utils.alert_system - INFO - Alert cleared
2026-04-10 12:57:58,778 - utils.alert_system - INFO - Alert cleared
2026-04-10 12:57:58,848 - utils.alert_system - INFO - Alert cleared
2026-04-10 12:57:58,922 - utils.alert_system - INFO - Alert cleared
2026-04-10 12:57:58,988 - utils.alert_system - INFO - Alert cleared
2026-04-10 12:57:59,071 - utils.alert_system - INFO - Alert cleared
2026-04-10 12:57:59,142 - utils.alert_system - INFO - Alert cleared
2026-04-10 12:57:59,237 - utils.alert_system - INFO - Alert cleared
2026-04-10 12:57:59,314 - utils.alert_system - INFO - Alert cleared
2026-04-10 12:57:59,387 - utils.alert_system - INFO - Alert cleared
2026-04-10 12:57:59,454 - utils.alert_system - INFO - Alert cleared
2026-04-10 12:57:59,537 - utils.alert_system - INFO - Alert cleared
2026-04-10 12:57:59,605 - utils.alert_system - INFO - Alert cleared
2026-04-10 12:57:59,678 - utils.alert_system - INFO - Alert cleared
2026-04-10 12:57:59,747 - utils.alert_system - INFO - Alert cleared
2026-04-10 12:57:59,814 - utils.alert_system - INFO - Alert cleared
2026-04-10 12:57:59,881 - utils.alert_system - INFO - Alert cleared
2026-04-10 12:57:59,947 - utils.alert_system - INFO - Alert cleared
2026-04-10 12:58:00,037 - utils.alert_system - INFO - Alert cleared
2026-04-10 12:58:00,120 - utils.alert_system - INFO - Alert cleared
2026-04-10 12:58:00,203 - utils.alert_system - INFO - Alert cleared
2026-04-10 12:58:00,271 - utils.alert_system - INFO - Alert cleared
2026-04-10 12:58:00,366 - utils.alert_system - INFO - Alert cleared
2026-04-10 12:58:00,430 - utils.alert_system - INFO - Alert cleared
2026-04-10 12:58:00,497 - utils.alert_system - INFO - Alert cleared
2026-04-10 12:58:00,582 - utils.alert_system - INFO - Alert cleared
2026-04-10 12:58:00,666 - utils.alert_system - INFO - Alert cleared
2026-04-10 12:58:00,728 - utils.alert_system - INFO - Alert cleared
2026-04-10 12:58:00,797 - utils.alert_system - INFO - Alert cleared
2026-04-10 12:58:00,866 - utils.alert_system - INFO - Alert cleared
2026-04-10 12:58:00,948 - utils.alert_system - INFO - Alert cleared
2026-04-10 12:58:01,030 - utils.alert_system - INFO - Alert cleared
2026-04-10 12:58:01,097 - utils.alert_system - INFO - Alert cleared
2026-04-10 12:58:01,202 - utils.alert_system - INFO - Alert cleared
2026-04-10 12:58:01,287 - utils.alert_system - INFO - Alert cleared
2026-04-10 12:58:01,379 - utils.alert_system - INFO - Alert cleared
2026-04-10 12:58:01,469 - utils.alert_system - INFO - Alert cleared
2026-04-10 12:58:01,552 - utils.alert_system - INFO - Alert cleared
2026-04-10 12:58:01,636 - utils.alert_system - INFO - Alert cleared
2026-04-10 12:58:01,720 - utils.alert_system - INFO - Alert cleared
2026-04-10 12:58:01,797 - utils.alert_system - INFO - Alert cleared
2026-04-10 12:58:01,876 - utils.alert_system - INFO - Alert cleared
2026-04-10 12:58:01,968 - utils.alert_system - INFO - Alert cleared
2026-04-10 12:58:02,052 - utils.alert_system - INFO - Alert cleared
2026-04-10 12:58:02,121 - utils.alert_system - INFO - Alert cleared
2026-04-10 12:58:02,197 - utils.alert_system - INFO - Alert cleared
2026-04-10 12:58:02,285 - utils.alert_system - INFO - Alert cleared
2026-04-10 12:58:02,369 - utils.alert_system - INFO - Alert cleared
2026-04-10 12:58:02,447 - utils.alert_system - INFO - Alert cleared
2026-04-10 12:58:02,519 - utils.alert_system - INFO - Alert cleared
2026-04-10 12:58:02,602 - utils.alert_system - INFO - Alert cleared
2026-04-10 12:58:02,700 - utils.alert_system - INFO - Alert cleared
2026-04-10 12:58:02,787 - utils.alert_system - INFO - Alert cleared
2026-04-10 12:58:02,883 - utils.alert_system - INFO - Alert cleared
2026-04-10 12:58:02,984 - utils.alert_system - INFO - Alert cleared
2026-04-10 12:58:03,078 - utils.alert_system - INFO - Alert cleared
2026-04-10 12:58:03,147 - utils.alert_system - INFO - Alert cleared
2026-04-10 12:58:03,236 - utils.alert_system - INFO - Alert cleared
2026-04-10 12:58:03,338 - utils.alert_system - INFO - Alert cleared
2026-04-10 12:58:03,397 - utils.alert_system - INFO - Alert cleared
2026-04-10 12:58:03,466 - utils.alert_system - INFO - Alert cleared
2026-04-10 12:58:03,528 - utils.alert_system - INFO - Alert cleared
2026-04-10 12:58:03,597 - utils.alert_system - WARNING - Alert: WARNING | Distance: 16.2m | TTC: 1.9s
2026-04-10 12:58:04,118 - utils.alert_system - INFO - Alert cleared
2026-04-10 12:58:04,185 - utils.alert_system - INFO - Alert cleared
2026-04-10 12:58:04,411 - utils.alert_system - WARNING - Alert: DANGER | Distance: 14.9m | TTC: 1.8s
2026-04-10 12:58:04,492 - utils.alert_system - WARNING - Alert: DANGER | Distance: 14.6m | TTC: 1.8s
2026-04-10 12:58:04,640 - utils.alert_system - INFO - Alert cleared
2026-04-10 12:58:04,728 - utils.alert_system - WARNING - Alert: DANGER | Distance: 5.4m | TTC: 0.6s
2026-04-10 12:58:04,836 - utils.alert_system - INFO - Alert cleared
2026-04-10 12:58:04,928 - utils.alert_system - INFO - Alert cleared
2026-04-10 12:58:05,016 - utils.alert_system - INFO - Alert cleared
2026-04-10 12:58:05,078 - utils.alert_system - INFO - Alert cleared
2026-04-10 12:58:05,159 - utils.alert_system - INFO - Alert cleared
2026-04-10 12:58:05,247 - utils.alert_system - INFO - Alert cleared
2026-04-10 12:58:05,316 - utils.alert_system - INFO - Alert cleared
2026-04-10 12:58:05,397 - utils.alert_system - WARNING - Alert: DANGER | Distance: 13.3m | TTC: 1.6s
2026-04-10 12:58:05,460 - utils.alert_system - WARNING - Alert: DANGER | Distance: 12.2m | TTC: 1.5s
2026-04-10 12:58:05,866 - utils.alert_system - WARNING - Alert: DANGER | Distance: 10.9m | TTC: 1.3s
2026-04-10 12:58:05,947 - utils.alert_system - WARNING - Alert: DANGER | Distance: 9.8m | TTC: 1.2s
2026-04-10 12:58:06,052 - utils.alert_system - INFO - Alert cleared
2026-04-10 12:58:06,137 - utils.alert_system - WARNING - Alert: DANGER | Distance: 8.6m | TTC: 1.0s
2026-04-10 12:58:06,216 - utils.alert_system - WARNING - Alert: DANGER | Distance: 8.2m | TTC: 1.0s
2026-04-10 12:58:06,356 - utils.alert_system - INFO - Alert cleared
2026-04-10 12:58:06,428 - utils.alert_system - WARNING - Alert: DANGER | Distance: 7.8m | TTC: 0.9s
2026-04-10 12:58:06,533 - utils.alert_system - INFO - Alert cleared
2026-04-10 12:58:06,625 - utils.alert_system - WARNING - Alert: DANGER | Distance: 7.6m | TTC: 0.9s
2026-04-10 12:58:06,732 - utils.alert_system - INFO - Alert cleared
2026-04-10 12:58:06,797 - utils.alert_system - INFO - Alert cleared
2026-04-10 12:58:06,877 - utils.alert_system - INFO - Alert cleared
2026-04-10 12:58:06,982 - utils.alert_system - INFO - Alert cleared
2026-04-10 12:58:07,051 - utils.alert_system - INFO - Alert cleared
2026-04-10 12:58:07,119 - utils.alert_system - INFO - Alert cleared
2026-04-10 12:58:07,202 - utils.alert_system - INFO - Alert cleared
2026-04-10 12:58:07,283 - utils.alert_system - INFO - Alert cleared
2026-04-10 12:58:07,383 - utils.alert_system - INFO - Alert cleared
2026-04-10 12:58:07,482 - utils.alert_system - INFO - Alert cleared
2026-04-10 12:58:07,580 - utils.alert_system - INFO - Alert cleared
2026-04-10 12:58:07,652 - utils.alert_system - INFO - Alert cleared
2026-04-10 12:58:07,734 - utils.alert_system - INFO - Alert cleared
2026-04-10 12:58:07,801 - utils.alert_system - INFO - Alert cleared
2026-04-10 12:58:07,878 - utils.alert_system - INFO - Alert cleared
2026-04-10 12:58:07,960 - utils.alert_system - INFO - Alert cleared
2026-04-10 12:58:08,048 - utils.alert_system - INFO - Alert cleared
2026-04-10 12:58:08,128 - utils.alert_system - INFO - Alert cleared
2026-04-10 12:58:08,216 - utils.alert_system - INFO - Alert cleared
2026-04-10 12:58:08,308 - utils.alert_system - INFO - Alert cleared
2026-04-10 12:58:08,378 - utils.alert_system - INFO - Alert cleared
2026-04-10 12:58:08,478 - utils.alert_system - INFO - Alert cleared
2026-04-10 12:58:08,547 - utils.alert_system - INFO - Alert cleared
2026-04-10 12:58:08,616 - utils.alert_system - INFO - Alert cleared
2026-04-10 12:58:08,697 - utils.alert_system - INFO - Alert cleared
2026-04-10 12:58:08,766 - utils.alert_system - INFO - Alert cleared
2026-04-10 12:58:08,868 - utils.alert_system - INFO - Alert cleared
2026-04-10 12:58:08,950 - utils.alert_system - INFO - Alert cleared
2026-04-10 12:58:09,032 - utils.alert_system - INFO - Alert cleared
2026-04-10 12:58:09,101 - utils.alert_system - INFO - Alert cleared
2026-04-10 12:58:09,168 - utils.alert_system - INFO - Alert cleared
2026-04-10 12:58:09,266 - utils.alert_system - INFO - Alert cleared
2026-04-10 12:58:09,340 - utils.alert_system - INFO - Alert cleared
2026-04-10 12:58:09,417 - utils.alert_system - INFO - Alert cleared
2026-04-10 12:58:09,517 - utils.alert_system - INFO - Alert cleared
2026-04-10 12:58:09,607 - utils.alert_system - INFO - Alert cleared
2026-04-10 12:58:09,677 - utils.alert_system - INFO - Alert cleared
2026-04-10 12:58:09,751 - utils.alert_system - INFO - Alert cleared
2026-04-10 12:58:09,817 - utils.alert_system - INFO - Alert cleared
2026-04-10 12:58:09,902 - utils.alert_system - INFO - Alert cleared
2026-04-10 12:58:09,966 - utils.alert_system - INFO - Alert cleared
2026-04-10 12:58:10,049 - utils.alert_system - INFO - Alert cleared
2026-04-10 12:58:10,157 - utils.alert_system - INFO - Alert cleared
2026-04-10 12:58:10,241 - utils.alert_system - INFO - Alert cleared
2026-04-10 12:58:10,332 - utils.alert_system - INFO - Alert cleared
2026-04-10 12:58:10,416 - utils.alert_system - INFO - Alert cleared
2026-04-10 12:58:10,499 - utils.alert_system - INFO - Alert cleared
2026-04-10 12:58:10,568 - utils.alert_system - INFO - Alert cleared
2026-04-10 12:58:10,654 - utils.alert_system - INFO - Alert cleared
2026-04-10 12:58:10,734 - utils.alert_system - INFO - Alert cleared
2026-04-10 12:58:10,828 - utils.alert_system - INFO - Alert cleared
2026-04-10 12:58:10,918 - utils.alert_system - INFO - Alert cleared
2026-04-10 12:58:11,016 - utils.alert_system - INFO - Alert cleared
2026-04-10 12:58:11,084 - utils.alert_system - INFO - Alert cleared
2026-04-10 12:58:11,166 - utils.alert_system - INFO - Alert cleared
2026-04-10 12:58:11,233 - utils.alert_system - INFO - Alert cleared
2026-04-10 12:58:11,308 - utils.alert_system - INFO - Alert cleared
2026-04-10 12:58:11,398 - utils.alert_system - INFO - Alert cleared
2026-04-10 12:58:11,483 - utils.alert_system - INFO - Alert cleared
2026-04-10 12:58:11,558 - utils.alert_system - INFO - Alert cleared
2026-04-10 12:58:11,640 - utils.alert_system - INFO - Alert cleared
2026-04-10 12:58:11,707 - utils.alert_system - INFO - Alert cleared
2026-04-10 12:58:11,778 - utils.alert_system - INFO - Alert cleared
2026-04-10 12:58:11,842 - utils.alert_system - INFO - Alert cleared
2026-04-10 12:58:11,917 - utils.alert_system - INFO - Alert cleared
2026-04-10 12:58:12,000 - utils.alert_system - INFO - Alert cleared
2026-04-10 12:58:12,082 - utils.alert_system - INFO - Alert cleared
2026-04-10 12:58:12,150 - utils.alert_system - INFO - Alert cleared
2026-04-10 12:58:12,240 - utils.alert_system - INFO - Alert cleared
2026-04-10 12:58:12,328 - utils.alert_system - INFO - Alert cleared
2026-04-10 12:58:12,427 - utils.alert_system - INFO - Alert cleared
2026-04-10 12:58:12,500 - utils.alert_system - INFO - Alert cleared
2026-04-10 12:58:12,582 - utils.alert_system - INFO - Alert cleared
2026-04-10 12:58:12,648 - utils.alert_system - INFO - Alert cleared
2026-04-10 12:58:12,732 - utils.alert_system - INFO - Alert cleared
2026-04-10 12:58:12,808 - utils.alert_system - INFO - Alert cleared
2026-04-10 12:58:12,890 - utils.alert_system - INFO - Alert cleared
2026-04-10 12:58:12,978 - utils.alert_system - INFO - Alert cleared
2026-04-10 12:58:13,066 - utils.alert_system - INFO - Alert cleared
2026-04-10 12:58:13,155 - utils.alert_system - INFO - Alert cleared
2026-04-10 12:58:13,248 - utils.alert_system - INFO - Alert cleared
2026-04-10 12:58:13,308 - utils.alert_system - INFO - Alert cleared
2026-04-10 12:58:13,401 - utils.alert_system - INFO - Alert cleared
2026-04-10 12:58:13,498 - utils.alert_system - INFO - Alert cleared
2026-04-10 12:58:13,598 - utils.alert_system - INFO - Alert cleared
2026-04-10 12:58:13,690 - utils.alert_system - INFO - Alert cleared
2026-04-10 12:58:13,757 - utils.alert_system - INFO - Alert cleared
2026-04-10 12:58:13,832 - utils.alert_system - INFO - Alert cleared
2026-04-10 12:58:13,892 - utils.alert_system - INFO - Alert cleared
2026-04-10 12:58:13,981 - utils.alert_system - INFO - Alert cleared
2026-04-10 12:58:14,080 - utils.alert_system - INFO - Alert cleared
2026-04-10 12:58:14,149 - utils.alert_system - INFO - Alert cleared
2026-04-10 12:58:14,233 - utils.alert_system - INFO - Alert cleared
2026-04-10 12:58:14,338 - utils.alert_system - INFO - Alert cleared
2026-04-10 12:58:14,416 - utils.alert_system - INFO - Alert cleared
2026-04-10 12:58:14,491 - utils.alert_system - INFO - Alert cleared
2026-04-10 12:58:14,566 - utils.alert_system - INFO - Alert cleared
2026-04-10 12:58:14,655 - utils.alert_system - INFO - Alert cleared
2026-04-10 12:58:14,716 - utils.alert_system - INFO - Alert cleared
2026-04-10 12:58:14,782 - utils.alert_system - INFO - Alert cleared
2026-04-10 12:58:14,847 - utils.alert_system - INFO - Alert cleared
2026-04-10 12:58:14,916 - utils.alert_system - INFO - Alert cleared
2026-04-10 12:58:14,983 - utils.alert_system - INFO - Alert cleared
2026-04-10 12:58:15,069 - utils.alert_system - INFO - Alert cleared
2026-04-10 12:58:15,149 - utils.alert_system - INFO - Alert cleared
2026-04-10 12:58:15,224 - utils.alert_system - INFO - Alert cleared
2026-04-10 12:58:15,306 - utils.alert_system - INFO - Alert cleared
2026-04-10 12:58:15,397 - utils.alert_system - INFO - Alert cleared
2026-04-10 12:58:15,489 - utils.alert_system - INFO - Alert cleared
2026-04-10 12:58:15,556 - utils.alert_system - INFO - Alert cleared
2026-04-10 12:58:15,639 - utils.alert_system - INFO - Alert cleared
2026-04-10 12:58:15,745 - utils.alert_system - INFO - Alert cleared
2026-04-10 12:58:15,816 - utils.alert_system - INFO - Alert cleared
2026-04-10 12:58:15,899 - utils.alert_system - INFO - Alert cleared
2026-04-10 12:58:15,966 - utils.alert_system - INFO - Alert cleared
2026-04-10 12:58:16,027 - utils.alert_system - INFO - Alert cleared
2026-04-10 12:58:16,109 - utils.alert_system - INFO - Alert cleared
2026-04-10 12:58:16,178 - utils.alert_system - INFO - Alert cleared
2026-04-10 12:58:16,249 - utils.alert_system - INFO - Alert cleared
2026-04-10 12:58:16,366 - utils.alert_system - INFO - Alert cleared
2026-04-10 12:58:16,448 - utils.alert_system - INFO - Alert cleared
2026-04-10 12:58:16,516 - utils.alert_system - INFO - Alert cleared
2026-04-10 12:58:16,598 - utils.alert_system - INFO - Alert cleared
2026-04-10 12:58:16,666 - utils.alert_system - INFO - Alert cleared
2026-04-10 12:58:16,730 - utils.alert_system - INFO - Alert cleared
2026-04-10 12:58:16,798 - utils.alert_system - INFO - Alert cleared
2026-04-10 12:58:16,882 - utils.alert_system - INFO - Alert cleared
2026-04-10 12:58:16,936 - utils.alert_system - INFO - Alert cleared
2026-04-10 12:58:17,048 - utils.alert_system - INFO - Alert cleared
2026-04-10 12:58:17,136 - utils.alert_system - INFO - Alert cleared
2026-04-10 12:58:17,236 - utils.alert_system - INFO - Alert cleared
2026-04-10 12:58:17,337 - utils.alert_system - INFO - Alert cleared
2026-04-10 12:58:17,406 - utils.alert_system - INFO - Alert cleared
2026-04-10 12:58:17,478 - utils.alert_system - INFO - Alert cleared
2026-04-10 12:58:17,555 - utils.alert_system - INFO - Alert cleared
2026-04-10 12:58:17,637 - utils.alert_system - INFO - Alert cleared
2026-04-10 12:58:17,706 - utils.alert_system - INFO - Alert cleared
2026-04-10 12:58:17,772 - utils.alert_system - INFO - Alert cleared
2026-04-10 12:58:17,840 - utils.alert_system - INFO - Alert cleared
2026-04-10 12:58:17,916 - utils.alert_system - INFO - Alert cleared
2026-04-10 12:58:17,991 - utils.alert_system - INFO - Alert cleared
2026-04-10 12:58:18,055 - utils.alert_system - INFO - Alert cleared
2026-04-10 12:58:18,128 - utils.alert_system - INFO - Alert cleared
2026-04-10 12:58:18,189 - utils.alert_system - INFO - Alert cleared
2026-04-10 12:58:18,256 - utils.alert_system - INFO - Alert cleared
2026-04-10 12:58:18,321 - utils.alert_system - INFO - Alert cleared
2026-04-10 12:58:18,397 - utils.alert_system - INFO - Alert cleared
2026-04-10 12:58:18,472 - utils.alert_system - INFO - Alert cleared
2026-04-10 12:58:18,578 - utils.alert_system - INFO - Alert cleared
2026-04-10 12:58:18,666 - utils.alert_system - INFO - Alert cleared
2026-04-10 12:58:18,738 - utils.alert_system - INFO - Alert cleared
2026-04-10 12:58:18,797 - utils.alert_system - INFO - Alert cleared
2026-04-10 12:58:18,879 - utils.alert_system - INFO - Alert cleared
2026-04-10 12:58:18,966 - utils.alert_system - INFO - Alert cleared
2026-04-10 12:58:19,039 - utils.alert_system - INFO - Alert cleared
2026-04-10 12:58:19,139 - utils.alert_system - INFO - Alert cleared
2026-04-10 12:58:19,244 - utils.alert_system - INFO - Alert cleared
2026-04-10 12:58:19,314 - utils.alert_system - INFO - Alert cleared
2026-04-10 12:58:19,428 - utils.alert_system - INFO - Alert cleared
2026-04-10 12:58:19,505 - utils.alert_system - INFO - Alert cleared
2026-04-10 12:58:19,586 - utils.alert_system - INFO - Alert cleared
2026-04-10 12:58:19,655 - utils.alert_system - INFO - Alert cleared
2026-04-10 12:58:19,761 - utils.alert_system - INFO - Alert cleared
2026-04-10 12:58:19,829 - utils.alert_system - INFO - Alert cleared
2026-04-10 12:58:19,896 - utils.alert_system - INFO - Alert cleared
2026-04-10 12:58:19,997 - utils.alert_system - INFO - Alert cleared
2026-04-10 12:58:20,066 - utils.alert_system - INFO - Alert cleared
2026-04-10 12:58:20,130 - utils.alert_system - INFO - Alert cleared
2026-04-10 12:58:20,197 - utils.alert_system - INFO - Alert cleared
2026-04-10 12:58:20,266 - utils.alert_system - INFO - Alert cleared
2026-04-10 12:58:20,328 - utils.alert_system - INFO - Alert cleared
2026-04-10 12:58:20,428 - utils.alert_system - INFO - Alert cleared
2026-04-10 12:58:20,518 - utils.alert_system - INFO - Alert cleared
2026-04-10 12:58:20,597 - utils.alert_system - INFO - Alert cleared
2026-04-10 12:58:20,654 - utils.alert_system - INFO - Alert cleared
2026-04-10 12:58:20,752 - utils.alert_system - INFO - Alert cleared
2026-04-10 12:58:20,816 - utils.alert_system - INFO - Alert cleared
2026-04-10 12:58:20,888 - utils.alert_system - INFO - Alert cleared
2026-04-10 12:58:20,997 - utils.alert_system - INFO - Alert cleared
2026-04-10 12:58:21,063 - utils.alert_system - INFO - Alert cleared
2026-04-10 12:58:21,169 - utils.alert_system - INFO - Alert cleared
2026-04-10 12:58:21,269 - utils.alert_system - INFO - Alert cleared
2026-04-10 12:58:21,378 - utils.alert_system - INFO - Alert cleared
2026-04-10 12:58:21,454 - utils.alert_system - INFO - Alert cleared
2026-04-10 12:58:21,527 - utils.alert_system - INFO - Alert cleared
2026-04-10 12:58:21,587 - utils.alert_system - INFO - Alert cleared
2026-04-10 12:58:21,677 - utils.alert_system - INFO - Alert cleared
2026-04-10 12:58:21,754 - utils.alert_system - INFO - Alert cleared
2026-04-10 12:58:21,842 - utils.alert_system - INFO - Alert cleared
2026-04-10 12:58:21,905 - utils.alert_system - INFO - Alert cleared
2026-04-10 12:58:21,986 - utils.alert_system - INFO - Alert cleared
2026-04-10 12:58:22,053 - utils.alert_system - INFO - Alert cleared
2026-04-10 12:58:22,143 - utils.alert_system - INFO - Alert cleared
2026-04-10 12:58:22,220 - utils.alert_system - INFO - Alert cleared
2026-04-10 12:58:22,297 - utils.alert_system - INFO - Alert cleared
2026-04-10 12:58:22,354 - utils.alert_system - INFO - Alert cleared
2026-04-10 12:58:22,448 - utils.alert_system - INFO - Alert cleared
2026-04-10 12:58:22,504 - utils.alert_system - INFO - Alert cleared
2026-04-10 12:58:22,586 - utils.alert_system - INFO - Alert cleared
2026-04-10 12:58:22,669 - utils.alert_system - INFO - Alert cleared
2026-04-10 12:58:22,743 - utils.alert_system - INFO - Alert cleared
2026-04-10 12:58:22,803 - utils.alert_system - INFO - Alert cleared
2026-04-10 12:58:22,886 - utils.alert_system - INFO - Alert cleared
2026-04-10 12:58:22,978 - utils.alert_system - INFO - Alert cleared
2026-04-10 12:58:23,053 - utils.alert_system - INFO - Alert cleared
2026-04-10 12:58:23,119 - utils.alert_system - INFO - Alert cleared
2026-04-10 12:58:23,216 - utils.alert_system - INFO - Alert cleared
2026-04-10 12:58:23,313 - utils.alert_system - INFO - Alert cleared
2026-04-10 12:58:23,454 - utils.alert_system - INFO - Alert cleared
2026-04-10 12:58:23,547 - utils.alert_system - INFO - Alert cleared
2026-04-10 12:58:23,629 - utils.alert_system - INFO - Alert cleared
2026-04-10 12:58:23,716 - utils.alert_system - INFO - Alert cleared
2026-04-10 12:58:23,828 - utils.alert_system - INFO - Alert cleared
2026-04-10 12:58:23,931 - utils.alert_system - INFO - Alert cleared
2026-04-10 12:58:24,028 - utils.alert_system - INFO - Alert cleared
2026-04-10 12:58:24,126 - utils.alert_system - INFO - Alert cleared
2026-04-10 12:58:24,216 - utils.alert_system - INFO - Alert cleared
2026-04-10 12:58:24,336 - utils.alert_system - INFO - Alert cleared
2026-04-10 12:58:24,453 - utils.alert_system - INFO - Alert cleared
2026-04-10 12:58:24,659 - utils.alert_system - INFO - Alert cleared
2026-04-10 12:58:24,867 - utils.alert_system - INFO - Alert cleared
2026-04-10 12:58:25,058 - utils.alert_system - INFO - Alert cleared
2026-04-10 12:58:25,253 - utils.alert_system - INFO - Alert cleared
2026-04-10 12:58:25,477 - utils.alert_system - INFO - Alert cleared
2026-04-10 12:58:25,737 - utils.alert_system - INFO - Alert cleared
2026-04-10 12:58:25,969 - utils.alert_system - INFO - Alert cleared
2026-04-10 12:58:26,147 - utils.alert_system - INFO - Alert cleared
2026-04-10 12:58:26,378 - utils.alert_system - INFO - Alert cleared
2026-04-10 12:58:26,528 - utils.alert_system - INFO - Alert cleared
2026-04-10 12:58:26,766 - utils.alert_system - INFO - Alert cleared
2026-04-10 12:58:26,987 - utils.alert_system - INFO - Alert cleared
2026-04-10 12:58:27,171 - utils.alert_system - INFO - Alert cleared
2026-04-10 12:58:27,322 - utils.alert_system - INFO - Alert cleared
2026-04-10 12:58:27,451 - utils.alert_system - INFO - Alert cleared
2026-04-10 12:58:27,617 - utils.alert_system - INFO - Alert cleared
2026-04-10 12:58:27,760 - utils.alert_system - INFO - Alert cleared
2026-04-10 12:58:27,907 - utils.alert_system - INFO - Alert cleared
2026-04-10 12:58:28,119 - utils.alert_system - INFO - Alert cleared
2026-04-10 12:58:28,307 - utils.alert_system - INFO - Alert cleared
2026-04-10 12:58:28,456 - utils.alert_system - INFO - Alert cleared
2026-04-10 12:58:28,686 - utils.alert_system - INFO - Alert cleared
2026-04-10 12:58:28,897 - utils.alert_system - INFO - Alert cleared
2026-04-10 12:58:29,136 - utils.alert_system - INFO - Alert cleared
2026-04-10 12:58:29,385 - utils.alert_system - INFO - Alert cleared
2026-04-10 12:58:29,566 - utils.alert_system - INFO - Alert cleared
2026-04-10 12:58:29,828 - utils.alert_system - INFO - Alert cleared
2026-04-10 12:58:30,033 - utils.alert_system - INFO - Alert cleared
2026-04-10 12:58:30,213 - utils.alert_system - INFO - Alert cleared
2026-04-10 12:58:30,378 - utils.alert_system - INFO - Alert cleared
2026-04-10 12:58:30,602 - utils.alert_system - INFO - Alert cleared
2026-04-10 12:58:30,787 - utils.alert_system - INFO - Alert cleared
2026-04-10 12:58:30,986 - utils.alert_system - INFO - Alert cleared
2026-04-10 12:58:31,228 - utils.alert_system - INFO - Alert cleared
2026-04-10 12:58:31,388 - utils.alert_system - INFO - Alert cleared
2026-04-10 12:58:31,597 - utils.alert_system - INFO - Alert cleared
2026-04-10 12:58:31,767 - utils.alert_system - INFO - Alert cleared
2026-04-10 12:58:31,992 - utils.alert_system - INFO - Alert cleared
2026-04-10 12:58:32,240 - utils.alert_system - INFO - Alert cleared
2026-04-10 12:58:32,435 - utils.alert_system - INFO - Alert cleared
2026-04-10 12:58:32,616 - utils.alert_system - INFO - Alert cleared
2026-04-10 12:58:32,787 - utils.alert_system - INFO - Alert cleared
2026-04-10 12:58:32,928 - utils.alert_system - INFO - Alert cleared
2026-04-10 12:58:33,128 - utils.alert_system - INFO - Alert cleared
2026-04-10 12:58:33,383 - utils.alert_system - INFO - Alert cleared
2026-04-10 12:58:33,553 - utils.alert_system - INFO - Alert cleared
2026-04-10 12:58:33,778 - utils.alert_system - INFO - Alert cleared
2026-04-10 12:58:33,984 - utils.alert_system - INFO - Alert cleared
2026-04-10 12:58:34,152 - utils.alert_system - INFO - Alert cleared
2026-04-10 12:58:34,328 - utils.alert_system - INFO - Alert cleared
2026-04-10 12:58:34,554 - utils.alert_system - INFO - Alert cleared
2026-04-10 12:58:34,680 - utils.alert_system - INFO - Alert cleared
2026-04-10 12:58:34,948 - utils.alert_system - INFO - Alert cleared
2026-04-10 12:58:35,121 - utils.alert_system - INFO - Alert cleared
2026-04-10 12:58:35,333 - utils.alert_system - INFO - Alert cleared
2026-04-10 12:58:35,554 - utils.alert_system - INFO - Alert cleared
2026-04-10 12:58:35,791 - utils.alert_system - INFO - Alert cleared
2026-04-10 12:58:35,978 - utils.alert_system - INFO - Alert cleared
2026-04-10 12:58:36,232 - utils.alert_system - INFO - Alert cleared
2026-04-10 12:58:36,428 - utils.alert_system - INFO - Alert cleared
2026-04-10 12:58:36,666 - utils.alert_system - INFO - Alert cleared
2026-04-10 12:58:36,786 - utils.alert_system - INFO - Alert cleared
2026-04-10 12:58:37,007 - utils.alert_system - INFO - Alert cleared
2026-04-10 12:58:37,160 - utils.alert_system - INFO - Alert cleared
2026-04-10 12:58:37,347 - utils.alert_system - INFO - Alert cleared
2026-04-10 12:58:37,502 - utils.alert_system - INFO - Alert cleared
2026-04-10 12:58:37,666 - utils.alert_system - INFO - Alert cleared
2026-04-10 12:58:37,835 - utils.alert_system - INFO - Alert cleared
2026-04-10 12:58:37,987 - utils.alert_system - INFO - Alert cleared
2026-04-10 12:58:38,192 - utils.alert_system - INFO - Alert cleared
2026-04-10 12:58:38,336 - utils.alert_system - INFO - Alert cleared
2026-04-10 12:58:38,497 - utils.alert_system - INFO - Alert cleared
2026-04-10 12:58:38,700 - utils.alert_system - INFO - Alert cleared
2026-04-10 12:58:38,900 - utils.alert_system - INFO - Alert cleared
2026-04-10 12:58:39,105 - utils.alert_system - INFO - Alert cleared
2026-04-10 12:58:39,328 - utils.alert_system - INFO - Alert cleared
2026-04-10 12:58:39,533 - utils.alert_system - INFO - Alert cleared
2026-04-10 12:58:39,748 - utils.alert_system - INFO - Alert cleared
2026-04-10 12:58:39,989 - utils.alert_system - INFO - Alert cleared
2026-04-10 12:58:40,231 - utils.alert_system - INFO - Alert cleared
2026-04-10 12:58:40,432 - utils.alert_system - INFO - Alert cleared
2026-04-10 12:58:40,649 - utils.alert_system - INFO - Alert cleared
2026-04-10 12:58:40,880 - utils.alert_system - INFO - Alert cleared
2026-04-10 12:58:41,066 - utils.alert_system - INFO - Alert cleared
2026-04-10 12:58:41,316 - utils.alert_system - INFO - Alert cleared
2026-04-10 12:58:41,516 - utils.alert_system - INFO - Alert cleared
2026-04-10 12:58:41,754 - utils.alert_system - INFO - Alert cleared
2026-04-10 12:58:41,933 - utils.alert_system - INFO - Alert cleared
2026-04-10 12:58:42,152 - utils.alert_system - INFO - Alert cleared
2026-04-10 12:58:42,367 - utils.alert_system - INFO - Alert cleared
2026-04-10 12:58:42,556 - utils.alert_system - INFO - Alert cleared
2026-04-10 12:58:42,766 - utils.alert_system - INFO - Alert cleared
2026-04-10 12:58:42,948 - utils.alert_system - INFO - Alert cleared
2026-04-10 12:58:43,147 - utils.alert_system - INFO - Alert cleared
2026-04-10 12:58:43,387 - utils.alert_system - INFO - Alert cleared
2026-04-10 12:58:43,580 - utils.alert_system - INFO - Alert cleared
2026-04-10 12:58:43,816 - utils.alert_system - INFO - Alert cleared
2026-04-10 12:58:44,047 - utils.alert_system - INFO - Alert cleared
2026-04-10 12:58:44,263 - utils.alert_system - INFO - Alert cleared
2026-04-10 12:58:44,512 - utils.alert_system - INFO - Alert cleared
2026-04-10 12:58:44,785 - utils.alert_system - INFO - Alert cleared
2026-04-10 12:58:45,023 - utils.alert_system - INFO - Alert cleared
2026-04-10 12:58:45,230 - utils.alert_system - INFO - Alert cleared
2026-04-10 12:58:45,412 - utils.alert_system - INFO - Alert cleared
2026-04-10 12:58:45,569 - utils.alert_system - INFO - Alert cleared
2026-04-10 12:58:45,686 - utils.alert_system - INFO - Alert cleared
2026-04-10 12:58:45,917 - utils.alert_system - INFO - Alert cleared
2026-04-10 12:58:46,138 - utils.alert_system - INFO - Alert cleared
2026-04-10 12:58:46,322 - utils.alert_system - INFO - Alert cleared
2026-04-10 12:58:46,530 - utils.alert_system - INFO - Alert cleared
2026-04-10 12:58:46,770 - utils.alert_system - INFO - Alert cleared
2026-04-10 12:58:46,997 - utils.alert_system - INFO - Alert cleared
2026-04-10 12:58:47,148 - utils.alert_system - INFO - Alert cleared
2026-04-10 12:58:47,421 - utils.alert_system - INFO - Alert cleared
2026-04-10 12:58:47,680 - utils.alert_system - INFO - Alert cleared
2026-04-10 12:58:47,854 - utils.alert_system - INFO - Alert cleared
2026-04-10 12:58:48,098 - utils.alert_system - INFO - Alert cleared
2026-04-10 12:58:48,278 - utils.alert_system - INFO - Alert cleared
2026-04-10 12:58:48,398 - utils.alert_system - INFO - Alert cleared
2026-04-10 12:58:48,603 - utils.alert_system - INFO - Alert cleared
2026-04-10 12:58:48,732 - utils.alert_system - INFO - Alert cleared
2026-04-10 12:58:49,019 - utils.alert_system - INFO - Alert cleared
2026-04-10 12:58:49,301 - utils.alert_system - INFO - Alert cleared
2026-04-10 12:58:49,503 - utils.alert_system - INFO - Alert cleared
2026-04-10 12:58:49,731 - utils.alert_system - INFO - Alert cleared
2026-04-10 12:58:50,004 - utils.alert_system - INFO - Alert cleared
2026-04-10 12:58:50,243 - utils.alert_system - INFO - Alert cleared
2026-04-10 12:58:50,508 - utils.alert_system - INFO - Alert cleared
2026-04-10 12:58:50,783 - utils.alert_system - INFO - Alert cleared
2026-04-10 12:58:50,936 - utils.alert_system - INFO - Alert cleared
2026-04-10 12:58:51,101 - utils.alert_system - INFO - Alert cleared
2026-04-10 12:58:51,359 - utils.alert_system - INFO - Alert cleared
2026-04-10 12:58:51,568 - utils.alert_system - INFO - Alert cleared
2026-04-10 12:58:51,819 - utils.alert_system - INFO - Alert cleared
2026-04-10 12:58:52,047 - utils.alert_system - INFO - Alert cleared
2026-04-10 12:58:52,185 - utils.alert_system - INFO - Alert cleared
2026-04-10 12:58:52,458 - utils.alert_system - INFO - Alert cleared
2026-04-10 12:58:52,671 - utils.alert_system - INFO - Alert cleared
2026-04-10 12:58:52,797 - utils.alert_system - INFO - Alert cleared
2026-04-10 12:58:53,068 - utils.alert_system - INFO - Alert cleared
2026-04-10 12:58:53,285 - utils.alert_system - INFO - Alert cleared
2026-04-10 12:58:53,528 - utils.alert_system - INFO - Alert cleared
2026-04-10 12:58:53,789 - utils.alert_system - INFO - Alert cleared
2026-04-10 12:58:54,014 - utils.alert_system - INFO - Alert cleared
2026-04-10 12:58:54,247 - utils.alert_system - INFO - Alert cleared
2026-04-10 12:58:54,517 - utils.alert_system - INFO - Alert cleared
2026-04-10 12:58:54,778 - utils.alert_system - INFO - Alert cleared
2026-04-10 12:58:54,937 - utils.alert_system - INFO - Alert cleared
2026-04-10 12:58:55,198 - utils.alert_system - INFO - Alert cleared
2026-04-10 12:58:55,403 - utils.alert_system - INFO - Alert cleared
2026-04-10 12:58:55,698 - utils.alert_system - INFO - Alert cleared
2026-04-10 12:58:55,919 - utils.alert_system - INFO - Alert cleared
2026-04-10 12:58:56,098 - utils.alert_system - INFO - Alert cleared
2026-04-10 12:58:56,350 - utils.alert_system - INFO - Alert cleared
2026-04-10 12:58:56,599 - utils.alert_system - INFO - Alert cleared
2026-04-10 12:58:56,832 - utils.alert_system - INFO - Alert cleared
2026-04-10 12:58:57,078 - utils.alert_system - INFO - Alert cleared
2026-04-10 12:58:57,379 - utils.alert_system - INFO - Alert cleared
2026-04-10 12:58:57,620 - utils.alert_system - INFO - Alert cleared
2026-04-10 12:58:57,848 - utils.alert_system - INFO - Alert cleared
2026-04-10 12:58:58,079 - utils.alert_system - INFO - Alert cleared
2026-04-10 12:58:58,091 - __main__ - INFO - End of video stream
2026-04-10 12:58:58,091 - __main__ - INFO - Cleaning up...
2026-04-10 12:58:58,110 - utils.alert_system - INFO - Alert cleared
2026-04-10 12:58:58,110 - utils.alert_system - INFO - Alert system cleaned up
2026-04-10 12:58:58,110 - utils.speed_monitor - INFO - Stopped speed monitoring
2026-04-10 12:58:58,110 - __main__ - INFO - ==================================================
2026-04-10 12:58:58,110 - __main__ - INFO - Session Summary:
2026-04-10 12:58:58,110 - __main__ - INFO - ==================================================
2026-04-10 12:58:58,110 - __main__ - INFO -   session_id: 20260410_125720
2026-04-10 12:58:58,110 - __main__ - INFO -   duration: 97.52888202667236
2026-04-10 12:58:58,110 - __main__ - INFO -   total_frames: 930
2026-04-10 12:58:58,110 - __main__ - INFO -   total_detections: 14
2026-04-10 12:58:58,129 - __main__ - INFO -   alerts_triggered: 0
2026-04-10 12:58:58,130 - __main__ - INFO -   average_speed: 30.0
2026-04-10 12:58:58,130 - __main__ - INFO -   top_detected: [('cow', 13), ('dog', 1)]
2026-04-10 12:58:58,132 - utils.data_logger - INFO - Session saved: 20260410_125720
2026-04-10 12:58:58,132 - utils.data_logger - INFO -   Frames: 930
2026-04-10 12:58:58,132 - utils.data_logger - INFO -   Detections: 14
2026-04-10 12:58:58,132 - utils.data_logger - INFO -   Alerts: 0
2026-04-10 12:58:58,153 - __main__ - INFO - Cleanup complete
2026-09-07 14:26:04,350 - __main__ - INFO - ==================================================
2026-09-07 14:26:04,350 - __main__ - INFO - Animal Collision Avoidance System Initializing
2026-09-07 14:26:04,350 - __main__ - INFO - ==================================================
2026-09-07 14:26:04,350 - __main__ - INFO - Loading model: C:\Users\Ranjith S\Desktop\New folder\New folder\models\yolov8n.pt
2026-09-07 14:26:04,351 - models.detector - INFO - Using device: cpu
2026-09-07 14:26:04,410 - models.detector - INFO - Model loaded from C:\Users\Ranjith S\Desktop\New folder\New folder\models\yolov8n.pt
2026-09-07 14:26:04,410 - utils.speed_monitor - INFO - Speed monitor initialized: source=simulation, default=30.0 km/h
2026-09-07 14:26:04,411 - utils.data_logger - INFO - Data logger initialized: session=20260907_142604
2026-09-07 14:26:04,451 - __main__ - INFO - Video output: C:\Users\Ranjith S\Desktop\New folder\New folder\data\output_videos\output_20260907_142604.mp4
2026-09-07 14:26:04,451 - __main__ - INFO - System initialization complete
2026-09-07 14:26:04,467 - __main__ - INFO - System started with source: WhatsApp Video 2026-04-10 at 9.17.37 AM.mp4
2026-09-07 14:26:04,467 - __main__ - INFO - Resolution: 640x360
2026-09-07 14:26:04,467 - __main__ - INFO - Video FPS: 30.00
2026-09-07 14:26:04,467 - __main__ - INFO - Press 'q' to quit, 'p' to pause, '+/-' to adjust speed
2026-09-07 14:26:04,467 - __main__ - INFO - Press 's' to save screenshot, 'r' to reset stats
2026-09-07 14:26:06,759 - utils.alert_system - INFO - Alert cleared
2026-09-07 14:26:06,844 - utils.alert_system - INFO - Alert cleared
2026-09-07 14:26:06,926 - utils.alert_system - INFO - Alert cleared
2026-09-07 14:26:06,996 - utils.alert_system - INFO - Alert cleared
2026-09-07 14:26:07,086 - utils.alert_system - INFO - Alert cleared
2026-09-07 14:26:07,154 - utils.alert_system - INFO - Alert cleared
2026-09-07 14:26:07,230 - utils.alert_system - INFO - Alert cleared
2026-09-07 14:26:07,307 - utils.alert_system - INFO - Alert cleared
2026-09-07 14:26:07,385 - utils.alert_system - INFO - Alert cleared
2026-09-07 14:26:07,451 - utils.alert_system - INFO - Alert cleared
2026-09-07 14:26:07,513 - utils.alert_system - INFO - Alert cleared
2026-09-07 14:26:07,579 - utils.alert_system - INFO - Alert cleared
2026-09-07 14:26:07,640 - utils.alert_system - INFO - Alert cleared
2026-09-07 14:26:07,705 - utils.alert_system - INFO - Alert cleared
2026-09-07 14:26:07,769 - utils.alert_system - INFO - Alert cleared
2026-09-07 14:26:07,846 - utils.alert_system - INFO - Alert cleared
2026-09-07 14:26:07,916 - utils.alert_system - INFO - Alert cleared
2026-09-07 14:26:07,979 - utils.alert_system - INFO - Alert cleared
2026-09-07 14:26:08,058 - utils.alert_system - INFO - Alert cleared
2026-09-07 14:26:08,124 - utils.alert_system - INFO - Alert cleared
2026-09-07 14:26:08,191 - utils.alert_system - INFO - Alert cleared
2026-09-07 14:26:08,257 - utils.alert_system - INFO - Alert cleared
2026-09-07 14:26:08,317 - utils.alert_system - INFO - Alert cleared
2026-09-07 14:26:08,385 - utils.alert_system - INFO - Alert cleared
2026-09-07 14:26:08,466 - utils.alert_system - INFO - Alert cleared
2026-09-07 14:26:08,540 - utils.alert_system - INFO - Alert cleared
2026-09-07 14:26:08,619 - utils.alert_system - INFO - Alert cleared
2026-09-07 14:26:08,700 - utils.alert_system - INFO - Alert cleared
2026-09-07 14:26:08,774 - utils.alert_system - INFO - Alert cleared
2026-09-07 14:26:08,849 - utils.alert_system - INFO - Alert cleared
2026-09-07 14:26:08,927 - utils.alert_system - INFO - Alert cleared
2026-09-07 14:26:09,007 - utils.alert_system - INFO - Alert cleared
2026-09-07 14:26:09,085 - utils.alert_system - INFO - Alert cleared
2026-09-07 14:26:09,157 - utils.alert_system - INFO - Alert cleared
2026-09-07 14:26:09,224 - utils.alert_system - INFO - Alert cleared
2026-09-07 14:26:09,313 - utils.alert_system - INFO - Alert cleared
2026-09-07 14:26:09,379 - utils.alert_system - INFO - Alert cleared
2026-09-07 14:26:09,461 - utils.alert_system - INFO - Alert cleared
2026-09-07 14:26:09,538 - utils.alert_system - INFO - Alert cleared
2026-09-07 14:26:09,616 - utils.alert_system - INFO - Alert cleared
2026-09-07 14:26:09,685 - utils.alert_system - INFO - Alert cleared
2026-09-07 14:26:09,765 - utils.alert_system - INFO - Alert cleared
2026-09-07 14:26:09,848 - utils.alert_system - INFO - Alert cleared
2026-09-07 14:26:09,924 - utils.alert_system - INFO - Alert cleared
2026-09-07 14:26:09,995 - utils.alert_system - INFO - Alert cleared
2026-09-07 14:26:10,064 - utils.alert_system - INFO - Alert cleared
2026-09-07 14:26:10,140 - utils.alert_system - INFO - Alert cleared
2026-09-07 14:26:10,216 - utils.alert_system - INFO - Alert cleared
2026-09-07 14:26:10,291 - utils.alert_system - INFO - Alert cleared
2026-09-07 14:26:10,370 - utils.alert_system - INFO - Alert cleared
2026-09-07 14:26:10,444 - utils.alert_system - INFO - Alert cleared
2026-09-07 14:26:10,523 - utils.alert_system - INFO - Alert cleared
2026-09-07 14:26:10,597 - utils.alert_system - INFO - Alert cleared
2026-09-07 14:26:10,671 - utils.alert_system - INFO - Alert cleared
2026-09-07 14:26:10,748 - utils.alert_system - INFO - Alert cleared
2026-09-07 14:26:10,813 - utils.alert_system - INFO - Alert cleared
2026-09-07 14:26:10,893 - utils.alert_system - INFO - Alert cleared
2026-09-07 14:26:10,974 - utils.alert_system - INFO - Alert cleared
2026-09-07 14:26:11,045 - utils.alert_system - INFO - Alert cleared
2026-09-07 14:26:11,121 - utils.alert_system - INFO - Alert cleared
2026-09-07 14:26:11,196 - utils.alert_system - INFO - Alert cleared
2026-09-07 14:26:11,259 - utils.alert_system - INFO - Alert cleared
2026-09-07 14:26:11,326 - utils.alert_system - INFO - Alert cleared
2026-09-07 14:26:11,404 - utils.alert_system - INFO - Alert cleared
2026-09-07 14:26:11,483 - utils.alert_system - INFO - Alert cleared
2026-09-07 14:26:11,563 - utils.alert_system - INFO - Alert cleared
2026-09-07 14:26:11,639 - utils.alert_system - INFO - Alert cleared
2026-09-07 14:26:11,716 - utils.alert_system - INFO - Alert cleared
2026-09-07 14:26:11,792 - utils.alert_system - INFO - Alert cleared
2026-09-07 14:26:11,872 - utils.alert_system - INFO - Alert cleared
2026-09-07 14:26:11,945 - utils.alert_system - INFO - Alert cleared
2026-09-07 14:26:12,022 - utils.alert_system - INFO - Alert cleared
2026-09-07 14:26:12,092 - utils.alert_system - INFO - Alert cleared
2026-09-07 14:26:12,168 - utils.alert_system - INFO - Alert cleared
2026-09-07 14:26:12,241 - utils.alert_system - INFO - Alert cleared
2026-09-07 14:26:12,318 - utils.alert_system - INFO - Alert cleared
2026-09-07 14:26:12,392 - utils.alert_system - INFO - Alert cleared
2026-09-07 14:26:12,469 - utils.alert_system - INFO - Alert cleared
2026-09-07 14:26:12,543 - utils.alert_system - INFO - Alert cleared
2026-09-07 14:26:12,611 - utils.alert_system - INFO - Alert cleared
2026-09-07 14:26:12,688 - utils.alert_system - INFO - Alert cleared
2026-09-07 14:26:12,769 - utils.alert_system - INFO - Alert cleared
2026-09-07 14:26:12,847 - utils.alert_system - INFO - Alert cleared
2026-09-07 14:26:12,920 - utils.alert_system - INFO - Alert cleared
2026-09-07 14:26:12,997 - utils.alert_system - INFO - Alert cleared
2026-09-07 14:26:13,082 - utils.alert_system - INFO - Alert cleared
2026-09-07 14:26:13,161 - utils.alert_system - INFO - Alert cleared
2026-09-07 14:26:13,233 - utils.alert_system - INFO - Alert cleared
2026-09-07 14:26:13,313 - utils.alert_system - INFO - Alert cleared
2026-09-07 14:26:13,390 - utils.alert_system - INFO - Alert cleared
2026-09-07 14:26:13,468 - utils.alert_system - INFO - Alert cleared
2026-09-07 14:26:13,549 - utils.alert_system - INFO - Alert cleared
2026-09-07 14:26:13,625 - utils.alert_system - INFO - Alert cleared
2026-09-07 14:26:13,697 - utils.alert_system - INFO - Alert cleared
2026-09-07 14:26:13,776 - utils.alert_system - INFO - Alert cleared
2026-09-07 14:26:13,852 - utils.alert_system - INFO - Alert cleared
2026-09-07 14:26:13,930 - utils.alert_system - INFO - Alert cleared
2026-09-07 14:26:14,006 - utils.alert_system - INFO - Alert cleared
2026-09-07 14:26:14,079 - utils.alert_system - INFO - Alert cleared
2026-09-07 14:26:14,165 - utils.alert_system - INFO - Alert cleared
2026-09-07 14:26:14,235 - utils.alert_system - INFO - Alert cleared
2026-09-07 14:26:14,311 - utils.alert_system - INFO - Alert cleared
2026-09-07 14:26:14,387 - utils.alert_system - INFO - Alert cleared
2026-09-07 14:26:14,464 - utils.alert_system - INFO - Alert cleared
2026-09-07 14:26:14,537 - utils.alert_system - INFO - Alert cleared
2026-09-07 14:26:14,623 - utils.alert_system - INFO - Alert cleared
2026-09-07 14:26:14,699 - utils.alert_system - INFO - Alert cleared
2026-09-07 14:26:14,775 - utils.alert_system - INFO - Alert cleared
2026-09-07 14:26:14,855 - utils.alert_system - INFO - Alert cleared
2026-09-07 14:26:14,928 - utils.alert_system - INFO - Alert cleared
2026-09-07 14:26:15,002 - utils.alert_system - INFO - Alert cleared
2026-09-07 14:26:15,078 - utils.alert_system - INFO - Alert cleared
2026-09-07 14:26:15,151 - utils.alert_system - INFO - Alert cleared
2026-09-07 14:26:15,213 - utils.alert_system - INFO - Alert cleared
2026-09-07 14:26:15,281 - utils.alert_system - INFO - Alert cleared
2026-09-07 14:26:15,363 - utils.alert_system - INFO - Alert cleared
2026-09-07 14:26:15,447 - utils.alert_system - INFO - Alert cleared
2026-09-07 14:26:15,530 - utils.alert_system - INFO - Alert cleared
2026-09-07 14:26:15,607 - utils.alert_system - INFO - Alert cleared
2026-09-07 14:26:15,683 - utils.alert_system - INFO - Alert cleared
2026-09-07 14:26:15,755 - utils.alert_system - INFO - Alert cleared
2026-09-07 14:26:15,826 - utils.alert_system - INFO - Alert cleared
2026-09-07 14:26:15,906 - utils.alert_system - INFO - Alert cleared
2026-09-07 14:26:15,981 - utils.alert_system - INFO - Alert cleared
2026-09-07 14:26:16,059 - utils.alert_system - INFO - Alert cleared
2026-09-07 14:26:16,139 - utils.alert_system - INFO - Alert cleared
2026-09-07 14:26:16,212 - utils.alert_system - INFO - Alert cleared
2026-09-07 14:26:16,293 - utils.alert_system - INFO - Alert cleared
2026-09-07 14:26:16,369 - utils.alert_system - INFO - Alert cleared
2026-09-07 14:26:16,445 - utils.alert_system - INFO - Alert cleared
2026-09-07 14:26:16,517 - utils.alert_system - INFO - Alert cleared
2026-09-07 14:26:16,598 - utils.alert_system - INFO - Alert cleared
2026-09-07 14:26:16,683 - utils.alert_system - INFO - Alert cleared
2026-09-07 14:26:16,752 - utils.alert_system - INFO - Alert cleared
2026-09-07 14:26:16,827 - utils.alert_system - INFO - Alert cleared
2026-09-07 14:26:16,909 - utils.alert_system - INFO - Alert cleared
2026-09-07 14:26:16,989 - utils.alert_system - INFO - Alert cleared
2026-09-07 14:26:17,058 - utils.alert_system - INFO - Alert cleared
2026-09-07 14:26:17,134 - utils.alert_system - INFO - Alert cleared
2026-09-07 14:26:17,204 - utils.alert_system - INFO - Alert cleared
2026-09-07 14:26:17,283 - utils.alert_system - INFO - Alert cleared
2026-09-07 14:26:17,355 - utils.alert_system - INFO - Alert cleared
2026-09-07 14:26:17,421 - utils.alert_system - INFO - Alert cleared
2026-09-07 14:26:17,506 - utils.alert_system - INFO - Alert cleared
2026-09-07 14:26:17,580 - utils.alert_system - INFO - Alert cleared
2026-09-07 14:26:17,671 - utils.alert_system - INFO - Alert cleared
2026-09-07 14:26:17,762 - utils.alert_system - INFO - Alert cleared
2026-09-07 14:26:17,845 - utils.alert_system - INFO - Alert cleared
2026-09-07 14:26:17,915 - utils.alert_system - INFO - Alert cleared
2026-09-07 14:26:17,980 - utils.alert_system - INFO - Alert cleared
2026-09-07 14:26:18,047 - utils.alert_system - INFO - Alert cleared
2026-09-07 14:26:18,136 - utils.alert_system - INFO - Alert cleared
2026-09-07 14:26:18,221 - utils.alert_system - INFO - Alert cleared
2026-09-07 14:26:18,302 - utils.alert_system - INFO - Alert cleared
2026-09-07 14:26:18,376 - utils.alert_system - INFO - Alert cleared
2026-09-07 14:26:18,448 - utils.alert_system - INFO - Alert cleared
2026-09-07 14:26:18,522 - utils.alert_system - INFO - Alert cleared
2026-09-07 14:26:18,587 - utils.alert_system - INFO - Alert cleared
2026-09-07 14:26:18,655 - utils.alert_system - INFO - Alert cleared
2026-09-07 14:26:18,740 - utils.alert_system - INFO - Alert cleared
2026-09-07 14:26:18,813 - utils.alert_system - INFO - Alert cleared
2026-09-07 14:26:18,887 - utils.alert_system - INFO - Alert cleared
2026-09-07 14:26:18,964 - utils.alert_system - INFO - Alert cleared
2026-09-07 14:26:19,037 - utils.alert_system - INFO - Alert cleared
2026-09-07 14:26:19,112 - utils.alert_system - INFO - Alert cleared
2026-09-07 14:26:19,186 - utils.alert_system - INFO - Alert cleared
2026-09-07 14:26:19,253 - utils.alert_system - INFO - Alert cleared
2026-09-07 14:26:19,335 - utils.alert_system - INFO - Alert cleared
2026-09-07 14:26:19,409 - utils.alert_system - INFO - Alert cleared
2026-09-07 14:26:19,486 - utils.alert_system - INFO - Alert cleared
2026-09-07 14:26:19,558 - utils.alert_system - INFO - Alert cleared
2026-09-07 14:26:19,622 - utils.alert_system - INFO - Alert cleared
2026-09-07 14:26:19,686 - utils.alert_system - INFO - Alert cleared
2026-09-07 14:26:19,759 - utils.alert_system - INFO - Alert cleared
2026-09-07 14:26:19,838 - utils.alert_system - INFO - Alert cleared
2026-09-07 14:26:19,912 - utils.alert_system - INFO - Alert cleared
2026-09-07 14:26:19,988 - utils.alert_system - INFO - Alert cleared
2026-09-07 14:26:20,055 - utils.alert_system - INFO - Alert cleared
2026-09-07 14:26:20,120 - utils.alert_system - INFO - Alert cleared
2026-09-07 14:26:20,189 - utils.alert_system - INFO - Alert cleared
2026-09-07 14:26:20,266 - utils.alert_system - INFO - Alert cleared
2026-09-07 14:26:20,342 - utils.alert_system - INFO - Alert cleared
2026-09-07 14:26:20,413 - utils.alert_system - INFO - Alert cleared
2026-09-07 14:26:20,485 - utils.alert_system - INFO - Alert cleared
2026-09-07 14:26:20,561 - utils.alert_system - INFO - Alert cleared
2026-09-07 14:26:20,644 - utils.alert_system - INFO - Alert cleared
2026-09-07 14:26:20,721 - utils.alert_system - INFO - Alert cleared
2026-09-07 14:26:20,801 - utils.alert_system - INFO - Alert cleared
2026-09-07 14:26:20,871 - utils.alert_system - INFO - Alert cleared
2026-09-07 14:26:20,976 - utils.alert_system - INFO - Alert cleared
2026-09-07 14:26:21,056 - utils.alert_system - INFO - Alert cleared
2026-09-07 14:26:21,144 - utils.alert_system - INFO - Alert cleared
2026-09-07 14:26:21,210 - utils.alert_system - INFO - Alert cleared
2026-09-07 14:26:21,286 - utils.alert_system - INFO - Alert cleared
2026-09-07 14:26:21,351 - utils.alert_system - INFO - Alert cleared
2026-09-07 14:26:21,436 - utils.alert_system - INFO - Alert cleared
2026-09-07 14:26:21,501 - utils.alert_system - INFO - Alert cleared
2026-09-07 14:26:21,576 - utils.alert_system - INFO - Alert cleared
2026-09-07 14:26:21,656 - utils.alert_system - INFO - Alert cleared
2026-09-07 14:26:21,744 - utils.alert_system - INFO - Alert cleared
2026-09-07 14:26:21,819 - utils.alert_system - INFO - Alert cleared
2026-09-07 14:26:21,903 - utils.alert_system - INFO - Alert cleared
2026-09-07 14:26:21,975 - utils.alert_system - INFO - Alert cleared
2026-09-07 14:26:22,059 - utils.alert_system - INFO - Alert cleared
2026-09-07 14:26:22,138 - utils.alert_system - INFO - Alert cleared
2026-09-07 14:26:22,224 - utils.alert_system - INFO - Alert cleared
2026-09-07 14:26:22,305 - utils.alert_system - INFO - Alert cleared
2026-09-07 14:26:22,370 - utils.alert_system - INFO - Alert cleared
2026-09-07 14:26:22,457 - utils.alert_system - INFO - Alert cleared
2026-09-07 14:26:22,538 - utils.alert_system - INFO - Alert cleared
2026-09-07 14:26:22,611 - utils.alert_system - INFO - Alert cleared
2026-09-07 14:26:22,718 - utils.alert_system - INFO - Alert cleared
2026-09-07 14:26:22,799 - utils.alert_system - INFO - Alert cleared
2026-09-07 14:26:22,874 - utils.alert_system - INFO - Alert cleared
2026-09-07 14:26:22,954 - utils.alert_system - INFO - Alert cleared
2026-09-07 14:26:23,036 - utils.alert_system - INFO - Alert cleared
2026-09-07 14:26:23,108 - utils.alert_system - INFO - Alert cleared
2026-09-07 14:26:23,184 - utils.alert_system - INFO - Alert cleared
2026-09-07 14:26:23,256 - utils.alert_system - INFO - Alert cleared
2026-09-07 14:26:23,337 - utils.alert_system - INFO - Alert cleared
2026-09-07 14:26:23,411 - utils.alert_system - INFO - Alert cleared
2026-09-07 14:26:23,496 - utils.alert_system - INFO - Alert cleared
2026-09-07 14:26:23,577 - utils.alert_system - INFO - Alert cleared
2026-09-07 14:26:23,659 - utils.alert_system - INFO - Alert cleared
2026-09-07 14:26:23,736 - utils.alert_system - INFO - Alert cleared
2026-09-07 14:26:23,811 - utils.alert_system - INFO - Alert cleared
2026-09-07 14:26:23,883 - utils.alert_system - INFO - Alert cleared
2026-09-07 14:26:23,945 - utils.alert_system - INFO - Alert cleared
2026-09-07 14:26:24,012 - utils.alert_system - INFO - Alert cleared
2026-09-07 14:26:24,082 - utils.alert_system - INFO - Alert cleared
2026-09-07 14:26:24,154 - utils.alert_system - INFO - Alert cleared
2026-09-07 14:26:24,220 - utils.alert_system - INFO - Alert cleared
2026-09-07 14:26:24,312 - utils.alert_system - INFO - Alert cleared
2026-09-07 14:26:24,392 - utils.alert_system - INFO - Alert cleared
2026-09-07 14:26:24,471 - utils.alert_system - INFO - Alert cleared
2026-09-07 14:26:24,544 - utils.alert_system - INFO - Alert cleared
2026-09-07 14:26:24,620 - utils.alert_system - INFO - Alert cleared
2026-09-07 14:26:24,691 - utils.alert_system - INFO - Alert cleared
2026-09-07 14:26:24,777 - utils.alert_system - INFO - Alert cleared
2026-09-07 14:26:24,854 - utils.alert_system - INFO - Alert cleared
2026-09-07 14:26:24,924 - utils.alert_system - INFO - Alert cleared
2026-09-07 14:26:25,004 - utils.alert_system - INFO - Alert cleared
2026-09-07 14:26:25,071 - utils.alert_system - INFO - Alert cleared
2026-09-07 14:26:25,141 - utils.alert_system - INFO - Alert cleared
2026-09-07 14:26:25,217 - utils.alert_system - INFO - Alert cleared
2026-09-07 14:26:25,295 - utils.alert_system - INFO - Alert cleared
2026-09-07 14:26:25,363 - utils.alert_system - INFO - Alert cleared
2026-09-07 14:26:25,434 - utils.alert_system - INFO - Alert cleared
2026-09-07 14:26:25,505 - utils.alert_system - INFO - Alert cleared
2026-09-07 14:26:25,572 - utils.alert_system - INFO - Alert cleared
2026-09-07 14:26:25,666 - utils.alert_system - INFO - Alert cleared
2026-09-07 14:26:25,748 - utils.alert_system - INFO - Alert cleared
2026-09-07 14:26:25,830 - utils.alert_system - INFO - Alert cleared
2026-09-07 14:26:25,913 - utils.alert_system - INFO - Alert cleared
2026-09-07 14:26:25,999 - utils.alert_system - INFO - Alert cleared
2026-09-07 14:26:26,067 - utils.alert_system - INFO - Alert cleared
2026-09-07 14:26:26,140 - utils.alert_system - INFO - Alert cleared
2026-09-07 14:26:26,216 - utils.alert_system - INFO - Alert cleared
2026-09-07 14:26:26,293 - utils.alert_system - INFO - Alert cleared
2026-09-07 14:26:26,368 - utils.alert_system - INFO - Alert cleared
2026-09-07 14:26:26,440 - utils.alert_system - INFO - Alert cleared
2026-09-07 14:26:26,513 - utils.alert_system - INFO - Alert cleared
2026-09-07 14:26:26,596 - utils.alert_system - INFO - Alert cleared
2026-09-07 14:26:26,677 - utils.alert_system - INFO - Alert cleared
2026-09-07 14:26:26,770 - utils.alert_system - INFO - Alert cleared
2026-09-07 14:26:26,852 - utils.alert_system - INFO - Alert cleared
2026-09-07 14:26:26,927 - utils.alert_system - INFO - Alert cleared
2026-09-07 14:26:27,005 - utils.alert_system - INFO - Alert cleared
2026-09-07 14:26:27,084 - utils.alert_system - INFO - Alert cleared
2026-09-07 14:26:27,157 - utils.alert_system - INFO - Alert cleared
2026-09-07 14:26:27,231 - utils.alert_system - INFO - Alert cleared
2026-09-07 14:26:27,307 - utils.alert_system - INFO - Alert cleared
2026-09-07 14:26:27,382 - utils.alert_system - INFO - Alert cleared
2026-09-07 14:26:27,461 - utils.alert_system - INFO - Alert cleared
2026-09-07 14:26:27,541 - utils.alert_system - INFO - Alert cleared
2026-09-07 14:26:27,628 - utils.alert_system - INFO - Alert cleared
2026-09-07 14:26:27,705 - utils.alert_system - INFO - Alert cleared
2026-09-07 14:26:27,785 - utils.alert_system - INFO - Alert cleared
2026-09-07 14:26:27,864 - utils.alert_system - INFO - Alert cleared
2026-09-07 14:26:27,943 - utils.alert_system - INFO - Alert cleared
2026-09-07 14:26:28,016 - utils.alert_system - INFO - Alert cleared
2026-09-07 14:26:28,092 - utils.alert_system - INFO - Alert cleared
2026-09-07 14:26:28,167 - utils.alert_system - INFO - Alert cleared
2026-09-07 14:26:28,248 - utils.alert_system - INFO - Alert cleared
2026-09-07 14:26:28,324 - utils.alert_system - INFO - Alert cleared
2026-09-07 14:26:28,394 - utils.alert_system - INFO - Alert cleared
2026-09-07 14:26:28,481 - utils.alert_system - INFO - Alert cleared
2026-09-07 14:26:28,568 - utils.alert_system - INFO - Alert cleared
2026-09-07 14:26:28,636 - utils.alert_system - INFO - Alert cleared
2026-09-07 14:26:28,714 - utils.alert_system - INFO - Alert cleared
2026-09-07 14:26:28,790 - utils.alert_system - INFO - Alert cleared
2026-09-07 14:26:28,855 - utils.alert_system - INFO - Alert cleared
2026-09-07 14:26:28,925 - utils.alert_system - INFO - Alert cleared
2026-09-07 14:26:28,994 - utils.alert_system - INFO - Alert cleared
2026-09-07 14:26:29,068 - utils.alert_system - INFO - Alert cleared
2026-09-07 14:26:29,148 - utils.alert_system - INFO - Alert cleared
2026-09-07 14:26:29,227 - utils.alert_system - INFO - Alert cleared
2026-09-07 14:26:29,295 - utils.alert_system - INFO - Alert cleared
2026-09-07 14:26:29,370 - utils.alert_system - INFO - Alert cleared
2026-09-07 14:26:29,458 - utils.alert_system - INFO - Alert cleared
2026-09-07 14:26:29,543 - utils.alert_system - INFO - Alert cleared
2026-09-07 14:26:29,630 - utils.alert_system - INFO - Alert cleared
2026-09-07 14:26:29,710 - utils.alert_system - INFO - Alert cleared
2026-09-07 14:26:29,786 - utils.alert_system - INFO - Alert cleared
2026-09-07 14:26:29,863 - utils.alert_system - INFO - Alert cleared
2026-09-07 14:26:29,943 - utils.alert_system - INFO - Alert cleared
2026-09-07 14:26:30,023 - utils.alert_system - INFO - Alert cleared
2026-09-07 14:26:30,103 - utils.alert_system - INFO - Alert cleared
2026-09-07 14:26:30,212 - utils.alert_system - INFO - Alert cleared
2026-09-07 14:26:30,300 - utils.alert_system - INFO - Alert cleared
2026-09-07 14:26:30,393 - utils.alert_system - INFO - Alert cleared
2026-09-07 14:26:30,488 - utils.alert_system - INFO - Alert cleared
2026-09-07 14:26:30,584 - utils.alert_system - INFO - Alert cleared
2026-09-07 14:26:30,677 - utils.alert_system - INFO - Alert cleared
2026-09-07 14:26:30,765 - utils.alert_system - INFO - Alert cleared
2026-09-07 14:26:30,833 - utils.alert_system - INFO - Alert cleared
2026-09-07 14:26:30,905 - utils.alert_system - INFO - Alert cleared
2026-09-07 14:26:30,988 - utils.alert_system - INFO - Alert cleared
2026-09-07 14:26:31,069 - utils.alert_system - INFO - Alert cleared
2026-09-07 14:26:31,143 - utils.alert_system - INFO - Alert cleared
2026-09-07 14:26:31,223 - utils.alert_system - INFO - Alert cleared
2026-09-07 14:26:31,291 - utils.alert_system - INFO - Alert cleared
2026-09-07 14:26:31,373 - utils.alert_system - INFO - Alert cleared
2026-09-07 14:26:31,453 - utils.alert_system - INFO - Alert cleared
2026-09-07 14:26:31,538 - utils.alert_system - INFO - Alert cleared
2026-09-07 14:26:31,615 - utils.alert_system - INFO - Alert cleared
2026-09-07 14:26:31,691 - utils.alert_system - INFO - Alert cleared
2026-09-07 14:26:31,774 - utils.alert_system - INFO - Alert cleared
2026-09-07 14:26:31,843 - utils.alert_system - INFO - Alert cleared
2026-09-07 14:26:31,922 - utils.alert_system - INFO - Alert cleared
2026-09-07 14:26:31,998 - utils.alert_system - INFO - Alert cleared
2026-09-07 14:26:32,077 - utils.alert_system - INFO - Alert cleared
2026-09-07 14:26:32,158 - utils.alert_system - INFO - Alert cleared
2026-09-07 14:26:32,239 - utils.alert_system - INFO - Alert cleared
2026-09-07 14:26:32,318 - utils.alert_system - INFO - Alert cleared
2026-09-07 14:26:32,390 - utils.alert_system - INFO - Alert cleared
2026-09-07 14:26:32,465 - utils.alert_system - INFO - Alert cleared
2026-09-07 14:26:32,537 - utils.alert_system - INFO - Alert cleared
2026-09-07 14:26:32,605 - utils.alert_system - INFO - Alert cleared
2026-09-07 14:26:32,679 - utils.alert_system - INFO - Alert cleared
2026-09-07 14:26:32,757 - utils.alert_system - INFO - Alert cleared
2026-09-07 14:26:32,831 - utils.alert_system - INFO - Alert cleared
2026-09-07 14:26:32,905 - utils.alert_system - INFO - Alert cleared
2026-09-07 14:26:32,979 - utils.alert_system - INFO - Alert cleared
2026-09-07 14:26:33,054 - utils.alert_system - INFO - Alert cleared
2026-09-07 14:26:33,131 - utils.alert_system - INFO - Alert cleared
2026-09-07 14:26:33,216 - utils.alert_system - INFO - Alert cleared
2026-09-07 14:26:33,298 - utils.alert_system - INFO - Alert cleared
2026-09-07 14:26:33,380 - utils.alert_system - INFO - Alert cleared
2026-09-07 14:26:33,464 - utils.alert_system - INFO - Alert cleared
2026-09-07 14:26:33,548 - utils.alert_system - INFO - Alert cleared
2026-09-07 14:26:33,640 - utils.alert_system - INFO - Alert cleared
2026-09-07 14:26:33,732 - utils.alert_system - INFO - Alert cleared
2026-09-07 14:26:33,816 - utils.alert_system - INFO - Alert cleared
2026-09-07 14:26:33,894 - utils.alert_system - INFO - Alert cleared
2026-09-07 14:26:33,972 - utils.alert_system - INFO - Alert cleared
2026-09-07 14:26:34,054 - utils.alert_system - INFO - Alert cleared
2026-09-07 14:26:34,124 - utils.alert_system - INFO - Alert cleared
2026-09-07 14:26:34,206 - utils.alert_system - INFO - Alert cleared
2026-09-07 14:26:34,283 - utils.alert_system - INFO - Alert cleared
2026-09-07 14:26:34,355 - utils.alert_system - INFO - Alert cleared
2026-09-07 14:26:34,437 - utils.alert_system - INFO - Alert cleared
2026-09-07 14:26:34,504 - utils.alert_system - INFO - Alert cleared
2026-09-07 14:26:34,585 - utils.alert_system - INFO - Alert cleared
2026-09-07 14:26:34,655 - utils.alert_system - INFO - Alert cleared
2026-09-07 14:26:34,737 - utils.alert_system - INFO - Alert cleared
2026-09-07 14:26:34,814 - utils.alert_system - INFO - Alert cleared
2026-09-07 14:26:34,887 - utils.alert_system - INFO - Alert cleared
2026-09-07 14:26:34,960 - utils.alert_system - INFO - Alert cleared
2026-09-07 14:26:35,037 - utils.alert_system - INFO - Alert cleared
2026-09-07 14:26:35,121 - utils.alert_system - INFO - Alert cleared
2026-09-07 14:26:35,207 - utils.alert_system - INFO - Alert cleared
2026-09-07 14:26:35,281 - utils.alert_system - INFO - Alert cleared
2026-09-07 14:26:35,354 - utils.alert_system - INFO - Alert cleared
2026-09-07 14:26:35,433 - utils.alert_system - INFO - Alert cleared
2026-09-07 14:26:35,511 - utils.alert_system - INFO - Alert cleared
2026-09-07 14:26:35,588 - utils.alert_system - INFO - Alert cleared
2026-09-07 14:26:35,675 - utils.alert_system - INFO - Alert cleared
2026-09-07 14:26:35,755 - utils.alert_system - INFO - Alert cleared
2026-09-07 14:26:35,837 - utils.alert_system - INFO - Alert cleared
2026-09-07 14:26:35,915 - utils.alert_system - INFO - Alert cleared
2026-09-07 14:26:35,990 - utils.alert_system - INFO - Alert cleared
2026-09-07 14:26:36,062 - utils.alert_system - INFO - Alert cleared
2026-09-07 14:26:36,141 - utils.alert_system - INFO - Alert cleared
2026-09-07 14:26:36,209 - utils.alert_system - INFO - Alert cleared
2026-09-07 14:26:36,279 - utils.alert_system - INFO - Alert cleared
2026-09-07 14:26:36,361 - utils.alert_system - INFO - Alert cleared
2026-09-07 14:26:36,450 - utils.alert_system - INFO - Alert cleared
2026-09-07 14:26:36,533 - utils.alert_system - INFO - Alert cleared
2026-09-07 14:26:36,603 - utils.alert_system - INFO - Alert cleared
2026-09-07 14:26:36,685 - utils.alert_system - INFO - Alert cleared
2026-09-07 14:26:36,756 - utils.alert_system - INFO - Alert cleared
2026-09-07 14:26:36,835 - utils.alert_system - INFO - Alert cleared
2026-09-07 14:26:36,924 - utils.alert_system - INFO - Alert cleared
2026-09-07 14:26:37,000 - utils.alert_system - INFO - Alert cleared
2026-09-07 14:26:37,079 - utils.alert_system - INFO - Alert cleared
2026-09-07 14:26:37,159 - utils.alert_system - INFO - Alert cleared
2026-09-07 14:26:37,240 - utils.alert_system - INFO - Alert cleared
2026-09-07 14:26:37,310 - utils.alert_system - INFO - Alert cleared
2026-09-07 14:26:37,378 - utils.alert_system - INFO - Alert cleared
2026-09-07 14:26:37,457 - utils.alert_system - INFO - Alert cleared
2026-09-07 14:26:37,539 - utils.alert_system - INFO - Alert cleared
2026-09-07 14:26:37,616 - utils.alert_system - INFO - Alert cleared
2026-09-07 14:26:37,694 - utils.alert_system - INFO - Alert cleared
2026-09-07 14:26:37,772 - utils.alert_system - INFO - Alert cleared
2026-09-07 14:26:37,857 - utils.alert_system - INFO - Alert cleared
2026-09-07 14:26:37,947 - utils.alert_system - INFO - Alert cleared
2026-09-07 14:26:38,033 - utils.alert_system - INFO - Alert cleared
2026-09-07 14:26:38,108 - utils.alert_system - INFO - Alert cleared
2026-09-07 14:26:38,179 - utils.alert_system - INFO - Alert cleared
2026-09-07 14:26:38,255 - utils.alert_system - INFO - Alert cleared
2026-09-07 14:26:38,333 - utils.alert_system - INFO - Alert cleared
2026-09-07 14:26:38,414 - utils.alert_system - INFO - Alert cleared
2026-09-07 14:26:38,496 - utils.alert_system - INFO - Alert cleared
2026-09-07 14:26:38,578 - utils.alert_system - INFO - Alert cleared
2026-09-07 14:26:38,652 - utils.alert_system - INFO - Alert cleared
2026-09-07 14:26:38,733 - utils.alert_system - INFO - Alert cleared
2026-09-07 14:26:38,806 - utils.alert_system - INFO - Alert cleared
2026-09-07 14:26:38,884 - utils.alert_system - INFO - Alert cleared
2026-09-07 14:26:38,958 - utils.alert_system - INFO - Alert cleared
2026-09-07 14:26:39,037 - utils.alert_system - INFO - Alert cleared
2026-09-07 14:26:39,121 - utils.alert_system - INFO - Alert cleared
2026-09-07 14:26:39,200 - utils.alert_system - INFO - Alert cleared
2026-09-07 14:26:39,281 - utils.alert_system - INFO - Alert cleared
2026-09-07 14:26:39,357 - utils.alert_system - INFO - Alert cleared
2026-09-07 14:26:39,432 - utils.alert_system - INFO - Alert cleared
2026-09-07 14:26:39,509 - utils.alert_system - INFO - Alert cleared
2026-09-07 14:26:39,590 - utils.alert_system - INFO - Alert cleared
2026-09-07 14:26:39,670 - utils.alert_system - INFO - Alert cleared
2026-09-07 14:26:39,746 - utils.alert_system - INFO - Alert cleared
2026-09-07 14:26:39,828 - utils.alert_system - INFO - Alert cleared
2026-09-07 14:26:39,902 - utils.alert_system - INFO - Alert cleared
2026-09-07 14:26:39,982 - utils.alert_system - INFO - Alert cleared
2026-09-07 14:26:40,063 - utils.alert_system - INFO - Alert cleared
2026-09-07 14:26:40,141 - utils.alert_system - INFO - Alert cleared
2026-09-07 14:26:40,229 - utils.alert_system - INFO - Alert cleared
2026-09-07 14:26:40,306 - utils.alert_system - INFO - Alert cleared
2026-09-07 14:26:40,377 - utils.alert_system - INFO - Alert cleared
2026-09-07 14:26:40,449 - utils.alert_system - INFO - Alert cleared
2026-09-07 14:26:40,532 - utils.alert_system - INFO - Alert cleared
2026-09-07 14:26:40,610 - utils.alert_system - INFO - Alert cleared
2026-09-07 14:26:40,688 - utils.alert_system - INFO - Alert cleared
2026-09-07 14:26:40,769 - utils.alert_system - INFO - Alert cleared
2026-09-07 14:26:40,843 - utils.alert_system - INFO - Alert cleared
2026-09-07 14:26:40,919 - utils.alert_system - INFO - Alert cleared
2026-09-07 14:26:40,991 - utils.alert_system - INFO - Alert cleared
2026-09-07 14:26:41,070 - utils.alert_system - INFO - Alert cleared
2026-09-07 14:26:41,157 - utils.alert_system - INFO - Alert cleared
2026-09-07 14:26:41,246 - utils.alert_system - INFO - Alert cleared
2026-09-07 14:26:41,329 - utils.alert_system - INFO - Alert cleared
2026-09-07 14:26:41,417 - utils.alert_system - INFO - Alert cleared
2026-09-07 14:26:41,503 - utils.alert_system - INFO - Alert cleared
2026-09-07 14:26:41,578 - utils.alert_system - INFO - Alert cleared
2026-09-07 14:26:41,648 - utils.alert_system - INFO - Alert cleared
2026-09-07 14:26:41,733 - utils.alert_system - INFO - Alert cleared
2026-09-07 14:26:41,806 - utils.alert_system - INFO - Alert cleared
2026-09-07 14:26:41,883 - utils.alert_system - INFO - Alert cleared
2026-09-07 14:26:41,966 - utils.alert_system - INFO - Alert cleared
2026-09-07 14:26:42,037 - utils.alert_system - INFO - Alert cleared
2026-09-07 14:26:42,112 - utils.alert_system - INFO - Alert cleared
2026-09-07 14:26:42,188 - utils.alert_system - INFO - Alert cleared
2026-09-07 14:26:42,269 - utils.alert_system - INFO - Alert cleared
2026-09-07 14:26:42,364 - utils.alert_system - INFO - Alert cleared
2026-09-07 14:26:42,439 - utils.alert_system - INFO - Alert cleared
2026-09-07 14:26:42,518 - utils.alert_system - INFO - Alert cleared
2026-09-07 14:26:42,605 - utils.alert_system - INFO - Alert cleared
2026-09-07 14:26:42,686 - utils.alert_system - INFO - Alert cleared
2026-09-07 14:26:42,764 - utils.alert_system - INFO - Alert cleared
2026-09-07 14:26:42,835 - utils.alert_system - INFO - Alert cleared
2026-09-07 14:26:42,909 - utils.alert_system - INFO - Alert cleared
2026-09-07 14:26:42,988 - utils.alert_system - INFO - Alert cleared
2026-09-07 14:26:43,067 - utils.alert_system - INFO - Alert cleared
2026-09-07 14:26:43,141 - utils.alert_system - INFO - Alert cleared
2026-09-07 14:26:43,221 - utils.alert_system - INFO - Alert cleared
2026-09-07 14:26:43,295 - utils.alert_system - INFO - Alert cleared
2026-09-07 14:26:43,376 - utils.alert_system - INFO - Alert cleared
2026-09-07 14:26:43,453 - utils.alert_system - INFO - Alert cleared
2026-09-07 14:26:43,525 - utils.alert_system - INFO - Alert cleared
2026-09-07 14:26:43,610 - utils.alert_system - INFO - Alert cleared
2026-09-07 14:26:43,691 - utils.alert_system - INFO - Alert cleared
2026-09-07 14:26:43,763 - utils.alert_system - INFO - Alert cleared
2026-09-07 14:26:43,834 - utils.alert_system - INFO - Alert cleared
2026-09-07 14:26:43,903 - utils.alert_system - INFO - Alert cleared
2026-09-07 14:26:43,976 - utils.alert_system - INFO - Alert cleared
2026-09-07 14:26:44,053 - utils.alert_system - INFO - Alert cleared
2026-09-07 14:26:44,128 - utils.alert_system - INFO - Alert cleared
2026-09-07 14:26:44,199 - utils.alert_system - INFO - Alert cleared
2026-09-07 14:26:44,271 - utils.alert_system - INFO - Alert cleared
2026-09-07 14:26:44,346 - utils.alert_system - INFO - Alert cleared
2026-09-07 14:26:44,426 - utils.alert_system - INFO - Alert cleared
2026-09-07 14:26:44,504 - utils.alert_system - INFO - Alert cleared
2026-09-07 14:26:44,586 - utils.alert_system - INFO - Alert cleared
2026-09-07 14:26:44,661 - utils.alert_system - INFO - Alert cleared
2026-09-07 14:26:44,736 - utils.alert_system - INFO - Alert cleared
2026-09-07 14:26:44,806 - utils.alert_system - INFO - Alert cleared
2026-09-07 14:26:44,878 - utils.alert_system - INFO - Alert cleared
2026-09-07 14:26:44,955 - utils.alert_system - INFO - Alert cleared
2026-09-07 14:26:45,026 - utils.alert_system - INFO - Alert cleared
2026-09-07 14:26:45,103 - utils.alert_system - INFO - Alert cleared
2026-09-07 14:26:45,187 - utils.alert_system - INFO - Alert cleared
2026-09-07 14:26:45,260 - utils.alert_system - INFO - Alert cleared
2026-09-07 14:26:45,343 - utils.alert_system - INFO - Alert cleared
2026-09-07 14:26:45,424 - utils.alert_system - INFO - Alert cleared
2026-09-07 14:26:45,491 - utils.alert_system - INFO - Alert cleared
2026-09-07 14:26:45,579 - utils.alert_system - INFO - Alert cleared
2026-09-07 14:26:45,655 - utils.alert_system - INFO - Alert cleared
2026-09-07 14:26:45,740 - utils.alert_system - INFO - Alert cleared
2026-09-07 14:26:45,804 - utils.alert_system - INFO - Alert cleared
2026-09-07 14:26:45,889 - utils.alert_system - INFO - Alert cleared
2026-09-07 14:26:45,968 - utils.alert_system - INFO - Alert cleared
2026-09-07 14:26:46,039 - utils.alert_system - INFO - Alert cleared
2026-09-07 14:26:46,104 - utils.alert_system - INFO - Alert cleared
2026-09-07 14:26:46,191 - utils.alert_system - INFO - Alert cleared
2026-09-07 14:26:46,267 - utils.alert_system - INFO - Alert cleared
2026-09-07 14:26:46,336 - utils.alert_system - INFO - Alert cleared
2026-09-07 14:26:46,418 - utils.alert_system - INFO - Alert cleared
2026-09-07 14:26:46,509 - utils.alert_system - INFO - Alert cleared
2026-09-07 14:26:46,582 - utils.alert_system - INFO - Alert cleared
2026-09-07 14:26:46,655 - utils.alert_system - INFO - Alert cleared
2026-09-07 14:26:46,732 - utils.alert_system - INFO - Alert cleared
2026-09-07 14:26:46,803 - utils.alert_system - INFO - Alert cleared
2026-09-07 14:26:46,894 - utils.alert_system - INFO - Alert cleared
2026-09-07 14:26:46,978 - utils.alert_system - INFO - Alert cleared
2026-09-07 14:26:47,051 - utils.alert_system - WARNING - Alert: WARNING | Distance: 16.2m | TTC: 1.9s
2026-09-07 14:26:47,554 - utils.alert_system - INFO - Alert cleared
2026-09-07 14:26:47,624 - utils.alert_system - INFO - Alert cleared
2026-09-07 14:26:47,856 - utils.alert_system - WARNING - Alert: DANGER | Distance: 14.9m | TTC: 1.8s
2026-09-07 14:26:47,945 - utils.alert_system - WARNING - Alert: DANGER | Distance: 14.6m | TTC: 1.8s
2026-09-07 14:26:48,065 - utils.alert_system - INFO - Alert cleared
2026-09-07 14:26:48,138 - utils.alert_system - WARNING - Alert: DANGER | Distance: 5.4m | TTC: 0.6s
2026-09-07 14:26:48,249 - utils.alert_system - INFO - Alert cleared
2026-09-07 14:26:48,326 - utils.alert_system - INFO - Alert cleared
2026-09-07 14:26:48,399 - utils.alert_system - INFO - Alert cleared
2026-09-07 14:26:48,475 - utils.alert_system - INFO - Alert cleared
2026-09-07 14:26:48,551 - utils.alert_system - INFO - Alert cleared
2026-09-07 14:26:48,625 - utils.alert_system - INFO - Alert cleared
2026-09-07 14:26:48,706 - utils.alert_system - INFO - Alert cleared
2026-09-07 14:26:48,785 - utils.alert_system - WARNING - Alert: DANGER | Distance: 13.3m | TTC: 1.6s
2026-09-07 14:26:48,862 - utils.alert_system - WARNING - Alert: DANGER | Distance: 12.2m | TTC: 1.5s
2026-09-07 14:26:48,944 - utils.alert_system - WARNING - Alert: DANGER | Distance: 10.9m | TTC: 1.3s
2026-09-07 14:26:49,026 - utils.alert_system - WARNING - Alert: DANGER | Distance: 9.8m | TTC: 1.2s
2026-09-07 14:26:49,118 - utils.alert_system - INFO - Alert cleared
2026-09-07 14:26:49,196 - utils.alert_system - WARNING - Alert: DANGER | Distance: 8.6m | TTC: 1.0s
2026-09-07 14:26:49,278 - utils.alert_system - WARNING - Alert: DANGER | Distance: 8.2m | TTC: 1.0s
2026-09-07 14:26:49,421 - utils.alert_system - INFO - Alert cleared
2026-09-07 14:26:49,499 - utils.alert_system - WARNING - Alert: DANGER | Distance: 7.8m | TTC: 0.9s
2026-09-07 14:26:49,613 - utils.alert_system - INFO - Alert cleared
2026-09-07 14:26:49,687 - utils.alert_system - WARNING - Alert: DANGER | Distance: 7.6m | TTC: 0.9s
2026-09-07 14:26:49,793 - utils.alert_system - INFO - Alert cleared
2026-09-07 14:26:49,875 - utils.alert_system - INFO - Alert cleared
2026-09-07 14:26:49,954 - utils.alert_system - INFO - Alert cleared
2026-09-07 14:26:50,027 - utils.alert_system - INFO - Alert cleared
2026-09-07 14:26:50,100 - utils.alert_system - INFO - Alert cleared
2026-09-07 14:26:50,177 - utils.alert_system - INFO - Alert cleared
2026-09-07 14:26:50,251 - utils.alert_system - INFO - Alert cleared
2026-09-07 14:26:50,323 - utils.alert_system - INFO - Alert cleared
2026-09-07 14:26:50,394 - utils.alert_system - INFO - Alert cleared
2026-09-07 14:26:50,465 - utils.alert_system - INFO - Alert cleared
2026-09-07 14:26:50,535 - utils.alert_system - INFO - Alert cleared
2026-09-07 14:26:50,609 - utils.alert_system - INFO - Alert cleared
2026-09-07 14:26:50,695 - utils.alert_system - INFO - Alert cleared
2026-09-07 14:26:50,777 - utils.alert_system - INFO - Alert cleared
2026-09-07 14:26:50,854 - utils.alert_system - INFO - Alert cleared
2026-09-07 14:26:50,933 - utils.alert_system - INFO - Alert cleared
2026-09-07 14:26:51,010 - utils.alert_system - INFO - Alert cleared
2026-09-07 14:26:51,093 - utils.alert_system - INFO - Alert cleared
2026-09-07 14:26:51,178 - utils.alert_system - INFO - Alert cleared
2026-09-07 14:26:51,254 - utils.alert_system - INFO - Alert cleared
2026-09-07 14:26:51,333 - utils.alert_system - INFO - Alert cleared
2026-09-07 14:26:51,406 - utils.alert_system - INFO - Alert cleared
2026-09-07 14:26:51,488 - utils.alert_system - INFO - Alert cleared
2026-09-07 14:26:51,565 - utils.alert_system - INFO - Alert cleared
2026-09-07 14:26:51,636 - utils.alert_system - INFO - Alert cleared
2026-09-07 14:26:51,705 - utils.alert_system - INFO - Alert cleared
2026-09-07 14:26:51,775 - utils.alert_system - INFO - Alert cleared
2026-09-07 14:26:51,858 - utils.alert_system - INFO - Alert cleared
2026-09-07 14:26:51,930 - utils.alert_system - INFO - Alert cleared
2026-09-07 14:26:52,005 - utils.alert_system - INFO - Alert cleared
2026-09-07 14:26:52,083 - utils.alert_system - INFO - Alert cleared
2026-09-07 14:26:52,156 - utils.alert_system - INFO - Alert cleared
2026-09-07 14:26:52,230 - utils.alert_system - INFO - Alert cleared
2026-09-07 14:26:52,307 - utils.alert_system - INFO - Alert cleared
2026-09-07 14:26:52,381 - utils.alert_system - INFO - Alert cleared
2026-09-07 14:26:52,456 - utils.alert_system - INFO - Alert cleared
2026-09-07 14:26:52,535 - utils.alert_system - INFO - Alert cleared
2026-09-07 14:26:52,619 - utils.alert_system - INFO - Alert cleared
2026-09-07 14:26:52,688 - utils.alert_system - INFO - Alert cleared
2026-09-07 14:26:52,771 - utils.alert_system - INFO - Alert cleared
2026-09-07 14:26:52,850 - utils.alert_system - INFO - Alert cleared
2026-09-07 14:26:52,922 - utils.alert_system - INFO - Alert cleared
2026-09-07 14:26:52,996 - utils.alert_system - INFO - Alert cleared
2026-09-07 14:26:53,076 - utils.alert_system - INFO - Alert cleared
2026-09-07 14:26:53,154 - utils.alert_system - INFO - Alert cleared
2026-09-07 14:26:53,233 - utils.alert_system - INFO - Alert cleared
2026-09-07 14:26:53,306 - utils.alert_system - INFO - Alert cleared
2026-09-07 14:26:53,381 - utils.alert_system - INFO - Alert cleared
2026-09-07 14:26:53,455 - utils.alert_system - INFO - Alert cleared
2026-09-07 14:26:53,531 - utils.alert_system - INFO - Alert cleared
2026-09-07 14:26:53,602 - utils.alert_system - INFO - Alert cleared
2026-09-07 14:26:53,683 - utils.alert_system - INFO - Alert cleared
2026-09-07 14:26:53,756 - utils.alert_system - INFO - Alert cleared
2026-09-07 14:26:53,839 - utils.alert_system - INFO - Alert cleared
2026-09-07 14:26:53,920 - utils.alert_system - INFO - Alert cleared
2026-09-07 14:26:53,988 - utils.alert_system - INFO - Alert cleared
2026-09-07 14:26:54,064 - utils.alert_system - INFO - Alert cleared
2026-09-07 14:26:54,134 - utils.alert_system - INFO - Alert cleared
2026-09-07 14:26:54,214 - utils.alert_system - INFO - Alert cleared
2026-09-07 14:26:54,288 - utils.alert_system - INFO - Alert cleared
2026-09-07 14:26:54,371 - utils.alert_system - INFO - Alert cleared
2026-09-07 14:26:54,444 - utils.alert_system - INFO - Alert cleared
2026-09-07 14:26:54,521 - utils.alert_system - INFO - Alert cleared
2026-09-07 14:26:54,602 - utils.alert_system - INFO - Alert cleared
2026-09-07 14:26:54,679 - utils.alert_system - INFO - Alert cleared
2026-09-07 14:26:54,758 - utils.alert_system - INFO - Alert cleared
2026-09-07 14:26:54,838 - utils.alert_system - INFO - Alert cleared
2026-09-07 14:26:54,913 - utils.alert_system - INFO - Alert cleared
2026-09-07 14:26:54,989 - utils.alert_system - INFO - Alert cleared
2026-09-07 14:26:55,070 - utils.alert_system - INFO - Alert cleared
2026-09-07 14:26:55,139 - utils.alert_system - INFO - Alert cleared
2026-09-07 14:26:55,227 - utils.alert_system - INFO - Alert cleared
2026-09-07 14:26:55,306 - utils.alert_system - INFO - Alert cleared
2026-09-07 14:26:55,383 - utils.alert_system - INFO - Alert cleared
2026-09-07 14:26:55,454 - utils.alert_system - INFO - Alert cleared
2026-09-07 14:26:55,531 - utils.alert_system - INFO - Alert cleared
2026-09-07 14:26:55,599 - utils.alert_system - INFO - Alert cleared
2026-09-07 14:26:55,674 - utils.alert_system - INFO - Alert cleared
2026-09-07 14:26:55,749 - utils.alert_system - INFO - Alert cleared
2026-09-07 14:26:55,825 - utils.alert_system - INFO - Alert cleared
2026-09-07 14:26:55,903 - utils.alert_system - INFO - Alert cleared
2026-09-07 14:26:55,987 - utils.alert_system - INFO - Alert cleared
2026-09-07 14:26:56,060 - utils.alert_system - INFO - Alert cleared
2026-09-07 14:26:56,128 - utils.alert_system - INFO - Alert cleared
2026-09-07 14:26:56,207 - utils.alert_system - INFO - Alert cleared
2026-09-07 14:26:56,275 - utils.alert_system - INFO - Alert cleared
2026-09-07 14:26:56,355 - utils.alert_system - INFO - Alert cleared
2026-09-07 14:26:56,429 - utils.alert_system - INFO - Alert cleared
2026-09-07 14:26:56,505 - utils.alert_system - INFO - Alert cleared
2026-09-07 14:26:56,580 - utils.alert_system - INFO - Alert cleared
2026-09-07 14:26:56,657 - utils.alert_system - INFO - Alert cleared
2026-09-07 14:26:56,726 - utils.alert_system - INFO - Alert cleared
2026-09-07 14:26:56,800 - utils.alert_system - INFO - Alert cleared
2026-09-07 14:26:56,871 - utils.alert_system - INFO - Alert cleared
2026-09-07 14:26:56,941 - utils.alert_system - INFO - Alert cleared
2026-09-07 14:26:57,010 - utils.alert_system - INFO - Alert cleared
2026-09-07 14:26:57,081 - utils.alert_system - INFO - Alert cleared
2026-09-07 14:26:57,157 - utils.alert_system - INFO - Alert cleared
2026-09-07 14:26:57,238 - utils.alert_system - INFO - Alert cleared
2026-09-07 14:26:57,307 - utils.alert_system - INFO - Alert cleared
2026-09-07 14:26:57,375 - utils.alert_system - INFO - Alert cleared
2026-09-07 14:26:57,457 - utils.alert_system - INFO - Alert cleared
2026-09-07 14:26:57,523 - utils.alert_system - INFO - Alert cleared
2026-09-07 14:26:57,590 - utils.alert_system - INFO - Alert cleared
2026-09-07 14:26:57,675 - utils.alert_system - INFO - Alert cleared
2026-09-07 14:26:57,750 - utils.alert_system - INFO - Alert cleared
2026-09-07 14:26:57,825 - utils.alert_system - INFO - Alert cleared
2026-09-07 14:26:57,892 - utils.alert_system - INFO - Alert cleared
2026-09-07 14:26:57,969 - utils.alert_system - INFO - Alert cleared
2026-09-07 14:26:58,042 - utils.alert_system - INFO - Alert cleared
2026-09-07 14:26:58,121 - utils.alert_system - INFO - Alert cleared
2026-09-07 14:26:58,196 - utils.alert_system - INFO - Alert cleared
2026-09-07 14:26:58,273 - utils.alert_system - INFO - Alert cleared
2026-09-07 14:26:58,348 - utils.alert_system - INFO - Alert cleared
2026-09-07 14:26:58,425 - utils.alert_system - INFO - Alert cleared
2026-09-07 14:26:58,493 - utils.alert_system - INFO - Alert cleared
2026-09-07 14:26:58,567 - utils.alert_system - INFO - Alert cleared
2026-09-07 14:26:58,638 - utils.alert_system - INFO - Alert cleared
2026-09-07 14:26:58,711 - utils.alert_system - INFO - Alert cleared
2026-09-07 14:26:58,795 - utils.alert_system - INFO - Alert cleared
2026-09-07 14:26:58,873 - utils.alert_system - INFO - Alert cleared
2026-09-07 14:26:58,954 - utils.alert_system - INFO - Alert cleared
2026-09-07 14:26:59,024 - utils.alert_system - INFO - Alert cleared
2026-09-07 14:26:59,093 - utils.alert_system - INFO - Alert cleared
2026-09-07 14:26:59,177 - utils.alert_system - INFO - Alert cleared
2026-09-07 14:26:59,253 - utils.alert_system - INFO - Alert cleared
2026-09-07 14:26:59,326 - utils.alert_system - INFO - Alert cleared
2026-09-07 14:26:59,412 - utils.alert_system - INFO - Alert cleared
2026-09-07 14:26:59,493 - utils.alert_system - INFO - Alert cleared
2026-09-07 14:26:59,570 - utils.alert_system - INFO - Alert cleared
2026-09-07 14:26:59,637 - utils.alert_system - INFO - Alert cleared
2026-09-07 14:26:59,710 - utils.alert_system - INFO - Alert cleared
2026-09-07 14:26:59,794 - utils.alert_system - INFO - Alert cleared
2026-09-07 14:26:59,878 - utils.alert_system - INFO - Alert cleared
2026-09-07 14:26:59,951 - utils.alert_system - INFO - Alert cleared
2026-09-07 14:27:00,025 - utils.alert_system - INFO - Alert cleared
2026-09-07 14:27:00,096 - utils.alert_system - INFO - Alert cleared
2026-09-07 14:27:00,165 - utils.alert_system - INFO - Alert cleared
2026-09-07 14:27:00,253 - utils.alert_system - INFO - Alert cleared
2026-09-07 14:27:00,325 - utils.alert_system - INFO - Alert cleared
2026-09-07 14:27:00,408 - utils.alert_system - INFO - Alert cleared
2026-09-07 14:27:00,478 - utils.alert_system - INFO - Alert cleared
2026-09-07 14:27:00,554 - utils.alert_system - INFO - Alert cleared
2026-09-07 14:27:00,632 - utils.alert_system - INFO - Alert cleared
2026-09-07 14:27:00,707 - utils.alert_system - INFO - Alert cleared
2026-09-07 14:27:00,779 - utils.alert_system - INFO - Alert cleared
2026-09-07 14:27:00,853 - utils.alert_system - INFO - Alert cleared
2026-09-07 14:27:00,938 - utils.alert_system - INFO - Alert cleared
2026-09-07 14:27:01,013 - utils.alert_system - INFO - Alert cleared
2026-09-07 14:27:01,086 - utils.alert_system - INFO - Alert cleared
2026-09-07 14:27:01,166 - utils.alert_system - INFO - Alert cleared
2026-09-07 14:27:01,236 - utils.alert_system - INFO - Alert cleared
2026-09-07 14:27:01,313 - utils.alert_system - INFO - Alert cleared
2026-09-07 14:27:01,387 - utils.alert_system - INFO - Alert cleared
2026-09-07 14:27:01,466 - utils.alert_system - INFO - Alert cleared
2026-09-07 14:27:01,547 - utils.alert_system - INFO - Alert cleared
2026-09-07 14:27:01,626 - utils.alert_system - INFO - Alert cleared
2026-09-07 14:27:01,701 - utils.alert_system - INFO - Alert cleared
2026-09-07 14:27:01,779 - utils.alert_system - INFO - Alert cleared
2026-09-07 14:27:01,853 - utils.alert_system - INFO - Alert cleared
2026-09-07 14:27:01,935 - utils.alert_system - INFO - Alert cleared
2026-09-07 14:27:02,011 - utils.alert_system - INFO - Alert cleared
2026-09-07 14:27:02,086 - utils.alert_system - INFO - Alert cleared
2026-09-07 14:27:02,168 - utils.alert_system - INFO - Alert cleared
2026-09-07 14:27:02,247 - utils.alert_system - INFO - Alert cleared
2026-09-07 14:27:02,311 - utils.alert_system - INFO - Alert cleared
2026-09-07 14:27:02,382 - utils.alert_system - INFO - Alert cleared
2026-09-07 14:27:02,453 - utils.alert_system - INFO - Alert cleared
2026-09-07 14:27:02,530 - utils.alert_system - INFO - Alert cleared
2026-09-07 14:27:02,614 - utils.alert_system - INFO - Alert cleared
2026-09-07 14:27:02,684 - utils.alert_system - INFO - Alert cleared
2026-09-07 14:27:02,767 - utils.alert_system - INFO - Alert cleared
2026-09-07 14:27:02,844 - utils.alert_system - INFO - Alert cleared
2026-09-07 14:27:02,923 - utils.alert_system - INFO - Alert cleared
2026-09-07 14:27:02,993 - utils.alert_system - INFO - Alert cleared
2026-09-07 14:27:03,062 - utils.alert_system - INFO - Alert cleared
2026-09-07 14:27:03,135 - utils.alert_system - INFO - Alert cleared
2026-09-07 14:27:03,218 - utils.alert_system - INFO - Alert cleared
2026-09-07 14:27:03,299 - utils.alert_system - INFO - Alert cleared
2026-09-07 14:27:03,381 - utils.alert_system - INFO - Alert cleared
2026-09-07 14:27:03,460 - utils.alert_system - INFO - Alert cleared
2026-09-07 14:27:03,534 - utils.alert_system - INFO - Alert cleared
2026-09-07 14:27:03,617 - utils.alert_system - INFO - Alert cleared
2026-09-07 14:27:03,700 - utils.alert_system - INFO - Alert cleared
2026-09-07 14:27:03,776 - utils.alert_system - INFO - Alert cleared
2026-09-07 14:27:03,849 - utils.alert_system - INFO - Alert cleared
2026-09-07 14:27:03,929 - utils.alert_system - INFO - Alert cleared
2026-09-07 14:27:04,000 - utils.alert_system - INFO - Alert cleared
2026-09-07 14:27:04,078 - utils.alert_system - INFO - Alert cleared
2026-09-07 14:27:04,152 - utils.alert_system - INFO - Alert cleared
2026-09-07 14:27:04,229 - utils.alert_system - INFO - Alert cleared
2026-09-07 14:27:04,312 - utils.alert_system - INFO - Alert cleared
2026-09-07 14:27:04,388 - utils.alert_system - INFO - Alert cleared
2026-09-07 14:27:04,464 - utils.alert_system - INFO - Alert cleared
2026-09-07 14:27:04,537 - utils.alert_system - INFO - Alert cleared
2026-09-07 14:27:04,608 - utils.alert_system - INFO - Alert cleared
2026-09-07 14:27:04,685 - utils.alert_system - INFO - Alert cleared
2026-09-07 14:27:04,761 - utils.alert_system - INFO - Alert cleared
2026-09-07 14:27:04,835 - utils.alert_system - INFO - Alert cleared
2026-09-07 14:27:04,907 - utils.alert_system - INFO - Alert cleared
2026-09-07 14:27:04,977 - utils.alert_system - INFO - Alert cleared
2026-09-07 14:27:05,051 - utils.alert_system - INFO - Alert cleared
2026-09-07 14:27:05,125 - utils.alert_system - INFO - Alert cleared
2026-09-07 14:27:05,206 - utils.alert_system - INFO - Alert cleared
2026-09-07 14:27:05,275 - utils.alert_system - INFO - Alert cleared
2026-09-07 14:27:05,352 - utils.alert_system - INFO - Alert cleared
2026-09-07 14:27:05,421 - utils.alert_system - INFO - Alert cleared
2026-09-07 14:27:05,501 - utils.alert_system - INFO - Alert cleared
2026-09-07 14:27:05,580 - utils.alert_system - INFO - Alert cleared
2026-09-07 14:27:05,652 - utils.alert_system - INFO - Alert cleared
2026-09-07 14:27:05,734 - utils.alert_system - INFO - Alert cleared
2026-09-07 14:27:05,803 - utils.alert_system - INFO - Alert cleared
2026-09-07 14:27:05,890 - utils.alert_system - INFO - Alert cleared
2026-09-07 14:27:05,970 - utils.alert_system - INFO - Alert cleared
2026-09-07 14:27:06,037 - utils.alert_system - INFO - Alert cleared
2026-09-07 14:27:06,106 - utils.alert_system - INFO - Alert cleared
2026-09-07 14:27:06,185 - utils.alert_system - INFO - Alert cleared
2026-09-07 14:27:06,257 - utils.alert_system - INFO - Alert cleared
2026-09-07 14:27:06,338 - utils.alert_system - INFO - Alert cleared
2026-09-07 14:27:06,403 - utils.alert_system - INFO - Alert cleared
2026-09-07 14:27:06,492 - utils.alert_system - INFO - Alert cleared
2026-09-07 14:27:06,569 - utils.alert_system - INFO - Alert cleared
2026-09-07 14:27:06,643 - utils.alert_system - INFO - Alert cleared
2026-09-07 14:27:06,714 - utils.alert_system - INFO - Alert cleared
2026-09-07 14:27:06,790 - utils.alert_system - INFO - Alert cleared
2026-09-07 14:27:06,869 - utils.alert_system - INFO - Alert cleared
2026-09-07 14:27:06,946 - utils.alert_system - INFO - Alert cleared
2026-09-07 14:27:07,028 - utils.alert_system - INFO - Alert cleared
2026-09-07 14:27:07,103 - utils.alert_system - INFO - Alert cleared
2026-09-07 14:27:07,176 - utils.alert_system - INFO - Alert cleared
2026-09-07 14:27:07,243 - utils.alert_system - INFO - Alert cleared
2026-09-07 14:27:07,315 - utils.alert_system - INFO - Alert cleared
2026-09-07 14:27:07,394 - utils.alert_system - INFO - Alert cleared
2026-09-07 14:27:07,478 - utils.alert_system - INFO - Alert cleared
2026-09-07 14:27:07,554 - utils.alert_system - INFO - Alert cleared
2026-09-07 14:27:07,629 - utils.alert_system - INFO - Alert cleared
2026-09-07 14:27:07,694 - utils.alert_system - INFO - Alert cleared
2026-09-07 14:27:07,774 - utils.alert_system - INFO - Alert cleared
2026-09-07 14:27:07,853 - utils.alert_system - INFO - Alert cleared
2026-09-07 14:27:07,921 - utils.alert_system - INFO - Alert cleared
2026-09-07 14:27:07,991 - utils.alert_system - INFO - Alert cleared
2026-09-07 14:27:08,068 - utils.alert_system - INFO - Alert cleared
2026-09-07 14:27:08,140 - utils.alert_system - INFO - Alert cleared
2026-09-07 14:27:08,214 - utils.alert_system - INFO - Alert cleared
2026-09-07 14:27:08,282 - utils.alert_system - INFO - Alert cleared
2026-09-07 14:27:08,355 - utils.alert_system - INFO - Alert cleared
2026-09-07 14:27:08,426 - utils.alert_system - INFO - Alert cleared
2026-09-07 14:27:08,501 - utils.alert_system - INFO - Alert cleared
2026-09-07 14:27:08,580 - utils.alert_system - INFO - Alert cleared
2026-09-07 14:27:08,656 - utils.alert_system - INFO - Alert cleared
2026-09-07 14:27:08,728 - utils.alert_system - INFO - Alert cleared
2026-09-07 14:27:08,806 - utils.alert_system - INFO - Alert cleared
2026-09-07 14:27:08,878 - utils.alert_system - INFO - Alert cleared
2026-09-07 14:27:08,961 - utils.alert_system - INFO - Alert cleared
2026-09-07 14:27:09,042 - utils.alert_system - INFO - Alert cleared
2026-09-07 14:27:09,114 - utils.alert_system - INFO - Alert cleared
2026-09-07 14:27:09,191 - utils.alert_system - INFO - Alert cleared
2026-09-07 14:27:09,263 - utils.alert_system - INFO - Alert cleared
2026-09-07 14:27:09,338 - utils.alert_system - INFO - Alert cleared
2026-09-07 14:27:09,405 - utils.alert_system - INFO - Alert cleared
2026-09-07 14:27:09,482 - utils.alert_system - INFO - Alert cleared
2026-09-07 14:27:09,560 - utils.alert_system - INFO - Alert cleared
2026-09-07 14:27:09,644 - utils.alert_system - INFO - Alert cleared
2026-09-07 14:27:09,714 - utils.alert_system - INFO - Alert cleared
2026-09-07 14:27:09,789 - utils.alert_system - INFO - Alert cleared
2026-09-07 14:27:09,866 - utils.alert_system - INFO - Alert cleared
2026-09-07 14:27:09,935 - utils.alert_system - INFO - Alert cleared
2026-09-07 14:27:10,008 - utils.alert_system - INFO - Alert cleared
2026-09-07 14:27:10,080 - utils.alert_system - INFO - Alert cleared
2026-09-07 14:27:10,158 - utils.alert_system - INFO - Alert cleared
2026-09-07 14:27:10,229 - utils.alert_system - INFO - Alert cleared
2026-09-07 14:27:10,306 - utils.alert_system - INFO - Alert cleared
2026-09-07 14:27:10,380 - utils.alert_system - INFO - Alert cleared
2026-09-07 14:27:10,454 - utils.alert_system - INFO - Alert cleared
2026-09-07 14:27:10,527 - utils.alert_system - INFO - Alert cleared
2026-09-07 14:27:10,598 - utils.alert_system - INFO - Alert cleared
2026-09-07 14:27:10,676 - utils.alert_system - INFO - Alert cleared
2026-09-07 14:27:10,753 - utils.alert_system - INFO - Alert cleared
2026-09-07 14:27:10,823 - utils.alert_system - INFO - Alert cleared
2026-09-07 14:27:10,899 - utils.alert_system - INFO - Alert cleared
2026-09-07 14:27:10,971 - utils.alert_system - INFO - Alert cleared
2026-09-07 14:27:11,043 - utils.alert_system - INFO - Alert cleared
2026-09-07 14:27:11,124 - utils.alert_system - INFO - Alert cleared
2026-09-07 14:27:11,205 - utils.alert_system - INFO - Alert cleared
2026-09-07 14:27:11,283 - utils.alert_system - INFO - Alert cleared
2026-09-07 14:27:11,356 - utils.alert_system - INFO - Alert cleared
2026-09-07 14:27:11,436 - utils.alert_system - INFO - Alert cleared
2026-09-07 14:27:11,510 - utils.alert_system - INFO - Alert cleared
2026-09-07 14:27:11,588 - utils.alert_system - INFO - Alert cleared
2026-09-07 14:27:11,658 - utils.alert_system - INFO - Alert cleared
2026-09-07 14:27:11,737 - utils.alert_system - INFO - Alert cleared
2026-09-07 14:27:11,818 - utils.alert_system - INFO - Alert cleared
2026-09-07 14:27:11,900 - utils.alert_system - INFO - Alert cleared
2026-09-07 14:27:11,974 - utils.alert_system - INFO - Alert cleared
2026-09-07 14:27:12,044 - utils.alert_system - INFO - Alert cleared
2026-09-07 14:27:12,122 - utils.alert_system - INFO - Alert cleared
2026-09-07 14:27:12,191 - utils.alert_system - INFO - Alert cleared
2026-09-07 14:27:12,274 - utils.alert_system - INFO - Alert cleared
2026-09-07 14:27:12,344 - utils.alert_system - INFO - Alert cleared
2026-09-07 14:27:12,424 - utils.alert_system - INFO - Alert cleared
2026-09-07 14:27:12,505 - utils.alert_system - INFO - Alert cleared
2026-09-07 14:27:12,580 - utils.alert_system - INFO - Alert cleared
2026-09-07 14:27:12,651 - utils.alert_system - INFO - Alert cleared
2026-09-07 14:27:12,727 - utils.alert_system - INFO - Alert cleared
2026-09-07 14:27:12,805 - utils.alert_system - INFO - Alert cleared
2026-09-07 14:27:12,880 - utils.alert_system - INFO - Alert cleared
2026-09-07 14:27:12,955 - utils.alert_system - INFO - Alert cleared
2026-09-07 14:27:13,037 - utils.alert_system - INFO - Alert cleared
2026-09-07 14:27:13,115 - utils.alert_system - INFO - Alert cleared
2026-09-07 14:27:13,193 - utils.alert_system - INFO - Alert cleared
2026-09-07 14:27:13,266 - utils.alert_system - INFO - Alert cleared
2026-09-07 14:27:13,337 - utils.alert_system - INFO - Alert cleared
2026-09-07 14:27:13,420 - utils.alert_system - INFO - Alert cleared
2026-09-07 14:27:13,504 - utils.alert_system - INFO - Alert cleared
2026-09-07 14:27:13,581 - utils.alert_system - INFO - Alert cleared
2026-09-07 14:27:13,657 - utils.alert_system - INFO - Alert cleared
2026-09-07 14:27:13,731 - utils.alert_system - INFO - Alert cleared
2026-09-07 14:27:13,798 - utils.alert_system - INFO - Alert cleared
2026-09-07 14:27:13,872 - utils.alert_system - INFO - Alert cleared
2026-09-07 14:27:13,953 - utils.alert_system - INFO - Alert cleared
2026-09-07 14:27:14,023 - utils.alert_system - INFO - Alert cleared
2026-09-07 14:27:14,105 - utils.alert_system - INFO - Alert cleared
2026-09-07 14:27:14,203 - utils.alert_system - INFO - Alert cleared
2026-09-07 14:27:14,286 - utils.alert_system - INFO - Alert cleared
2026-09-07 14:27:14,356 - utils.alert_system - INFO - Alert cleared
2026-09-07 14:27:14,439 - utils.alert_system - INFO - Alert cleared
2026-09-07 14:27:14,515 - utils.alert_system - INFO - Alert cleared
2026-09-07 14:27:14,591 - utils.alert_system - INFO - Alert cleared
2026-09-07 14:27:14,673 - utils.alert_system - INFO - Alert cleared
2026-09-07 14:27:14,744 - utils.alert_system - INFO - Alert cleared
2026-09-07 14:27:14,823 - utils.alert_system - INFO - Alert cleared
2026-09-07 14:27:14,901 - utils.alert_system - INFO - Alert cleared
2026-09-07 14:27:14,980 - utils.alert_system - INFO - Alert cleared
2026-09-07 14:27:15,057 - utils.alert_system - INFO - Alert cleared
2026-09-07 14:27:15,138 - utils.alert_system - INFO - Alert cleared
2026-09-07 14:27:15,218 - utils.alert_system - INFO - Alert cleared
2026-09-07 14:27:15,288 - utils.alert_system - INFO - Alert cleared
2026-09-07 14:27:15,369 - utils.alert_system - INFO - Alert cleared
2026-09-07 14:27:15,444 - utils.alert_system - INFO - Alert cleared
2026-09-07 14:27:15,521 - utils.alert_system - INFO - Alert cleared
2026-09-07 14:27:15,606 - utils.alert_system - INFO - Alert cleared
2026-09-07 14:27:15,683 - utils.alert_system - INFO - Alert cleared
2026-09-07 14:27:15,754 - utils.alert_system - INFO - Alert cleared
2026-09-07 14:27:15,835 - utils.alert_system - INFO - Alert cleared
2026-09-07 14:27:15,907 - utils.alert_system - INFO - Alert cleared
2026-09-07 14:27:15,973 - utils.alert_system - INFO - Alert cleared
2026-09-07 14:27:16,059 - utils.alert_system - INFO - Alert cleared
2026-09-07 14:27:16,142 - utils.alert_system - INFO - Alert cleared
2026-09-07 14:27:16,208 - utils.alert_system - INFO - Alert cleared
2026-09-07 14:27:16,279 - utils.alert_system - INFO - Alert cleared
2026-09-07 14:27:16,354 - utils.alert_system - INFO - Alert cleared
2026-09-07 14:27:16,424 - utils.alert_system - INFO - Alert cleared
2026-09-07 14:27:16,491 - utils.alert_system - INFO - Alert cleared
2026-09-07 14:27:16,575 - utils.alert_system - INFO - Alert cleared
2026-09-07 14:27:16,650 - utils.alert_system - INFO - Alert cleared
2026-09-07 14:27:16,724 - utils.alert_system - INFO - Alert cleared
2026-09-07 14:27:16,793 - utils.alert_system - INFO - Alert cleared
2026-09-07 14:27:16,878 - utils.alert_system - INFO - Alert cleared
2026-09-07 14:27:16,958 - utils.alert_system - INFO - Alert cleared
2026-09-07 14:27:17,036 - utils.alert_system - INFO - Alert cleared
2026-09-07 14:27:17,111 - utils.alert_system - INFO - Alert cleared
2026-09-07 14:27:17,195 - utils.alert_system - INFO - Alert cleared
2026-09-07 14:27:17,274 - utils.alert_system - INFO - Alert cleared
2026-09-07 14:27:17,357 - utils.alert_system - INFO - Alert cleared
2026-09-07 14:27:17,427 - utils.alert_system - INFO - Alert cleared
2026-09-07 14:27:17,510 - utils.alert_system - INFO - Alert cleared
2026-09-07 14:27:17,582 - utils.alert_system - INFO - Alert cleared
2026-09-07 14:27:17,661 - utils.alert_system - INFO - Alert cleared
2026-09-07 14:27:17,737 - utils.alert_system - INFO - Alert cleared
2026-09-07 14:27:17,810 - utils.alert_system - INFO - Alert cleared
2026-09-07 14:27:17,891 - utils.alert_system - INFO - Alert cleared
2026-09-07 14:27:17,970 - utils.alert_system - INFO - Alert cleared
2026-09-07 14:27:18,046 - utils.alert_system - INFO - Alert cleared
2026-09-07 14:27:18,125 - utils.alert_system - INFO - Alert cleared
2026-09-07 14:27:18,192 - utils.alert_system - INFO - Alert cleared
2026-09-07 14:27:18,278 - utils.alert_system - INFO - Alert cleared
2026-09-07 14:27:18,356 - utils.alert_system - INFO - Alert cleared
2026-09-07 14:27:18,423 - utils.alert_system - INFO - Alert cleared
2026-09-07 14:27:18,493 - utils.alert_system - INFO - Alert cleared
2026-09-07 14:27:18,571 - utils.alert_system - INFO - Alert cleared
2026-09-07 14:27:18,586 - __main__ - INFO - End of video stream
2026-09-07 14:27:18,586 - __main__ - INFO - Cleaning up...
2026-09-07 14:27:18,593 - utils.alert_system - INFO - Alert cleared
2026-09-07 14:27:18,593 - utils.alert_system - INFO - Alert system cleaned up
2026-09-07 14:27:18,593 - utils.speed_monitor - INFO - Stopped speed monitoring
2026-09-07 14:27:18,593 - __main__ - INFO - ==================================================
2026-09-07 14:27:18,593 - __main__ - INFO - Session Summary:
2026-09-07 14:27:18,593 - __main__ - INFO - ==================================================
2026-09-07 14:27:18,593 - __main__ - INFO -   session_id: 20260907_142604
2026-09-07 14:27:18,593 - __main__ - INFO -   duration: 74.18154668807983
2026-09-07 14:27:18,593 - __main__ - INFO -   total_frames: 930
2026-09-07 14:27:18,593 - __main__ - INFO -   total_detections: 14
2026-09-07 14:27:18,593 - __main__ - INFO -   alerts_triggered: 0
2026-09-07 14:27:18,593 - __main__ - INFO -   average_speed: 30.0
2026-09-07 14:27:18,593 - __main__ - INFO -   top_detected: [('cow', 13), ('dog', 1)]
2026-09-07 14:27:18,594 - utils.data_logger - INFO - Session saved: 20260907_142604
2026-09-07 14:27:18,594 - utils.data_logger - INFO -   Frames: 930
2026-09-07 14:27:18,594 - utils.data_logger - INFO -   Detections: 14
2026-09-07 14:27:18,594 - utils.data_logger - INFO -   Alerts: 0
2026-09-07 14:27:18,608 - __main__ - INFO - Cleanup complete
2026-09-07 14:29:04,444 - __main__ - INFO - ==================================================
2026-09-07 14:29:04,444 - __main__ - INFO - Animal Collision Avoidance System Initializing
2026-09-07 14:29:04,444 - __main__ - INFO - ==================================================
2026-09-07 14:29:04,444 - __main__ - INFO - Loading model: C:\Users\Ranjith S\Desktop\New folder\New folder\models\yolov8n.pt
2026-09-07 14:29:04,444 - models.detector - INFO - Using device: cpu
2026-09-07 14:29:04,471 - models.detector - INFO - Model loaded from C:\Users\Ranjith S\Desktop\New folder\New folder\models\yolov8n.pt
2026-09-07 14:29:04,471 - utils.speed_monitor - INFO - Speed monitor initialized: source=simulation, default=30.0 km/h
2026-09-07 14:29:04,471 - utils.data_logger - INFO - Data logger initialized: session=20260907_142904
2026-09-07 14:29:04,476 - __main__ - INFO - Video output: C:\Users\Ranjith S\Desktop\New folder\New folder\data\output_videos\output_20260907_142904.mp4
2026-09-07 14:29:04,476 - __main__ - INFO - System initialization complete
2026-09-07 14:29:04,484 - __main__ - INFO - System started with source: WhatsApp Video 2026-04-10 at 9.17.37 AM.mp4
2026-09-07 14:29:04,485 - __main__ - INFO - Resolution: 640x360
2026-09-07 14:29:04,485 - __main__ - INFO - Video FPS: 30.00
2026-09-07 14:29:04,485 - __main__ - INFO - Press 'q' to quit, 'p' to pause, '+/-' to adjust speed
2026-09-07 14:29:04,485 - __main__ - INFO - Press 's' to save screenshot, 'r' to reset stats
2026-09-07 14:29:06,227 - utils.alert_system - INFO - Alert cleared
2026-09-07 14:29:06,331 - utils.alert_system - INFO - Alert cleared
2026-09-07 14:29:06,427 - utils.alert_system - INFO - Alert cleared
2026-09-07 14:29:06,514 - utils.alert_system - INFO - Alert cleared
2026-09-07 14:29:06,599 - utils.alert_system - INFO - Alert cleared
2026-09-07 14:29:06,673 - utils.alert_system - INFO - Alert cleared
2026-09-07 14:29:06,753 - utils.alert_system - INFO - Alert cleared
2026-09-07 14:29:06,835 - utils.alert_system - INFO - Alert cleared
2026-09-07 14:29:06,916 - utils.alert_system - INFO - Alert cleared
2026-09-07 14:29:07,000 - utils.alert_system - INFO - Alert cleared
2026-09-07 14:29:07,088 - utils.alert_system - INFO - Alert cleared
2026-09-07 14:29:07,170 - utils.alert_system - INFO - Alert cleared
2026-09-07 14:29:07,254 - utils.alert_system - INFO - Alert cleared
2026-09-07 14:29:07,332 - utils.alert_system - INFO - Alert cleared
2026-09-07 14:29:07,417 - utils.alert_system - INFO - Alert cleared
2026-09-07 14:29:07,519 - utils.alert_system - INFO - Alert cleared
2026-09-07 14:29:07,608 - utils.alert_system - INFO - Alert cleared
2026-09-07 14:29:07,700 - utils.alert_system - INFO - Alert cleared
2026-09-07 14:29:07,803 - utils.alert_system - INFO - Alert cleared
2026-09-07 14:29:07,889 - utils.alert_system - INFO - Alert cleared
2026-09-07 14:29:07,975 - utils.alert_system - INFO - Alert cleared
2026-09-07 14:29:08,054 - utils.alert_system - INFO - Alert cleared
2026-09-07 14:29:08,137 - utils.alert_system - INFO - Alert cleared
2026-09-07 14:29:08,238 - utils.alert_system - INFO - Alert cleared
2026-09-07 14:29:08,321 - utils.alert_system - INFO - Alert cleared
2026-09-07 14:29:08,410 - utils.alert_system - INFO - Alert cleared
2026-09-07 14:29:08,511 - utils.alert_system - INFO - Alert cleared
2026-09-07 14:29:08,591 - utils.alert_system - INFO - Alert cleared
2026-09-07 14:29:08,674 - utils.alert_system - INFO - Alert cleared
2026-09-07 14:29:08,760 - utils.alert_system - INFO - Alert cleared
2026-09-07 14:29:08,851 - utils.alert_system - INFO - Alert cleared
2026-09-07 14:29:08,938 - utils.alert_system - INFO - Alert cleared
2026-09-07 14:29:09,031 - utils.alert_system - INFO - Alert cleared
2026-09-07 14:29:09,109 - utils.alert_system - INFO - Alert cleared
2026-09-07 14:29:09,185 - utils.alert_system - INFO - Alert cleared
2026-09-07 14:29:09,266 - utils.alert_system - INFO - Alert cleared
2026-09-07 14:29:09,341 - utils.alert_system - INFO - Alert cleared
2026-09-07 14:29:09,416 - utils.alert_system - INFO - Alert cleared
2026-09-07 14:29:09,486 - utils.alert_system - INFO - Alert cleared
2026-09-07 14:29:09,553 - utils.alert_system - INFO - Alert cleared
2026-09-07 14:29:09,618 - utils.alert_system - INFO - Alert cleared
2026-09-07 14:29:09,694 - utils.alert_system - INFO - Alert cleared
2026-09-07 14:29:09,776 - utils.alert_system - INFO - Alert cleared
2026-09-07 14:29:09,846 - utils.alert_system - INFO - Alert cleared
2026-09-07 14:29:09,922 - utils.alert_system - INFO - Alert cleared
2026-09-07 14:29:09,991 - utils.alert_system - INFO - Alert cleared
2026-09-07 14:29:10,061 - utils.alert_system - INFO - Alert cleared
2026-09-07 14:29:10,140 - utils.alert_system - INFO - Alert cleared
2026-09-07 14:29:10,223 - utils.alert_system - INFO - Alert cleared
2026-09-07 14:29:10,298 - utils.alert_system - INFO - Alert cleared
2026-09-07 14:29:10,375 - utils.alert_system - INFO - Alert cleared
2026-09-07 14:29:10,449 - utils.alert_system - INFO - Alert cleared
2026-09-07 14:29:10,524 - utils.alert_system - INFO - Alert cleared
2026-09-07 14:29:10,586 - utils.alert_system - INFO - Alert cleared
2026-09-07 14:29:10,657 - utils.alert_system - INFO - Alert cleared
2026-09-07 14:29:10,726 - utils.alert_system - INFO - Alert cleared
2026-09-07 14:29:10,789 - utils.alert_system - INFO - Alert cleared
2026-09-07 14:29:10,861 - utils.alert_system - INFO - Alert cleared
2026-09-07 14:29:10,933 - utils.alert_system - INFO - Alert cleared
2026-09-07 14:29:11,012 - utils.alert_system - INFO - Alert cleared
2026-09-07 14:29:11,091 - utils.alert_system - INFO - Alert cleared
2026-09-07 14:29:11,173 - utils.alert_system - INFO - Alert cleared
2026-09-07 14:29:11,249 - utils.alert_system - INFO - Alert cleared
2026-09-07 14:29:11,328 - utils.alert_system - INFO - Alert cleared
2026-09-07 14:29:11,404 - utils.alert_system - INFO - Alert cleared
2026-09-07 14:29:11,480 - utils.alert_system - INFO - Alert cleared
2026-09-07 14:29:11,559 - utils.alert_system - INFO - Alert cleared
2026-09-07 14:29:11,631 - utils.alert_system - INFO - Alert cleared
2026-09-07 14:29:11,704 - utils.alert_system - INFO - Alert cleared
2026-09-07 14:29:11,772 - utils.alert_system - INFO - Alert cleared
2026-09-07 14:29:11,847 - utils.alert_system - INFO - Alert cleared
2026-09-07 14:29:11,911 - utils.alert_system - INFO - Alert cleared
2026-09-07 14:29:12,003 - utils.alert_system - INFO - Alert cleared
2026-09-07 14:29:12,084 - utils.alert_system - INFO - Alert cleared
2026-09-07 14:29:12,157 - utils.alert_system - INFO - Alert cleared
2026-09-07 14:29:12,220 - utils.alert_system - INFO - Alert cleared
2026-09-07 14:29:12,293 - utils.alert_system - INFO - Alert cleared
2026-09-07 14:29:12,362 - utils.alert_system - INFO - Alert cleared
2026-09-07 14:29:12,438 - utils.alert_system - INFO - Alert cleared
2026-09-07 14:29:12,515 - utils.alert_system - INFO - Alert cleared
2026-09-07 14:29:12,601 - utils.alert_system - INFO - Alert cleared
2026-09-07 14:29:12,671 - utils.alert_system - INFO - Alert cleared
2026-09-07 14:29:12,761 - utils.alert_system - INFO - Alert cleared
2026-09-07 14:29:12,843 - utils.alert_system - INFO - Alert cleared
2026-09-07 14:29:12,918 - utils.alert_system - INFO - Alert cleared
2026-09-07 14:29:12,995 - utils.alert_system - INFO - Alert cleared
2026-09-07 14:29:13,074 - utils.alert_system - INFO - Alert cleared
2026-09-07 14:29:13,154 - utils.alert_system - INFO - Alert cleared
2026-09-07 14:29:13,231 - utils.alert_system - INFO - Alert cleared
2026-09-07 14:29:13,309 - utils.alert_system - INFO - Alert cleared
2026-09-07 14:29:13,390 - utils.alert_system - INFO - Alert cleared
2026-09-07 14:29:13,460 - utils.alert_system - INFO - Alert cleared
2026-09-07 14:29:13,530 - utils.alert_system - INFO - Alert cleared
2026-09-07 14:29:13,608 - utils.alert_system - INFO - Alert cleared
2026-09-07 14:29:13,682 - utils.alert_system - INFO - Alert cleared
2026-09-07 14:29:13,760 - utils.alert_system - INFO - Alert cleared
2026-09-07 14:29:13,836 - utils.alert_system - INFO - Alert cleared
2026-09-07 14:29:13,911 - utils.alert_system - INFO - Alert cleared
2026-09-07 14:29:13,984 - utils.alert_system - INFO - Alert cleared
2026-09-07 14:29:14,060 - utils.alert_system - INFO - Alert cleared
2026-09-07 14:29:14,137 - utils.alert_system - INFO - Alert cleared
2026-09-07 14:29:14,212 - utils.alert_system - INFO - Alert cleared
2026-09-07 14:29:14,285 - utils.alert_system - INFO - Alert cleared
2026-09-07 14:29:14,354 - utils.alert_system - INFO - Alert cleared
2026-09-07 14:29:14,431 - utils.alert_system - INFO - Alert cleared
2026-09-07 14:29:14,508 - utils.alert_system - INFO - Alert cleared
2026-09-07 14:29:14,585 - utils.alert_system - INFO - Alert cleared
2026-09-07 14:29:14,660 - utils.alert_system - INFO - Alert cleared
2026-09-07 14:29:14,737 - utils.alert_system - INFO - Alert cleared
2026-09-07 14:29:14,812 - utils.alert_system - INFO - Alert cleared
2026-09-07 14:29:14,884 - utils.alert_system - INFO - Alert cleared
2026-09-07 14:29:14,958 - utils.alert_system - INFO - Alert cleared
2026-09-07 14:29:15,036 - utils.alert_system - INFO - Alert cleared
2026-09-07 14:29:15,111 - utils.alert_system - INFO - Alert cleared
2026-09-07 14:29:15,176 - utils.alert_system - INFO - Alert cleared
2026-09-07 14:29:15,253 - utils.alert_system - INFO - Alert cleared
2026-09-07 14:29:15,335 - utils.alert_system - INFO - Alert cleared
2026-09-07 14:29:15,414 - utils.alert_system - INFO - Alert cleared
2026-09-07 14:29:15,484 - utils.alert_system - INFO - Alert cleared
2026-09-07 14:29:15,553 - utils.alert_system - INFO - Alert cleared
2026-09-07 14:29:15,633 - utils.alert_system - INFO - Alert cleared
2026-09-07 14:29:15,710 - utils.alert_system - INFO - Alert cleared
2026-09-07 14:29:15,789 - utils.alert_system - INFO - Alert cleared
2026-09-07 14:29:15,864 - utils.alert_system - INFO - Alert cleared
2026-09-07 14:29:15,939 - utils.alert_system - INFO - Alert cleared
2026-09-07 14:29:16,016 - utils.alert_system - INFO - Alert cleared
2026-09-07 14:29:16,095 - utils.alert_system - INFO - Alert cleared
2026-09-07 14:29:16,174 - utils.alert_system - INFO - Alert cleared
2026-09-07 14:29:16,254 - utils.alert_system - INFO - Alert cleared
2026-09-07 14:29:16,326 - utils.alert_system - INFO - Alert cleared
2026-09-07 14:29:16,391 - utils.alert_system - INFO - Alert cleared
2026-09-07 14:29:16,471 - utils.alert_system - INFO - Alert cleared
2026-09-07 14:29:16,547 - utils.alert_system - INFO - Alert cleared
2026-09-07 14:29:16,625 - utils.alert_system - INFO - Alert cleared
2026-09-07 14:29:16,704 - utils.alert_system - INFO - Alert cleared
2026-09-07 14:29:16,776 - utils.alert_system - INFO - Alert cleared
2026-09-07 14:29:16,848 - utils.alert_system - INFO - Alert cleared
2026-09-07 14:29:16,928 - utils.alert_system - INFO - Alert cleared
2026-09-07 14:29:16,998 - utils.alert_system - INFO - Alert cleared
2026-09-07 14:29:17,079 - utils.alert_system - INFO - Alert cleared
2026-09-07 14:29:17,155 - utils.alert_system - INFO - Alert cleared
2026-09-07 14:29:17,230 - utils.alert_system - INFO - Alert cleared
2026-09-07 14:29:17,308 - utils.alert_system - INFO - Alert cleared
2026-09-07 14:29:17,385 - utils.alert_system - INFO - Alert cleared
2026-09-07 14:29:17,465 - utils.alert_system - INFO - Alert cleared
2026-09-07 14:29:17,540 - utils.alert_system - INFO - Alert cleared
2026-09-07 14:29:17,625 - utils.alert_system - INFO - Alert cleared
2026-09-07 14:29:17,699 - utils.alert_system - INFO - Alert cleared
2026-09-07 14:29:17,773 - utils.alert_system - INFO - Alert cleared
2026-09-07 14:29:17,854 - utils.alert_system - INFO - Alert cleared
2026-09-07 14:29:17,932 - utils.alert_system - INFO - Alert cleared
2026-09-07 14:29:18,007 - utils.alert_system - INFO - Alert cleared
2026-09-07 14:29:18,093 - utils.alert_system - INFO - Alert cleared
2026-09-07 14:29:18,166 - utils.alert_system - INFO - Alert cleared
2026-09-07 14:29:18,252 - utils.alert_system - INFO - Alert cleared
2026-09-07 14:29:18,334 - utils.alert_system - INFO - Alert cleared
2026-09-07 14:29:18,408 - utils.alert_system - INFO - Alert cleared
2026-09-07 14:29:18,484 - utils.alert_system - INFO - Alert cleared
2026-09-07 14:29:18,559 - utils.alert_system - INFO - Alert cleared
2026-09-07 14:29:18,627 - utils.alert_system - INFO - Alert cleared
2026-09-07 14:29:18,701 - utils.alert_system - INFO - Alert cleared
2026-09-07 14:29:18,775 - utils.alert_system - INFO - Alert cleared
2026-09-07 14:29:18,846 - utils.alert_system - INFO - Alert cleared
2026-09-07 14:29:18,924 - utils.alert_system - INFO - Alert cleared
2026-09-07 14:29:18,994 - utils.alert_system - INFO - Alert cleared
2026-09-07 14:29:19,060 - utils.alert_system - INFO - Alert cleared
2026-09-07 14:29:19,136 - utils.alert_system - INFO - Alert cleared
2026-09-07 14:29:19,218 - utils.alert_system - INFO - Alert cleared
2026-09-07 14:29:19,297 - utils.alert_system - INFO - Alert cleared
2026-09-07 14:29:19,378 - utils.alert_system - INFO - Alert cleared
2026-09-07 14:29:19,452 - utils.alert_system - INFO - Alert cleared
2026-09-07 14:29:19,533 - utils.alert_system - INFO - Alert cleared
2026-09-07 14:29:19,609 - utils.alert_system - INFO - Alert cleared
2026-09-07 14:29:19,687 - utils.alert_system - INFO - Alert cleared
2026-09-07 14:29:19,769 - utils.alert_system - INFO - Alert cleared
2026-09-07 14:29:19,850 - utils.alert_system - INFO - Alert cleared
2026-09-07 14:29:19,924 - utils.alert_system - INFO - Alert cleared
2026-09-07 14:29:19,999 - utils.alert_system - INFO - Alert cleared
2026-09-07 14:29:20,071 - utils.alert_system - INFO - Alert cleared
2026-09-07 14:29:20,138 - utils.alert_system - INFO - Alert cleared
2026-09-07 14:29:20,211 - utils.alert_system - INFO - Alert cleared
2026-09-07 14:29:20,294 - utils.alert_system - INFO - Alert cleared
2026-09-07 14:29:20,371 - utils.alert_system - INFO - Alert cleared
2026-09-07 14:29:20,446 - utils.alert_system - INFO - Alert cleared
2026-09-07 14:29:20,536 - utils.alert_system - INFO - Alert cleared
2026-09-07 14:29:20,627 - utils.alert_system - INFO - Alert cleared
2026-09-07 14:29:20,705 - utils.alert_system - INFO - Alert cleared
2026-09-07 14:29:20,784 - utils.alert_system - INFO - Alert cleared
2026-09-07 14:29:20,861 - utils.alert_system - INFO - Alert cleared
2026-09-07 14:29:20,943 - utils.alert_system - INFO - Alert cleared
2026-09-07 14:29:21,015 - utils.alert_system - INFO - Alert cleared
2026-09-07 14:29:21,093 - utils.alert_system - INFO - Alert cleared
2026-09-07 14:29:21,169 - utils.alert_system - INFO - Alert cleared
2026-09-07 14:29:21,245 - utils.alert_system - INFO - Alert cleared
2026-09-07 14:29:21,319 - utils.alert_system - INFO - Alert cleared
2026-09-07 14:29:21,389 - utils.alert_system - INFO - Alert cleared
2026-09-07 14:29:21,466 - utils.alert_system - INFO - Alert cleared
2026-09-07 14:29:21,543 - utils.alert_system - INFO - Alert cleared
2026-09-07 14:29:21,620 - utils.alert_system - INFO - Alert cleared
2026-09-07 14:29:21,693 - utils.alert_system - INFO - Alert cleared
2026-09-07 14:29:21,755 - utils.alert_system - INFO - Alert cleared
2026-09-07 14:29:21,823 - utils.alert_system - INFO - Alert cleared
2026-09-07 14:29:21,906 - utils.alert_system - INFO - Alert cleared
2026-09-07 14:29:21,978 - utils.alert_system - INFO - Alert cleared
2026-09-07 14:29:22,047 - utils.alert_system - INFO - Alert cleared
2026-09-07 14:29:22,125 - utils.alert_system - INFO - Alert cleared
2026-09-07 14:29:22,200 - utils.alert_system - INFO - Alert cleared
2026-09-07 14:29:22,263 - utils.alert_system - INFO - Alert cleared
2026-09-07 14:29:22,333 - utils.alert_system - INFO - Alert cleared
2026-09-07 14:29:22,403 - utils.alert_system - INFO - Alert cleared
2026-09-07 14:29:22,489 - utils.alert_system - INFO - Alert cleared
2026-09-07 14:29:22,568 - utils.alert_system - INFO - Alert cleared
2026-09-07 14:29:22,643 - utils.alert_system - INFO - Alert cleared
2026-09-07 14:29:22,723 - utils.alert_system - INFO - Alert cleared
2026-09-07 14:29:22,806 - utils.alert_system - INFO - Alert cleared
2026-09-07 14:29:22,882 - utils.alert_system - INFO - Alert cleared
2026-09-07 14:29:22,953 - utils.alert_system - INFO - Alert cleared
2026-09-07 14:29:23,026 - utils.alert_system - INFO - Alert cleared
2026-09-07 14:29:23,104 - utils.alert_system - INFO - Alert cleared
2026-09-07 14:29:23,183 - utils.alert_system - INFO - Alert cleared
2026-09-07 14:29:23,253 - utils.alert_system - INFO - Alert cleared
2026-09-07 14:29:23,342 - utils.alert_system - INFO - Alert cleared
2026-09-07 14:29:23,413 - utils.alert_system - INFO - Alert cleared
2026-09-07 14:29:23,493 - utils.alert_system - INFO - Alert cleared
2026-09-07 14:29:23,563 - utils.alert_system - INFO - Alert cleared
2026-09-07 14:29:23,640 - utils.alert_system - INFO - Alert cleared
2026-09-07 14:29:23,713 - utils.alert_system - INFO - Alert cleared
2026-09-07 14:29:23,797 - utils.alert_system - INFO - Alert cleared
2026-09-07 14:29:23,862 - utils.alert_system - INFO - Alert cleared
2026-09-07 14:29:23,933 - utils.alert_system - INFO - Alert cleared
2026-09-07 14:29:24,013 - utils.alert_system - INFO - Alert cleared
2026-09-07 14:29:24,093 - utils.alert_system - INFO - Alert cleared
2026-09-07 14:29:24,173 - utils.alert_system - INFO - Alert cleared
2026-09-07 14:29:24,253 - utils.alert_system - INFO - Alert cleared
2026-09-07 14:29:24,332 - utils.alert_system - INFO - Alert cleared
2026-09-07 14:29:24,413 - utils.alert_system - INFO - Alert cleared
2026-09-07 14:29:24,483 - utils.alert_system - INFO - Alert cleared
2026-09-07 14:29:24,570 - utils.alert_system - INFO - Alert cleared
2026-09-07 14:29:24,652 - utils.alert_system - INFO - Alert cleared
2026-09-07 14:29:24,728 - utils.alert_system - INFO - Alert cleared
2026-09-07 14:29:24,792 - utils.alert_system - INFO - Alert cleared
2026-09-07 14:29:24,873 - utils.alert_system - INFO - Alert cleared
2026-09-07 14:29:24,953 - utils.alert_system - INFO - Alert cleared
2026-09-07 14:29:25,026 - utils.alert_system - INFO - Alert cleared
2026-09-07 14:29:25,105 - utils.alert_system - INFO - Alert cleared
2026-09-07 14:29:25,184 - utils.alert_system - INFO - Alert cleared
2026-09-07 14:29:25,263 - utils.alert_system - INFO - Alert cleared
2026-09-07 14:29:25,342 - utils.alert_system - INFO - Alert cleared
2026-09-07 14:29:25,423 - utils.alert_system - INFO - Alert cleared
2026-09-07 14:29:25,499 - utils.alert_system - INFO - Alert cleared
2026-09-07 14:29:25,578 - utils.alert_system - INFO - Alert cleared
2026-09-07 14:29:25,663 - utils.alert_system - INFO - Alert cleared
2026-09-07 14:29:25,739 - utils.alert_system - INFO - Alert cleared
2026-09-07 14:29:25,815 - utils.alert_system - INFO - Alert cleared
2026-09-07 14:29:25,895 - utils.alert_system - INFO - Alert cleared
2026-09-07 14:29:25,972 - utils.alert_system - INFO - Alert cleared
2026-09-07 14:29:26,053 - utils.alert_system - INFO - Alert cleared
2026-09-07 14:29:26,133 - utils.alert_system - INFO - Alert cleared
2026-09-07 14:29:26,213 - utils.alert_system - INFO - Alert cleared
2026-09-07 14:29:26,293 - utils.alert_system - INFO - Alert cleared
2026-09-07 14:29:26,366 - utils.alert_system - INFO - Alert cleared
2026-09-07 14:29:26,446 - utils.alert_system - INFO - Alert cleared
2026-09-07 14:29:26,523 - utils.alert_system - INFO - Alert cleared
2026-09-07 14:29:26,603 - utils.alert_system - INFO - Alert cleared
2026-09-07 14:29:26,683 - utils.alert_system - INFO - Alert cleared
2026-09-07 14:29:26,762 - utils.alert_system - INFO - Alert cleared
2026-09-07 14:29:26,843 - utils.alert_system - INFO - Alert cleared
2026-09-07 14:29:26,922 - utils.alert_system - INFO - Alert cleared
2026-09-07 14:29:26,997 - utils.alert_system - INFO - Alert cleared
2026-09-07 14:29:27,076 - utils.alert_system - INFO - Alert cleared
2026-09-07 14:29:27,156 - utils.alert_system - INFO - Alert cleared
2026-09-07 14:29:27,243 - utils.alert_system - INFO - Alert cleared
2026-09-07 14:29:27,313 - utils.alert_system - INFO - Alert cleared
2026-09-07 14:29:27,393 - utils.alert_system - INFO - Alert cleared
2026-09-07 14:29:27,473 - utils.alert_system - INFO - Alert cleared
2026-09-07 14:29:27,552 - utils.alert_system - INFO - Alert cleared
2026-09-07 14:29:27,625 - utils.alert_system - INFO - Alert cleared
2026-09-07 14:29:27,704 - utils.alert_system - INFO - Alert cleared
2026-09-07 14:29:27,783 - utils.alert_system - INFO - Alert cleared
2026-09-07 14:29:27,863 - utils.alert_system - INFO - Alert cleared
2026-09-07 14:29:27,942 - utils.alert_system - INFO - Alert cleared
2026-09-07 14:29:28,023 - utils.alert_system - INFO - Alert cleared
2026-09-07 14:29:28,095 - utils.alert_system - INFO - Alert cleared
2026-09-07 14:29:28,174 - utils.alert_system - INFO - Alert cleared
2026-09-07 14:29:28,254 - utils.alert_system - INFO - Alert cleared
2026-09-07 14:29:28,333 - utils.alert_system - INFO - Alert cleared
2026-09-07 14:29:28,412 - utils.alert_system - INFO - Alert cleared
2026-09-07 14:29:28,493 - utils.alert_system - INFO - Alert cleared
2026-09-07 14:29:28,567 - utils.alert_system - INFO - Alert cleared
2026-09-07 14:29:28,648 - utils.alert_system - INFO - Alert cleared
2026-09-07 14:29:28,724 - utils.alert_system - INFO - Alert cleared
2026-09-07 14:29:28,803 - utils.alert_system - INFO - Alert cleared
2026-09-07 14:29:28,883 - utils.alert_system - INFO - Alert cleared
2026-09-07 14:29:28,963 - utils.alert_system - INFO - Alert cleared
2026-09-07 14:29:29,041 - utils.alert_system - INFO - Alert cleared
2026-09-07 14:29:29,117 - utils.alert_system - INFO - Alert cleared
2026-09-07 14:29:29,194 - utils.alert_system - INFO - Alert cleared
2026-09-07 14:29:29,273 - utils.alert_system - INFO - Alert cleared
2026-09-07 14:29:29,353 - utils.alert_system - INFO - Alert cleared
2026-09-07 14:29:29,433 - utils.alert_system - INFO - Alert cleared
2026-09-07 14:29:29,505 - utils.alert_system - INFO - Alert cleared
2026-09-07 14:29:29,584 - utils.alert_system - INFO - Alert cleared
2026-09-07 14:29:29,663 - utils.alert_system - INFO - Alert cleared
2026-09-07 14:29:29,742 - utils.alert_system - INFO - Alert cleared
2026-09-07 14:29:29,822 - utils.alert_system - INFO - Alert cleared
2026-09-07 14:29:29,902 - utils.alert_system - INFO - Alert cleared
2026-09-07 14:29:29,983 - utils.alert_system - INFO - Alert cleared
2026-09-07 14:29:30,052 - utils.alert_system - INFO - Alert cleared
2026-09-07 14:29:30,124 - utils.alert_system - INFO - Alert cleared
2026-09-07 14:29:30,202 - utils.alert_system - INFO - Alert cleared
2026-09-07 14:29:30,283 - utils.alert_system - INFO - Alert cleared
2026-09-07 14:29:30,363 - utils.alert_system - INFO - Alert cleared
2026-09-07 14:29:30,437 - utils.alert_system - INFO - Alert cleared
2026-09-07 14:29:30,520 - utils.alert_system - INFO - Alert cleared
2026-09-07 14:29:30,595 - utils.alert_system - INFO - Alert cleared
2026-09-07 14:29:30,673 - utils.alert_system - INFO - Alert cleared
2026-09-07 14:29:30,753 - utils.alert_system - INFO - Alert cleared
2026-09-07 14:29:30,838 - utils.alert_system - INFO - Alert cleared
2026-09-07 14:29:30,913 - utils.alert_system - INFO - Alert cleared
2026-09-07 14:29:30,987 - utils.alert_system - INFO - Alert cleared
2026-09-07 14:29:31,067 - utils.alert_system - INFO - Alert cleared
2026-09-07 14:29:31,145 - utils.alert_system - INFO - Alert cleared
2026-09-07 14:29:31,223 - utils.alert_system - INFO - Alert cleared
2026-09-07 14:29:31,302 - utils.alert_system - INFO - Alert cleared
2026-09-07 14:29:31,383 - utils.alert_system - INFO - Alert cleared
2026-09-07 14:29:31,453 - utils.alert_system - INFO - Alert cleared
2026-09-07 14:29:31,534 - utils.alert_system - INFO - Alert cleared
2026-09-07 14:29:31,603 - utils.alert_system - INFO - Alert cleared
2026-09-07 14:29:31,683 - utils.alert_system - INFO - Alert cleared
2026-09-07 14:29:31,757 - utils.alert_system - INFO - Alert cleared
2026-09-07 14:29:31,843 - utils.alert_system - INFO - Alert cleared
2026-09-07 14:29:31,923 - utils.alert_system - INFO - Alert cleared
2026-09-07 14:29:32,012 - utils.alert_system - INFO - Alert cleared
2026-09-07 14:29:32,102 - utils.alert_system - INFO - Alert cleared
2026-09-07 14:29:32,183 - utils.alert_system - INFO - Alert cleared
2026-09-07 14:29:32,263 - utils.alert_system - INFO - Alert cleared
2026-09-07 14:29:32,343 - utils.alert_system - INFO - Alert cleared
2026-09-07 14:29:32,416 - utils.alert_system - INFO - Alert cleared
2026-09-07 14:29:32,506 - utils.alert_system - INFO - Alert cleared
2026-09-07 14:29:32,593 - utils.alert_system - INFO - Alert cleared
2026-09-07 14:29:32,673 - utils.alert_system - INFO - Alert cleared
2026-09-07 14:29:32,757 - utils.alert_system - INFO - Alert cleared
2026-09-07 14:29:32,830 - utils.alert_system - INFO - Alert cleared
2026-09-07 14:29:32,903 - utils.alert_system - INFO - Alert cleared
2026-09-07 14:29:32,987 - utils.alert_system - INFO - Alert cleared
2026-09-07 14:29:33,064 - utils.alert_system - INFO - Alert cleared
2026-09-07 14:29:33,143 - utils.alert_system - INFO - Alert cleared
2026-09-07 14:29:33,223 - utils.alert_system - INFO - Alert cleared
2026-09-07 14:29:33,294 - utils.alert_system - INFO - Alert cleared
2026-09-07 14:29:33,373 - utils.alert_system - INFO - Alert cleared
2026-09-07 14:29:33,453 - utils.alert_system - INFO - Alert cleared
2026-09-07 14:29:33,530 - utils.alert_system - INFO - Alert cleared
2026-09-07 14:29:33,608 - utils.alert_system - INFO - Alert cleared
2026-09-07 14:29:33,687 - utils.alert_system - INFO - Alert cleared
2026-09-07 14:29:33,766 - utils.alert_system - INFO - Alert cleared
2026-09-07 14:29:33,845 - utils.alert_system - INFO - Alert cleared
2026-09-07 14:29:33,925 - utils.alert_system - INFO - Alert cleared
2026-09-07 14:29:34,003 - utils.alert_system - INFO - Alert cleared
2026-09-07 14:29:34,083 - utils.alert_system - INFO - Alert cleared
2026-09-07 14:29:34,163 - utils.alert_system - INFO - Alert cleared
2026-09-07 14:29:34,245 - utils.alert_system - INFO - Alert cleared
2026-09-07 14:29:34,323 - utils.alert_system - INFO - Alert cleared
2026-09-07 14:29:34,402 - utils.alert_system - INFO - Alert cleared
2026-09-07 14:29:34,476 - utils.alert_system - INFO - Alert cleared
2026-09-07 14:29:34,556 - utils.alert_system - INFO - Alert cleared
2026-09-07 14:29:34,635 - utils.alert_system - INFO - Alert cleared
2026-09-07 14:29:34,713 - utils.alert_system - INFO - Alert cleared
2026-09-07 14:29:34,793 - utils.alert_system - INFO - Alert cleared
2026-09-07 14:29:34,873 - utils.alert_system - INFO - Alert cleared
2026-09-07 14:29:34,953 - utils.alert_system - INFO - Alert cleared
2026-09-07 14:29:35,027 - utils.alert_system - INFO - Alert cleared
2026-09-07 14:29:35,106 - utils.alert_system - INFO - Alert cleared
2026-09-07 14:29:35,185 - utils.alert_system - INFO - Alert cleared
2026-09-07 14:29:35,264 - utils.alert_system - INFO - Alert cleared
2026-09-07 14:29:35,345 - utils.alert_system - INFO - Alert cleared
2026-09-07 14:29:35,422 - utils.alert_system - INFO - Alert cleared
2026-09-07 14:29:35,499 - utils.alert_system - INFO - Alert cleared
2026-09-07 14:29:35,578 - utils.alert_system - INFO - Alert cleared
2026-09-07 14:29:35,663 - utils.alert_system - INFO - Alert cleared
2026-09-07 14:29:35,736 - utils.alert_system - INFO - Alert cleared
2026-09-07 14:29:35,817 - utils.alert_system - INFO - Alert cleared
2026-09-07 14:29:35,891 - utils.alert_system - INFO - Alert cleared
2026-09-07 14:29:35,973 - utils.alert_system - INFO - Alert cleared
2026-09-07 14:29:36,052 - utils.alert_system - INFO - Alert cleared
2026-09-07 14:29:36,132 - utils.alert_system - INFO - Alert cleared
2026-09-07 14:29:36,213 - utils.alert_system - INFO - Alert cleared
2026-09-07 14:29:36,287 - utils.alert_system - INFO - Alert cleared
2026-09-07 14:29:36,367 - utils.alert_system - INFO - Alert cleared
2026-09-07 14:29:36,444 - utils.alert_system - INFO - Alert cleared
2026-09-07 14:29:36,523 - utils.alert_system - INFO - Alert cleared
2026-09-07 14:29:36,602 - utils.alert_system - INFO - Alert cleared
2026-09-07 14:29:36,683 - utils.alert_system - INFO - Alert cleared
2026-09-07 14:29:36,763 - utils.alert_system - INFO - Alert cleared
2026-09-07 14:29:36,843 - utils.alert_system - INFO - Alert cleared
2026-09-07 14:29:36,923 - utils.alert_system - INFO - Alert cleared
2026-09-07 14:29:36,996 - utils.alert_system - INFO - Alert cleared
2026-09-07 14:29:37,076 - utils.alert_system - INFO - Alert cleared
2026-09-07 14:29:37,153 - utils.alert_system - INFO - Alert cleared
2026-09-07 14:29:37,240 - utils.alert_system - INFO - Alert cleared
2026-09-07 14:29:37,313 - utils.alert_system - INFO - Alert cleared
2026-09-07 14:29:37,393 - utils.alert_system - INFO - Alert cleared
2026-09-07 14:29:37,468 - utils.alert_system - INFO - Alert cleared
2026-09-07 14:29:37,548 - utils.alert_system - INFO - Alert cleared
2026-09-07 14:29:37,626 - utils.alert_system - INFO - Alert cleared
2026-09-07 14:29:37,704 - utils.alert_system - INFO - Alert cleared
2026-09-07 14:29:37,784 - utils.alert_system - INFO - Alert cleared
2026-09-07 14:29:37,863 - utils.alert_system - INFO - Alert cleared
2026-09-07 14:29:37,943 - utils.alert_system - INFO - Alert cleared
2026-09-07 14:29:38,013 - utils.alert_system - INFO - Alert cleared
2026-09-07 14:29:38,093 - utils.alert_system - INFO - Alert cleared
2026-09-07 14:29:38,181 - utils.alert_system - INFO - Alert cleared
2026-09-07 14:29:38,257 - utils.alert_system - INFO - Alert cleared
2026-09-07 14:29:38,336 - utils.alert_system - INFO - Alert cleared
2026-09-07 14:29:38,413 - utils.alert_system - INFO - Alert cleared
2026-09-07 14:29:38,493 - utils.alert_system - INFO - Alert cleared
2026-09-07 14:29:38,563 - utils.alert_system - INFO - Alert cleared
2026-09-07 14:29:38,642 - utils.alert_system - INFO - Alert cleared
2026-09-07 14:29:38,714 - utils.alert_system - INFO - Alert cleared
2026-09-07 14:29:38,797 - utils.alert_system - INFO - Alert cleared
2026-09-07 14:29:38,883 - utils.alert_system - INFO - Alert cleared
2026-09-07 14:29:38,952 - utils.alert_system - INFO - Alert cleared
2026-09-07 14:29:39,033 - utils.alert_system - INFO - Alert cleared
2026-09-07 14:29:39,107 - utils.alert_system - INFO - Alert cleared
2026-09-07 14:29:39,187 - utils.alert_system - INFO - Alert cleared
2026-09-07 14:29:39,257 - utils.alert_system - INFO - Alert cleared
2026-09-07 14:29:39,328 - utils.alert_system - INFO - Alert cleared
2026-09-07 14:29:39,408 - utils.alert_system - INFO - Alert cleared
2026-09-07 14:29:39,487 - utils.alert_system - INFO - Alert cleared
2026-09-07 14:29:39,565 - utils.alert_system - INFO - Alert cleared
2026-09-07 14:29:39,644 - utils.alert_system - INFO - Alert cleared
2026-09-07 14:29:39,724 - utils.alert_system - INFO - Alert cleared
2026-09-07 14:29:39,803 - utils.alert_system - INFO - Alert cleared
2026-09-07 14:29:39,883 - utils.alert_system - INFO - Alert cleared
2026-09-07 14:29:39,963 - utils.alert_system - INFO - Alert cleared
2026-09-07 14:29:40,043 - utils.alert_system - INFO - Alert cleared
2026-09-07 14:29:40,118 - utils.alert_system - INFO - Alert cleared
2026-09-07 14:29:40,196 - utils.alert_system - INFO - Alert cleared
2026-09-07 14:29:40,274 - utils.alert_system - INFO - Alert cleared
2026-09-07 14:29:40,362 - utils.alert_system - INFO - Alert cleared
2026-09-07 14:29:40,433 - utils.alert_system - INFO - Alert cleared
2026-09-07 14:29:40,513 - utils.alert_system - INFO - Alert cleared
2026-09-07 14:29:40,593 - utils.alert_system - INFO - Alert cleared
2026-09-07 14:29:40,669 - utils.alert_system - INFO - Alert cleared
2026-09-07 14:29:40,746 - utils.alert_system - INFO - Alert cleared
2026-09-07 14:29:40,824 - utils.alert_system - INFO - Alert cleared
2026-09-07 14:29:40,904 - utils.alert_system - INFO - Alert cleared
2026-09-07 14:29:40,983 - utils.alert_system - INFO - Alert cleared
2026-09-07 14:29:41,068 - utils.alert_system - INFO - Alert cleared
2026-09-07 14:29:41,140 - utils.alert_system - INFO - Alert cleared
2026-09-07 14:29:41,220 - utils.alert_system - INFO - Alert cleared
2026-09-07 14:29:41,300 - utils.alert_system - INFO - Alert cleared
2026-09-07 14:29:41,384 - utils.alert_system - INFO - Alert cleared
2026-09-07 14:29:41,463 - utils.alert_system - INFO - Alert cleared
2026-09-07 14:29:41,537 - utils.alert_system - INFO - Alert cleared
2026-09-07 14:29:41,616 - utils.alert_system - INFO - Alert cleared
2026-09-07 14:29:41,688 - utils.alert_system - INFO - Alert cleared
2026-09-07 14:29:41,758 - utils.alert_system - INFO - Alert cleared
2026-09-07 14:29:41,836 - utils.alert_system - INFO - Alert cleared
2026-09-07 14:29:41,914 - utils.alert_system - INFO - Alert cleared
2026-09-07 14:29:41,990 - utils.alert_system - INFO - Alert cleared
2026-09-07 14:29:42,073 - utils.alert_system - INFO - Alert cleared
2026-09-07 14:29:42,153 - utils.alert_system - INFO - Alert cleared
2026-09-07 14:29:42,233 - utils.alert_system - INFO - Alert cleared
2026-09-07 14:29:42,313 - utils.alert_system - INFO - Alert cleared
2026-09-07 14:29:42,386 - utils.alert_system - INFO - Alert cleared
2026-09-07 14:29:42,466 - utils.alert_system - INFO - Alert cleared
2026-09-07 14:29:42,553 - utils.alert_system - INFO - Alert cleared
2026-09-07 14:29:42,623 - utils.alert_system - INFO - Alert cleared
2026-09-07 14:29:42,703 - utils.alert_system - INFO - Alert cleared
2026-09-07 14:29:42,782 - utils.alert_system - INFO - Alert cleared
2026-09-07 14:29:42,864 - utils.alert_system - INFO - Alert cleared
2026-09-07 14:29:42,939 - utils.alert_system - INFO - Alert cleared
2026-09-07 14:29:43,003 - utils.alert_system - INFO - Alert cleared
2026-09-07 14:29:43,086 - utils.alert_system - INFO - Alert cleared
2026-09-07 14:29:43,166 - utils.alert_system - INFO - Alert cleared
2026-09-07 14:29:43,244 - utils.alert_system - INFO - Alert cleared
2026-09-07 14:29:43,322 - utils.alert_system - INFO - Alert cleared
2026-09-07 14:29:43,401 - utils.alert_system - INFO - Alert cleared
2026-09-07 14:29:43,483 - utils.alert_system - INFO - Alert cleared
2026-09-07 14:29:43,558 - utils.alert_system - INFO - Alert cleared
2026-09-07 14:29:43,637 - utils.alert_system - INFO - Alert cleared
2026-09-07 14:29:43,717 - utils.alert_system - INFO - Alert cleared
2026-09-07 14:29:43,793 - utils.alert_system - INFO - Alert cleared
2026-09-07 14:29:43,874 - utils.alert_system - INFO - Alert cleared
2026-09-07 14:29:43,955 - utils.alert_system - INFO - Alert cleared
2026-09-07 14:29:44,033 - utils.alert_system - INFO - Alert cleared
2026-09-07 14:29:44,119 - utils.alert_system - INFO - Alert cleared
2026-09-07 14:29:44,200 - utils.alert_system - INFO - Alert cleared
2026-09-07 14:29:44,267 - utils.alert_system - INFO - Alert cleared
2026-09-07 14:29:44,346 - utils.alert_system - INFO - Alert cleared
2026-09-07 14:29:44,433 - utils.alert_system - INFO - Alert cleared
2026-09-07 14:29:44,503 - utils.alert_system - INFO - Alert cleared
2026-09-07 14:29:44,583 - utils.alert_system - INFO - Alert cleared
2026-09-07 14:29:44,663 - utils.alert_system - INFO - Alert cleared
2026-09-07 14:29:44,736 - utils.alert_system - INFO - Alert cleared
2026-09-07 14:29:44,817 - utils.alert_system - INFO - Alert cleared
2026-09-07 14:29:44,896 - utils.alert_system - INFO - Alert cleared
2026-09-07 14:29:44,978 - utils.alert_system - INFO - Alert cleared
2026-09-07 14:29:45,054 - utils.alert_system - INFO - Alert cleared
2026-09-07 14:29:45,131 - utils.alert_system - INFO - Alert cleared
2026-09-07 14:29:45,210 - utils.alert_system - INFO - Alert cleared
2026-09-07 14:29:45,293 - utils.alert_system - INFO - Alert cleared
2026-09-07 14:29:45,367 - utils.alert_system - INFO - Alert cleared
2026-09-07 14:29:45,447 - utils.alert_system - INFO - Alert cleared
2026-09-07 14:29:45,524 - utils.alert_system - INFO - Alert cleared
2026-09-07 14:29:45,603 - utils.alert_system - INFO - Alert cleared
2026-09-07 14:29:45,683 - utils.alert_system - INFO - Alert cleared
2026-09-07 14:29:45,763 - utils.alert_system - INFO - Alert cleared
2026-09-07 14:29:45,843 - utils.alert_system - INFO - Alert cleared
2026-09-07 14:29:45,922 - utils.alert_system - INFO - Alert cleared
2026-09-07 14:29:46,015 - utils.alert_system - INFO - Alert cleared
2026-09-07 14:29:46,093 - utils.alert_system - INFO - Alert cleared
2026-09-07 14:29:46,173 - utils.alert_system - INFO - Alert cleared
2026-09-07 14:29:46,247 - utils.alert_system - INFO - Alert cleared
2026-09-07 14:29:46,324 - utils.alert_system - INFO - Alert cleared
2026-09-07 14:29:46,403 - utils.alert_system - INFO - Alert cleared
2026-09-07 14:29:46,483 - utils.alert_system - INFO - Alert cleared
2026-09-07 14:29:46,562 - utils.alert_system - INFO - Alert cleared
2026-09-07 14:29:46,639 - utils.alert_system - INFO - Alert cleared
2026-09-07 14:29:46,718 - utils.alert_system - INFO - Alert cleared
2026-09-07 14:29:46,793 - utils.alert_system - INFO - Alert cleared
2026-09-07 14:29:46,877 - utils.alert_system - INFO - Alert cleared
2026-09-07 14:29:46,956 - utils.alert_system - INFO - Alert cleared
2026-09-07 14:29:47,037 - utils.alert_system - WARNING - Alert: WARNING | Distance: 16.2m | TTC: 1.9s
2026-09-07 14:29:47,547 - utils.alert_system - INFO - Alert cleared
2026-09-07 14:29:47,613 - utils.alert_system - INFO - Alert cleared
2026-09-07 14:29:47,853 - utils.alert_system - WARNING - Alert: DANGER | Distance: 14.9m | TTC: 1.8s
2026-09-07 14:29:47,926 - utils.alert_system - WARNING - Alert: DANGER | Distance: 14.6m | TTC: 1.8s
2026-09-07 14:29:48,069 - utils.alert_system - INFO - Alert cleared
2026-09-07 14:29:48,158 - utils.alert_system - WARNING - Alert: DANGER | Distance: 5.4m | TTC: 0.6s
2026-09-07 14:29:48,274 - utils.alert_system - INFO - Alert cleared
2026-09-07 14:29:48,363 - utils.alert_system - INFO - Alert cleared
2026-09-07 14:29:48,452 - utils.alert_system - INFO - Alert cleared
2026-09-07 14:29:48,533 - utils.alert_system - INFO - Alert cleared
2026-09-07 14:29:48,605 - utils.alert_system - INFO - Alert cleared
2026-09-07 14:29:48,684 - utils.alert_system - INFO - Alert cleared
2026-09-07 14:29:48,763 - utils.alert_system - INFO - Alert cleared
2026-09-07 14:29:48,843 - utils.alert_system - WARNING - Alert: DANGER | Distance: 13.3m | TTC: 1.6s
2026-09-07 14:29:48,923 - utils.alert_system - WARNING - Alert: DANGER | Distance: 12.2m | TTC: 1.5s
2026-09-07 14:29:49,003 - utils.alert_system - WARNING - Alert: DANGER | Distance: 10.9m | TTC: 1.3s
2026-09-07 14:29:49,083 - utils.alert_system - WARNING - Alert: DANGER | Distance: 9.8m | TTC: 1.2s
2026-09-07 14:29:49,171 - utils.alert_system - INFO - Alert cleared
2026-09-07 14:29:49,253 - utils.alert_system - WARNING - Alert: DANGER | Distance: 8.6m | TTC: 1.0s
2026-09-07 14:29:49,328 - utils.alert_system - WARNING - Alert: DANGER | Distance: 8.2m | TTC: 1.0s
2026-09-07 14:29:49,473 - utils.alert_system - INFO - Alert cleared
2026-09-07 14:29:49,553 - utils.alert_system - WARNING - Alert: DANGER | Distance: 7.8m | TTC: 0.9s
2026-09-07 14:29:49,661 - utils.alert_system - INFO - Alert cleared
2026-09-07 14:29:49,743 - utils.alert_system - WARNING - Alert: DANGER | Distance: 7.6m | TTC: 0.9s
2026-09-07 14:29:49,850 - utils.alert_system - INFO - Alert cleared
2026-09-07 14:29:49,929 - utils.alert_system - INFO - Alert cleared
2026-09-07 14:29:50,003 - utils.alert_system - INFO - Alert cleared
2026-09-07 14:29:50,092 - utils.alert_system - INFO - Alert cleared
2026-09-07 14:29:50,183 - utils.alert_system - INFO - Alert cleared
2026-09-07 14:29:50,276 - utils.alert_system - INFO - Alert cleared
2026-09-07 14:29:50,355 - utils.alert_system - INFO - Alert cleared
2026-09-07 14:29:50,434 - utils.alert_system - INFO - Alert cleared
2026-09-07 14:29:50,513 - utils.alert_system - INFO - Alert cleared
2026-09-07 14:29:50,592 - utils.alert_system - INFO - Alert cleared
2026-09-07 14:29:50,673 - utils.alert_system - INFO - Alert cleared
2026-09-07 14:29:50,753 - utils.alert_system - INFO - Alert cleared
2026-09-07 14:29:50,827 - utils.alert_system - INFO - Alert cleared
2026-09-07 14:29:50,906 - utils.alert_system - INFO - Alert cleared
2026-09-07 14:29:50,984 - utils.alert_system - INFO - Alert cleared
2026-09-07 14:29:51,064 - utils.alert_system - INFO - Alert cleared
2026-09-07 14:29:51,142 - utils.alert_system - INFO - Alert cleared
2026-09-07 14:29:51,223 - utils.alert_system - INFO - Alert cleared
2026-09-07 14:29:51,293 - utils.alert_system - INFO - Alert cleared
2026-09-07 14:29:51,373 - utils.alert_system - INFO - Alert cleared
2026-09-07 14:29:51,453 - utils.alert_system - INFO - Alert cleared
2026-09-07 14:29:51,533 - utils.alert_system - INFO - Alert cleared
2026-09-07 14:29:51,614 - utils.alert_system - INFO - Alert cleared
2026-09-07 14:29:51,694 - utils.alert_system - INFO - Alert cleared
2026-09-07 14:29:51,773 - utils.alert_system - INFO - Alert cleared
2026-09-07 14:29:51,853 - utils.alert_system - INFO - Alert cleared
2026-09-07 14:29:51,933 - utils.alert_system - INFO - Alert cleared
2026-09-07 14:29:52,013 - utils.alert_system - INFO - Alert cleared
2026-09-07 14:29:52,093 - utils.alert_system - INFO - Alert cleared
2026-09-07 14:29:52,173 - utils.alert_system - INFO - Alert cleared
2026-09-07 14:29:52,247 - utils.alert_system - INFO - Alert cleared
2026-09-07 14:29:52,325 - utils.alert_system - INFO - Alert cleared
2026-09-07 14:29:52,404 - utils.alert_system - INFO - Alert cleared
2026-09-07 14:29:52,484 - utils.alert_system - INFO - Alert cleared
2026-09-07 14:29:52,563 - utils.alert_system - INFO - Alert cleared
2026-09-07 14:29:52,642 - utils.alert_system - INFO - Alert cleared
2026-09-07 14:29:52,723 - utils.alert_system - INFO - Alert cleared
2026-09-07 14:29:52,803 - utils.alert_system - INFO - Alert cleared
2026-09-07 14:29:52,878 - utils.alert_system - INFO - Alert cleared
2026-09-07 14:29:52,961 - utils.alert_system - INFO - Alert cleared
2026-09-07 14:29:53,033 - utils.alert_system - INFO - Alert cleared
2026-09-07 14:29:53,106 - utils.alert_system - INFO - Alert cleared
2026-09-07 14:29:53,185 - utils.alert_system - INFO - Alert cleared
2026-09-07 14:29:53,263 - utils.alert_system - INFO - Alert cleared
2026-09-07 14:29:53,354 - utils.alert_system - INFO - Alert cleared
2026-09-07 14:29:53,437 - utils.alert_system - INFO - Alert cleared
2026-09-07 14:29:53,516 - utils.alert_system - INFO - Alert cleared
2026-09-07 14:29:53,595 - utils.alert_system - INFO - Alert cleared
2026-09-07 14:29:53,674 - utils.alert_system - INFO - Alert cleared
2026-09-07 14:29:53,753 - utils.alert_system - INFO - Alert cleared
2026-09-07 14:29:53,832 - utils.alert_system - INFO - Alert cleared
2026-09-07 14:29:53,913 - utils.alert_system - INFO - Alert cleared
2026-09-07 14:29:53,993 - utils.alert_system - INFO - Alert cleared
2026-09-07 14:29:54,067 - utils.alert_system - INFO - Alert cleared
2026-09-07 14:29:54,142 - utils.alert_system - INFO - Alert cleared
2026-09-07 14:29:54,224 - utils.alert_system - INFO - Alert cleared
2026-09-07 14:29:54,303 - utils.alert_system - INFO - Alert cleared
2026-09-07 14:29:54,382 - utils.alert_system - INFO - Alert cleared
2026-09-07 14:29:54,453 - utils.alert_system - INFO - Alert cleared
2026-09-07 14:29:54,542 - utils.alert_system - INFO - Alert cleared
2026-09-07 14:29:54,618 - utils.alert_system - INFO - Alert cleared
2026-09-07 14:29:54,697 - utils.alert_system - INFO - Alert cleared
2026-09-07 14:29:54,776 - utils.alert_system - INFO - Alert cleared
2026-09-07 14:29:54,855 - utils.alert_system - INFO - Alert cleared
2026-09-07 14:29:54,933 - utils.alert_system - INFO - Alert cleared
2026-09-07 14:29:55,013 - utils.alert_system - INFO - Alert cleared
2026-09-07 14:29:55,093 - utils.alert_system - INFO - Alert cleared
2026-09-07 14:29:55,166 - utils.alert_system - INFO - Alert cleared
2026-09-07 14:29:55,244 - utils.alert_system - INFO - Alert cleared
2026-09-07 14:29:55,326 - utils.alert_system - INFO - Alert cleared
2026-09-07 14:29:55,408 - utils.alert_system - INFO - Alert cleared
2026-09-07 14:29:55,483 - utils.alert_system - INFO - Alert cleared
2026-09-07 14:29:55,562 - utils.alert_system - INFO - Alert cleared
2026-09-07 14:29:55,643 - utils.alert_system - INFO - Alert cleared
2026-09-07 14:29:55,713 - utils.alert_system - INFO - Alert cleared
2026-09-07 14:29:55,795 - utils.alert_system - INFO - Alert cleared
2026-09-07 14:29:55,874 - utils.alert_system - INFO - Alert cleared
2026-09-07 14:29:55,952 - utils.alert_system - INFO - Alert cleared
2026-09-07 14:29:56,033 - utils.alert_system - INFO - Alert cleared
2026-09-07 14:29:56,113 - utils.alert_system - INFO - Alert cleared
2026-09-07 14:29:56,193 - utils.alert_system - INFO - Alert cleared
2026-09-07 14:29:56,272 - utils.alert_system - INFO - Alert cleared
2026-09-07 14:29:56,353 - utils.alert_system - INFO - Alert cleared
2026-09-07 14:29:56,433 - utils.alert_system - INFO - Alert cleared
2026-09-07 14:29:56,523 - utils.alert_system - INFO - Alert cleared
2026-09-07 14:29:56,597 - utils.alert_system - INFO - Alert cleared
2026-09-07 14:29:56,674 - utils.alert_system - INFO - Alert cleared
2026-09-07 14:29:56,755 - utils.alert_system - INFO - Alert cleared
2026-09-07 14:29:56,823 - utils.alert_system - INFO - Alert cleared
2026-09-07 14:29:56,913 - utils.alert_system - INFO - Alert cleared
2026-09-07 14:29:56,993 - utils.alert_system - INFO - Alert cleared
2026-09-07 14:29:57,073 - utils.alert_system - INFO - Alert cleared
2026-09-07 14:29:57,153 - utils.alert_system - INFO - Alert cleared
2026-09-07 14:29:57,227 - utils.alert_system - INFO - Alert cleared
2026-09-07 14:29:57,306 - utils.alert_system - INFO - Alert cleared
2026-09-07 14:29:57,386 - utils.alert_system - INFO - Alert cleared
2026-09-07 14:29:57,464 - utils.alert_system - INFO - Alert cleared
2026-09-07 14:29:57,543 - utils.alert_system - INFO - Alert cleared
2026-09-07 14:29:57,623 - utils.alert_system - INFO - Alert cleared
2026-09-07 14:29:57,702 - utils.alert_system - INFO - Alert cleared
2026-09-07 14:29:57,778 - utils.alert_system - INFO - Alert cleared
2026-09-07 14:29:57,857 - utils.alert_system - INFO - Alert cleared
2026-09-07 14:29:57,937 - utils.alert_system - INFO - Alert cleared
2026-09-07 14:29:58,016 - utils.alert_system - INFO - Alert cleared
2026-09-07 14:29:58,095 - utils.alert_system - INFO - Alert cleared
2026-09-07 14:29:58,174 - utils.alert_system - INFO - Alert cleared
2026-09-07 14:29:58,253 - utils.alert_system - INFO - Alert cleared
2026-09-07 14:29:58,323 - utils.alert_system - INFO - Alert cleared
2026-09-07 14:29:58,413 - utils.alert_system - INFO - Alert cleared
2026-09-07 14:29:58,493 - utils.alert_system - INFO - Alert cleared
2026-09-07 14:29:58,573 - utils.alert_system - INFO - Alert cleared
2026-09-07 14:29:58,644 - utils.alert_system - INFO - Alert cleared
2026-09-07 14:29:58,724 - utils.alert_system - INFO - Alert cleared
2026-09-07 14:29:58,803 - utils.alert_system - INFO - Alert cleared
2026-09-07 14:29:58,883 - utils.alert_system - INFO - Alert cleared
2026-09-07 14:29:58,962 - utils.alert_system - INFO - Alert cleared
2026-09-07 14:29:59,036 - utils.alert_system - INFO - Alert cleared
2026-09-07 14:29:59,093 - utils.alert_system - INFO - Alert cleared
2026-09-07 14:29:59,173 - utils.alert_system - INFO - Alert cleared
2026-09-07 14:29:59,261 - utils.alert_system - INFO - Alert cleared
2026-09-07 14:29:59,342 - utils.alert_system - INFO - Alert cleared
2026-09-07 14:29:59,423 - utils.alert_system - INFO - Alert cleared
2026-09-07 14:29:59,495 - utils.alert_system - INFO - Alert cleared
2026-09-07 14:29:59,576 - utils.alert_system - INFO - Alert cleared
2026-09-07 14:29:59,654 - utils.alert_system - INFO - Alert cleared
2026-09-07 14:29:59,733 - utils.alert_system - INFO - Alert cleared
2026-09-07 14:29:59,812 - utils.alert_system - INFO - Alert cleared
2026-09-07 14:29:59,893 - utils.alert_system - INFO - Alert cleared
2026-09-07 14:29:59,967 - utils.alert_system - INFO - Alert cleared
2026-09-07 14:30:00,047 - utils.alert_system - INFO - Alert cleared
2026-09-07 14:30:00,126 - utils.alert_system - INFO - Alert cleared
2026-09-07 14:30:00,205 - utils.alert_system - INFO - Alert cleared
2026-09-07 14:30:00,287 - utils.alert_system - INFO - Alert cleared
2026-09-07 14:30:00,369 - utils.alert_system - INFO - Alert cleared
2026-09-07 14:30:00,433 - utils.alert_system - INFO - Alert cleared
2026-09-07 14:30:00,503 - utils.alert_system - INFO - Alert cleared
2026-09-07 14:30:00,593 - utils.alert_system - INFO - Alert cleared
2026-09-07 14:30:00,666 - utils.alert_system - INFO - Alert cleared
2026-09-07 14:30:00,733 - utils.alert_system - INFO - Alert cleared
2026-09-07 14:30:00,810 - utils.alert_system - INFO - Alert cleared
2026-09-07 14:30:00,886 - utils.alert_system - INFO - Alert cleared
2026-09-07 14:30:00,966 - utils.alert_system - INFO - Alert cleared
2026-09-07 14:30:01,033 - utils.alert_system - INFO - Alert cleared
2026-09-07 14:30:01,109 - utils.alert_system - INFO - Alert cleared
2026-09-07 14:30:01,184 - utils.alert_system - INFO - Alert cleared
2026-09-07 14:30:01,261 - utils.alert_system - INFO - Alert cleared
2026-09-07 14:30:01,340 - utils.alert_system - INFO - Alert cleared
2026-09-07 14:30:01,419 - utils.alert_system - INFO - Alert cleared
2026-09-07 14:30:01,497 - utils.alert_system - INFO - Alert cleared
2026-09-07 14:30:01,576 - utils.alert_system - INFO - Alert cleared
2026-09-07 14:30:01,655 - utils.alert_system - INFO - Alert cleared
2026-09-07 14:30:01,733 - utils.alert_system - INFO - Alert cleared
2026-09-07 14:30:01,813 - utils.alert_system - INFO - Alert cleared
2026-09-07 14:30:01,883 - utils.alert_system - INFO - Alert cleared
2026-09-07 14:30:01,956 - utils.alert_system - INFO - Alert cleared
2026-09-07 14:30:02,034 - utils.alert_system - INFO - Alert cleared
2026-09-07 14:30:02,115 - utils.alert_system - INFO - Alert cleared
2026-09-07 14:30:02,193 - utils.alert_system - INFO - Alert cleared
2026-09-07 14:30:02,270 - utils.alert_system - INFO - Alert cleared
2026-09-07 14:30:02,349 - utils.alert_system - INFO - Alert cleared
2026-09-07 14:30:02,423 - utils.alert_system - INFO - Alert cleared
2026-09-07 14:30:02,507 - utils.alert_system - INFO - Alert cleared
2026-09-07 14:30:02,586 - utils.alert_system - INFO - Alert cleared
2026-09-07 14:30:02,667 - utils.alert_system - INFO - Alert cleared
2026-09-07 14:30:02,743 - utils.alert_system - INFO - Alert cleared
2026-09-07 14:30:02,823 - utils.alert_system - INFO - Alert cleared
2026-09-07 14:30:02,921 - utils.alert_system - INFO - Alert cleared
2026-09-07 14:30:03,030 - utils.alert_system - INFO - Alert cleared
2026-09-07 14:30:03,116 - utils.alert_system - INFO - Alert cleared
2026-09-07 14:30:03,205 - utils.alert_system - INFO - Alert cleared
2026-09-07 14:30:03,285 - utils.alert_system - INFO - Alert cleared
2026-09-07 14:30:03,370 - utils.alert_system - INFO - Alert cleared
2026-09-07 14:30:03,459 - utils.alert_system - INFO - Alert cleared
2026-09-07 14:30:03,543 - utils.alert_system - INFO - Alert cleared
2026-09-07 14:30:03,629 - utils.alert_system - INFO - Alert cleared
2026-09-07 14:30:03,704 - utils.alert_system - INFO - Alert cleared
2026-09-07 14:30:03,784 - utils.alert_system - INFO - Alert cleared
2026-09-07 14:30:03,864 - utils.alert_system - INFO - Alert cleared
2026-09-07 14:30:03,941 - utils.alert_system - INFO - Alert cleared
2026-09-07 14:30:04,020 - utils.alert_system - INFO - Alert cleared
2026-09-07 14:30:04,093 - utils.alert_system - INFO - Alert cleared
2026-09-07 14:30:04,176 - utils.alert_system - INFO - Alert cleared
2026-09-07 14:30:04,253 - utils.alert_system - INFO - Alert cleared
2026-09-07 14:30:04,332 - utils.alert_system - INFO - Alert cleared
2026-09-07 14:30:04,405 - utils.alert_system - INFO - Alert cleared
2026-09-07 14:30:04,483 - utils.alert_system - INFO - Alert cleared
2026-09-07 14:30:04,560 - utils.alert_system - INFO - Alert cleared
2026-09-07 14:30:04,635 - utils.alert_system - INFO - Alert cleared
2026-09-07 14:30:04,705 - utils.alert_system - INFO - Alert cleared
2026-09-07 14:30:04,774 - utils.alert_system - INFO - Alert cleared
2026-09-07 14:30:04,850 - utils.alert_system - INFO - Alert cleared
2026-09-07 14:30:04,926 - utils.alert_system - INFO - Alert cleared
2026-09-07 14:30:05,005 - utils.alert_system - INFO - Alert cleared
2026-09-07 14:30:05,075 - utils.alert_system - INFO - Alert cleared
2026-09-07 14:30:05,151 - utils.alert_system - INFO - Alert cleared
2026-09-07 14:30:05,229 - utils.alert_system - INFO - Alert cleared
2026-09-07 14:30:05,306 - utils.alert_system - INFO - Alert cleared
2026-09-07 14:30:05,383 - utils.alert_system - INFO - Alert cleared
2026-09-07 14:30:05,468 - utils.alert_system - INFO - Alert cleared
2026-09-07 14:30:05,546 - utils.alert_system - INFO - Alert cleared
2026-09-07 14:30:05,619 - utils.alert_system - INFO - Alert cleared
2026-09-07 14:30:05,695 - utils.alert_system - INFO - Alert cleared
2026-09-07 14:30:05,769 - utils.alert_system - INFO - Alert cleared
2026-09-07 14:30:05,845 - utils.alert_system - INFO - Alert cleared
2026-09-07 14:30:05,926 - utils.alert_system - INFO - Alert cleared
2026-09-07 14:30:06,002 - utils.alert_system - INFO - Alert cleared
2026-09-07 14:30:06,084 - utils.alert_system - INFO - Alert cleared
2026-09-07 14:30:06,155 - utils.alert_system - INFO - Alert cleared
2026-09-07 14:30:06,233 - utils.alert_system - INFO - Alert cleared
2026-09-07 14:30:06,307 - utils.alert_system - INFO - Alert cleared
2026-09-07 14:30:06,384 - utils.alert_system - INFO - Alert cleared
2026-09-07 14:30:06,469 - utils.alert_system - INFO - Alert cleared
2026-09-07 14:30:06,540 - utils.alert_system - INFO - Alert cleared
2026-09-07 14:30:06,612 - utils.alert_system - INFO - Alert cleared
2026-09-07 14:30:06,689 - utils.alert_system - INFO - Alert cleared
2026-09-07 14:30:06,765 - utils.alert_system - INFO - Alert cleared
2026-09-07 14:30:06,835 - utils.alert_system - INFO - Alert cleared
2026-09-07 14:30:06,909 - utils.alert_system - INFO - Alert cleared
2026-09-07 14:30:06,983 - utils.alert_system - INFO - Alert cleared
2026-09-07 14:30:07,061 - utils.alert_system - INFO - Alert cleared
2026-09-07 14:30:07,130 - utils.alert_system - INFO - Alert cleared
2026-09-07 14:30:07,207 - utils.alert_system - INFO - Alert cleared
2026-09-07 14:30:07,285 - utils.alert_system - INFO - Alert cleared
2026-09-07 14:30:07,359 - utils.alert_system - INFO - Alert cleared
2026-09-07 14:30:07,434 - utils.alert_system - INFO - Alert cleared
2026-09-07 14:30:07,505 - utils.alert_system - INFO - Alert cleared
2026-09-07 14:30:07,582 - utils.alert_system - INFO - Alert cleared
2026-09-07 14:30:07,659 - utils.alert_system - INFO - Alert cleared
2026-09-07 14:30:07,735 - utils.alert_system - INFO - Alert cleared
2026-09-07 14:30:07,806 - utils.alert_system - INFO - Alert cleared
2026-09-07 14:30:07,884 - utils.alert_system - INFO - Alert cleared
2026-09-07 14:30:07,958 - utils.alert_system - INFO - Alert cleared
2026-09-07 14:30:08,030 - utils.alert_system - INFO - Alert cleared
2026-09-07 14:30:08,107 - utils.alert_system - INFO - Alert cleared
2026-09-07 14:30:08,184 - utils.alert_system - INFO - Alert cleared
2026-09-07 14:30:08,263 - utils.alert_system - INFO - Alert cleared
2026-09-07 14:30:08,346 - utils.alert_system - INFO - Alert cleared
2026-09-07 14:30:08,424 - utils.alert_system - INFO - Alert cleared
2026-09-07 14:30:08,495 - utils.alert_system - INFO - Alert cleared
2026-09-07 14:30:08,572 - utils.alert_system - INFO - Alert cleared
2026-09-07 14:30:08,641 - utils.alert_system - INFO - Alert cleared
2026-09-07 14:30:08,713 - utils.alert_system - INFO - Alert cleared
2026-09-07 14:30:08,793 - utils.alert_system - INFO - Alert cleared
2026-09-07 14:30:08,873 - utils.alert_system - INFO - Alert cleared
2026-09-07 14:30:08,951 - utils.alert_system - INFO - Alert cleared
2026-09-07 14:30:09,029 - utils.alert_system - INFO - Alert cleared
2026-09-07 14:30:09,107 - utils.alert_system - INFO - Alert cleared
2026-09-07 14:30:09,181 - utils.alert_system - INFO - Alert cleared
2026-09-07 14:30:09,257 - utils.alert_system - INFO - Alert cleared
2026-09-07 14:30:09,325 - utils.alert_system - INFO - Alert cleared
2026-09-07 14:30:09,397 - utils.alert_system - INFO - Alert cleared
2026-09-07 14:30:09,474 - utils.alert_system - INFO - Alert cleared
2026-09-07 14:30:09,554 - utils.alert_system - INFO - Alert cleared
2026-09-07 14:30:09,628 - utils.alert_system - INFO - Alert cleared
2026-09-07 14:30:09,694 - utils.alert_system - INFO - Alert cleared
2026-09-07 14:30:09,775 - utils.alert_system - INFO - Alert cleared
2026-09-07 14:30:09,851 - utils.alert_system - INFO - Alert cleared
2026-09-07 14:30:09,924 - utils.alert_system - INFO - Alert cleared
2026-09-07 14:30:09,996 - utils.alert_system - INFO - Alert cleared
2026-09-07 14:30:10,075 - utils.alert_system - INFO - Alert cleared
2026-09-07 14:30:10,153 - utils.alert_system - INFO - Alert cleared
2026-09-07 14:30:10,230 - utils.alert_system - INFO - Alert cleared
2026-09-07 14:30:10,310 - utils.alert_system - INFO - Alert cleared
2026-09-07 14:30:10,383 - utils.alert_system - INFO - Alert cleared
2026-09-07 14:30:10,459 - utils.alert_system - INFO - Alert cleared
2026-09-07 14:30:10,542 - utils.alert_system - INFO - Alert cleared
2026-09-07 14:30:10,623 - utils.alert_system - INFO - Alert cleared
2026-09-07 14:30:10,696 - utils.alert_system - INFO - Alert cleared
2026-09-07 14:30:10,775 - utils.alert_system - INFO - Alert cleared
2026-09-07 14:30:10,852 - utils.alert_system - INFO - Alert cleared
2026-09-07 14:30:10,925 - utils.alert_system - INFO - Alert cleared
2026-09-07 14:30:11,000 - utils.alert_system - INFO - Alert cleared
2026-09-07 14:30:11,076 - utils.alert_system - INFO - Alert cleared
2026-09-07 14:30:11,150 - utils.alert_system - INFO - Alert cleared
2026-09-07 14:30:11,229 - utils.alert_system - INFO - Alert cleared
2026-09-07 14:30:11,309 - utils.alert_system - INFO - Alert cleared
2026-09-07 14:30:11,383 - utils.alert_system - INFO - Alert cleared
2026-09-07 14:30:11,458 - utils.alert_system - INFO - Alert cleared
2026-09-07 14:30:11,527 - utils.alert_system - INFO - Alert cleared
2026-09-07 14:30:11,606 - utils.alert_system - INFO - Alert cleared
2026-09-07 14:30:11,679 - utils.alert_system - INFO - Alert cleared
2026-09-07 14:30:11,757 - utils.alert_system - INFO - Alert cleared
2026-09-07 14:30:11,828 - utils.alert_system - INFO - Alert cleared
2026-09-07 14:30:11,909 - utils.alert_system - INFO - Alert cleared
2026-09-07 14:30:11,980 - utils.alert_system - INFO - Alert cleared
2026-09-07 14:30:12,054 - utils.alert_system - INFO - Alert cleared
2026-09-07 14:30:12,134 - utils.alert_system - INFO - Alert cleared
2026-09-07 14:30:12,210 - utils.alert_system - INFO - Alert cleared
2026-09-07 14:30:12,280 - utils.alert_system - INFO - Alert cleared
2026-09-07 14:30:12,355 - utils.alert_system - INFO - Alert cleared
2026-09-07 14:30:12,427 - utils.alert_system - INFO - Alert cleared
2026-09-07 14:30:12,504 - utils.alert_system - INFO - Alert cleared
2026-09-07 14:30:12,578 - utils.alert_system - INFO - Alert cleared
2026-09-07 14:30:12,655 - utils.alert_system - INFO - Alert cleared
2026-09-07 14:30:12,729 - utils.alert_system - INFO - Alert cleared
2026-09-07 14:30:12,799 - utils.alert_system - INFO - Alert cleared
2026-09-07 14:30:12,868 - utils.alert_system - INFO - Alert cleared
2026-09-07 14:30:12,945 - utils.alert_system - INFO - Alert cleared
2026-09-07 14:30:13,024 - utils.alert_system - INFO - Alert cleared
2026-09-07 14:30:13,095 - utils.alert_system - INFO - Alert cleared
2026-09-07 14:30:13,179 - utils.alert_system - INFO - Alert cleared
2026-09-07 14:30:13,255 - utils.alert_system - INFO - Alert cleared
2026-09-07 14:30:13,335 - utils.alert_system - INFO - Alert cleared
2026-09-07 14:30:13,419 - utils.alert_system - INFO - Alert cleared
2026-09-07 14:30:13,488 - utils.alert_system - INFO - Alert cleared
2026-09-07 14:30:13,570 - utils.alert_system - INFO - Alert cleared
2026-09-07 14:30:13,644 - utils.alert_system - INFO - Alert cleared
2026-09-07 14:30:13,724 - utils.alert_system - INFO - Alert cleared
2026-09-07 14:30:13,806 - utils.alert_system - INFO - Alert cleared
2026-09-07 14:30:13,884 - utils.alert_system - INFO - Alert cleared
2026-09-07 14:30:13,961 - utils.alert_system - INFO - Alert cleared
2026-09-07 14:30:14,035 - utils.alert_system - INFO - Alert cleared
2026-09-07 14:30:14,110 - utils.alert_system - INFO - Alert cleared
2026-09-07 14:30:14,186 - utils.alert_system - INFO - Alert cleared
2026-09-07 14:30:14,270 - utils.alert_system - INFO - Alert cleared
2026-09-07 14:30:14,346 - utils.alert_system - INFO - Alert cleared
2026-09-07 14:30:14,414 - utils.alert_system - INFO - Alert cleared
2026-09-07 14:30:14,486 - utils.alert_system - INFO - Alert cleared
2026-09-07 14:30:14,570 - utils.alert_system - INFO - Alert cleared
2026-09-07 14:30:14,647 - utils.alert_system - INFO - Alert cleared
2026-09-07 14:30:14,724 - utils.alert_system - INFO - Alert cleared
2026-09-07 14:30:14,801 - utils.alert_system - INFO - Alert cleared
2026-09-07 14:30:14,885 - utils.alert_system - INFO - Alert cleared
2026-09-07 14:30:14,965 - utils.alert_system - INFO - Alert cleared
2026-09-07 14:30:15,041 - utils.alert_system - INFO - Alert cleared
2026-09-07 14:30:15,118 - utils.alert_system - INFO - Alert cleared
2026-09-07 14:30:15,189 - utils.alert_system - INFO - Alert cleared
2026-09-07 14:30:15,263 - utils.alert_system - INFO - Alert cleared
2026-09-07 14:30:15,337 - utils.alert_system - INFO - Alert cleared
2026-09-07 14:30:15,413 - utils.alert_system - INFO - Alert cleared
2026-09-07 14:30:15,497 - utils.alert_system - INFO - Alert cleared
2026-09-07 14:30:15,566 - utils.alert_system - INFO - Alert cleared
2026-09-07 14:30:15,637 - utils.alert_system - INFO - Alert cleared
2026-09-07 14:30:15,715 - utils.alert_system - INFO - Alert cleared
2026-09-07 14:30:15,789 - utils.alert_system - INFO - Alert cleared
2026-09-07 14:30:15,863 - utils.alert_system - INFO - Alert cleared
2026-09-07 14:30:15,933 - utils.alert_system - INFO - Alert cleared
2026-09-07 14:30:16,001 - utils.alert_system - INFO - Alert cleared
2026-09-07 14:30:16,080 - utils.alert_system - INFO - Alert cleared
2026-09-07 14:30:16,152 - utils.alert_system - INFO - Alert cleared
2026-09-07 14:30:16,232 - utils.alert_system - INFO - Alert cleared
2026-09-07 14:30:16,304 - utils.alert_system - INFO - Alert cleared
2026-09-07 14:30:16,379 - utils.alert_system - INFO - Alert cleared
2026-09-07 14:30:16,461 - utils.alert_system - INFO - Alert cleared
2026-09-07 14:30:16,536 - utils.alert_system - INFO - Alert cleared
2026-09-07 14:30:16,614 - utils.alert_system - INFO - Alert cleared
2026-09-07 14:30:16,696 - utils.alert_system - INFO - Alert cleared
2026-09-07 14:30:16,774 - utils.alert_system - INFO - Alert cleared
2026-09-07 14:30:16,842 - utils.alert_system - INFO - Alert cleared
2026-09-07 14:30:16,909 - utils.alert_system - INFO - Alert cleared
2026-09-07 14:30:16,988 - utils.alert_system - INFO - Alert cleared
2026-09-07 14:30:17,068 - utils.alert_system - INFO - Alert cleared
2026-09-07 14:30:17,146 - utils.alert_system - INFO - Alert cleared
2026-09-07 14:30:17,218 - utils.alert_system - INFO - Alert cleared
2026-09-07 14:30:17,298 - utils.alert_system - INFO - Alert cleared
2026-09-07 14:30:17,376 - utils.alert_system - INFO - Alert cleared
2026-09-07 14:30:17,454 - utils.alert_system - INFO - Alert cleared
2026-09-07 14:30:17,529 - utils.alert_system - INFO - Alert cleared
2026-09-07 14:30:17,603 - utils.alert_system - INFO - Alert cleared
2026-09-07 14:30:17,687 - utils.alert_system - INFO - Alert cleared
2026-09-07 14:30:17,754 - utils.alert_system - INFO - Alert cleared
2026-09-07 14:30:17,831 - utils.alert_system - INFO - Alert cleared
2026-09-07 14:30:17,909 - utils.alert_system - INFO - Alert cleared
2026-09-07 14:30:17,988 - utils.alert_system - INFO - Alert cleared
2026-09-07 14:30:18,069 - utils.alert_system - INFO - Alert cleared
2026-09-07 14:30:18,147 - utils.alert_system - INFO - Alert cleared
2026-09-07 14:30:18,213 - utils.alert_system - INFO - Alert cleared
2026-09-07 14:30:18,291 - utils.alert_system - INFO - Alert cleared
2026-09-07 14:30:18,373 - utils.alert_system - INFO - Alert cleared
2026-09-07 14:30:18,450 - utils.alert_system - INFO - Alert cleared
2026-09-07 14:30:18,519 - utils.alert_system - INFO - Alert cleared
2026-09-07 14:30:18,593 - utils.alert_system - INFO - Alert cleared
2026-09-07 14:30:18,673 - utils.alert_system - INFO - Alert cleared
2026-09-07 14:30:18,753 - utils.alert_system - INFO - Alert cleared
2026-09-07 14:30:18,821 - utils.alert_system - INFO - Alert cleared
2026-09-07 14:30:18,893 - utils.alert_system - INFO - Alert cleared
2026-09-07 14:30:18,971 - utils.alert_system - INFO - Alert cleared
2026-09-07 14:30:19,057 - utils.alert_system - INFO - Alert cleared
2026-09-07 14:30:19,140 - utils.alert_system - INFO - Alert cleared
2026-09-07 14:30:19,207 - utils.alert_system - INFO - Alert cleared
2026-09-07 14:30:19,212 - __main__ - INFO - End of video stream
2026-09-07 14:30:19,212 - __main__ - INFO - Cleaning up...
2026-09-07 14:30:19,219 - utils.alert_system - INFO - Alert cleared
2026-09-07 14:30:19,219 - utils.alert_system - INFO - Alert system cleaned up
2026-09-07 14:30:19,219 - utils.speed_monitor - INFO - Stopped speed monitoring
2026-09-07 14:30:19,219 - __main__ - INFO - ==================================================
2026-09-07 14:30:19,219 - __main__ - INFO - Session Summary:
2026-09-07 14:30:19,219 - __main__ - INFO - ==================================================
2026-09-07 14:30:19,219 - __main__ - INFO -   session_id: 20260907_142904
2026-09-07 14:30:19,219 - __main__ - INFO -   duration: 74.74776864051819
2026-09-07 14:30:19,219 - __main__ - INFO -   total_frames: 930
2026-09-07 14:30:19,219 - __main__ - INFO -   total_detections: 14
2026-09-07 14:30:19,219 - __main__ - INFO -   alerts_triggered: 0
2026-09-07 14:30:19,220 - __main__ - INFO -   average_speed: 30.0
2026-09-07 14:30:19,220 - __main__ - INFO -   top_detected: [('cow', 13), ('dog', 1)]
2026-09-07 14:30:19,221 - utils.data_logger - INFO - Session saved: 20260907_142904
2026-09-07 14:30:19,221 - utils.data_logger - INFO -   Frames: 930
2026-09-07 14:30:19,221 - utils.data_logger - INFO -   Detections: 14
2026-09-07 14:30:19,221 - utils.data_logger - INFO -   Alerts: 0
2026-09-07 14:30:19,229 - __main__ - INFO - Cleanup complete
